{"leftPaddleY":0.5250322833467757,"rightPaddleY":0.9518674823188416,"ballX":0.4688635576835178,"ballY":0.7912948200913799}
