{"leftPaddleY":0.415291233912553,"rightPaddleY":0.3180037692086703,"ballX":0.07150238208081956,"ballY":0.4375133485462444}
