{"leftPaddleY":0.45277267148344436,"rightPaddleY":0.6702650594893065,"ballX":0.404891156990355,"ballY":0.6758098366388146}
