{"leftPaddleY":0.8337422472584375,"rightPaddleY":0.4515518841127583,"ballX":0.6393600944036494,"ballY":0.5209888926979893}
