{"leftPaddleY":0.8008165795948449,"rightPaddleY":0.25026721526612355,"ballX":0.33822915375886314,"ballY":0.5315391414932478}
