{"leftPaddleY":0.28296425283727256,"rightPaddleY":0.4672397010096767,"ballX":0.5265621821137241,"ballY":0.7532836207456955}
