{"leftPaddleY":0.20813818248998758,"rightPaddleY":0.6039847939670568,"ballX":0.6829665910886179,"ballY":0.7640307752366586}
