{"leftPaddleY":0.8520572142539063,"rightPaddleY":0.44156255550861656,"ballX":0.947634441125486,"ballY":0.003690287709452499}
