{"leftPaddleY":0.2774217556889855,"rightPaddleY":0.13569412245825574,"ballX":0.8250456591435582,"ballY":0.06357146046820455}
