{"leftPaddleY":0.06723585628293463,"rightPaddleY":0.4827039591769906,"ballX":0.8375396035238454,"ballY":0.22743967503186954}
