{"leftPaddleY":0.8063833129416743,"rightPaddleY":0.028808389677505437,"ballX":0.21594648763388583,"ballY":0.18397925317286484}
