{"leftPaddleY":0.14188307579989787,"rightPaddleY":0.9129776838409757,"ballX":0.9071752414178176,"ballY":0.903167432758932}
