{"leftPaddleY":0.7151086329646779,"rightPaddleY":0.765766216647995,"ballX":0.6821690482666768,"ballY":0.2861066249154995}
