{"leftPaddleY":0.6334478285371091,"rightPaddleY":0.538192162842063,"ballX":0.6240868473936936,"ballY":0.046631360903517424}
