{"leftPaddleY":0.3706419678477734,"rightPaddleY":0.3412549763195559,"ballX":0.13690863766351571,"ballY":0.6717775948875598}
