{"leftPaddleY":0.9134384347939454,"rightPaddleY":0.5813339072698878,"ballX":0.7417446868145579,"ballY":0.4662055059993204}
