{"leftPaddleY":0.9603883793613782,"rightPaddleY":0.4391588144156418,"ballX":0.03910442476236006,"ballY":0.6399294323479772}
