{"leftPaddleY":0.04989695114158063,"rightPaddleY":0.2692408004510208,"ballX":0.5994367274555188,"ballY":0.904782738409944}
