{"leftPaddleY":0.5244373321822414,"rightPaddleY":0.6420020693667705,"ballX":0.03164222475657697,"ballY":0.4078540183212442}
