{"leftPaddleY":0.4324180629001088,"rightPaddleY":0.8419791219133854,"ballX":0.47172828535497335,"ballY":0.6337885601096731}
