{"leftPaddleY":0.7325365500879898,"rightPaddleY":0.9496895945137701,"ballX":0.907102506861127,"ballY":0.4845264830867768}
