{"leftPaddleY":0.8918994771450377,"rightPaddleY":0.6892649365654081,"ballX":0.5170940148386307,"ballY":0.6540720434493839}
