{"leftPaddleY":0.761498240225571,"rightPaddleY":0.2725188736080504,"ballX":0.9297597499625215,"ballY":0.9376349066802241}
