{"leftPaddleY":0.44440103769681377,"rightPaddleY":0.6775411499077583,"ballX":0.02503777968262465,"ballY":0.874110525938315}
