{"leftPaddleY":0.7199362929631914,"rightPaddleY":0.036135699572660884,"ballX":0.2602285956456081,"ballY":0.3415368979656531}
