{"leftPaddleY":0.7271203496425456,"rightPaddleY":0.6634011863537318,"ballX":0.7728913405446657,"ballY":0.3520054856608666}
