{"leftPaddleY":0.13379518850460068,"rightPaddleY":0.4876677519361067,"ballX":0.20884617316913298,"ballY":0.4632170138683065}
