{"leftPaddleY":0.4188480428748152,"rightPaddleY":0.5472670952569176,"ballX":0.5692200706135273,"ballY":0.7422589291442337}
