{"leftPaddleY":0.1939054783297794,"rightPaddleY":0.36132525000114424,"ballX":0.22799313374958122,"ballY":0.9751332171304337}
