{"leftPaddleY":0.7564988894637027,"rightPaddleY":0.8726537017505273,"ballX":0.3208243869955486,"ballY":0.002721850106494974}
