{"leftPaddleY":0.18455787618175434,"rightPaddleY":0.14002806686462374,"ballX":0.13482279853936796,"ballY":0.6504370447222311}
