{"leftPaddleY":0.15995301439930112,"rightPaddleY":0.8585147235940287,"ballX":0.8850995009692049,"ballY":0.3279537452126213}
