{"leftPaddleY":0.16364235329492183,"rightPaddleY":0.7496298354902964,"ballX":0.8288563369851244,"ballY":0.7222042319713531}
