{"leftPaddleY":0.060584264653983026,"rightPaddleY":0.7753101718999538,"ballX":0.7940579801415932,"ballY":0.010657839415557126}
