{"leftPaddleY":0.8079277408177751,"rightPaddleY":0.641506986774423,"ballX":0.9533596908809577,"ballY":0.7457394003429658}
