{"leftPaddleY":0.4451690585936695,"rightPaddleY":0.8832465535422733,"ballX":0.8954991489144397,"ballY":0.6316055316309643}
