{"leftPaddleY":0.24064864805406996,"rightPaddleY":0.4757953745728717,"ballX":0.9324166463343008,"ballY":0.4038345104093014}
