{"leftPaddleY":0.5758087430203445,"rightPaddleY":0.5709026670377015,"ballX":0.7608736845737921,"ballY":0.879557089043239}
