{"leftPaddleY":0.8866136806973327,"rightPaddleY":0.712893116908069,"ballX":0.8203302918623961,"ballY":0.7646576728565262}
