{"leftPaddleY":0.31761091318067247,"rightPaddleY":0.6104427434854173,"ballX":0.7176104589217456,"ballY":0.7805791825267753}
