{"leftPaddleY":0.03243931599792773,"rightPaddleY":0.8290761503692481,"ballX":0.48515960440558137,"ballY":0.3591734373598212}
