{"leftPaddleY":0.39612253379438117,"rightPaddleY":0.6925192664912022,"ballX":0.006769137698924677,"ballY":0.4679891951056028}
