{"leftPaddleY":0.044913531359601126,"rightPaddleY":0.12021539799077645,"ballX":0.8506962868365718,"ballY":0.36037408862962106}
