{"leftPaddleY":0.2582542831476168,"rightPaddleY":0.3298115833493329,"ballX":0.9557167494022998,"ballY":0.6806761106703153}
