{"leftPaddleY":0.9276238218065407,"rightPaddleY":0.8749258922863795,"ballX":0.17004826619678642,"ballY":0.48352522728038433}
