{"leftPaddleY":0.09712149254588011,"rightPaddleY":0.43565267446415,"ballX":0.3837684973216425,"ballY":0.6579413494043505}
