{"leftPaddleY":0.15080713951805208,"rightPaddleY":0.6984814533741851,"ballX":0.7438530605049838,"ballY":0.6687052499378491}
