{"leftPaddleY":0.6857544479548768,"rightPaddleY":0.8500962038349072,"ballX":0.857287437000278,"ballY":0.04516864827399378}
