{"leftPaddleY":0.5945822176995803,"rightPaddleY":0.5378678091372799,"ballX":0.36579636162358287,"ballY":0.5188266618833965}
