{"leftPaddleY":0.14239318903225007,"rightPaddleY":0.5539336472950932,"ballX":0.7064496053988908,"ballY":0.16866353411378932}
