{"leftPaddleY":0.4513225328802227,"rightPaddleY":0.14646996019749087,"ballX":0.10658663269806311,"ballY":0.01633016989977932}
