{"leftPaddleY":0.8181561413299124,"rightPaddleY":0.6602183282640236,"ballX":0.28932822187214563,"ballY":0.09294935621433759}
