{"leftPaddleY":0.9912554463809846,"rightPaddleY":0.997519985936849,"ballX":0.08157728902648191,"ballY":0.9868904303773806}
