{"leftPaddleY":0.7117896232071258,"rightPaddleY":0.29317347190967763,"ballX":0.3417090341611112,"ballY":0.31498379228691287}
