{"leftPaddleY":0.1431254157654062,"rightPaddleY":0.31188975884522946,"ballX":0.06984015450432406,"ballY":0.5480367577715254}
