{"leftPaddleY":0.9454616415559355,"rightPaddleY":0.31243378555242635,"ballX":0.7417500722230163,"ballY":0.9347626942716027}
