{"leftPaddleY":0.7412412998447769,"rightPaddleY":0.8996239705548591,"ballX":0.6101482595862489,"ballY":0.14334092869903184}
