{"leftPaddleY":0.585610501389649,"rightPaddleY":0.4409003154313241,"ballX":0.7458299928819548,"ballY":0.9566167690653294}
