{"leftPaddleY":0.5305985597899684,"rightPaddleY":0.5511015749475264,"ballX":0.9643317191327286,"ballY":0.07474301254862091}
