{"leftPaddleY":0.9572205751596988,"rightPaddleY":0.12171468759276542,"ballX":0.019771014464220707,"ballY":0.46789445745880504}
