{"leftPaddleY":0.9548604612864358,"rightPaddleY":0.7470805538845471,"ballX":0.807047914001908,"ballY":0.8850746341849003}
