{"leftPaddleY":0.77701513304514,"rightPaddleY":0.1282808857036512,"ballX":0.810513736075011,"ballY":0.6663511420411342}
