{"leftPaddleY":0.691908603015537,"rightPaddleY":0.10470155765203738,"ballX":0.6985723342715404,"ballY":0.4210776085773722}
