{"leftPaddleY":0.8382033791306255,"rightPaddleY":0.09426097518774147,"ballX":0.371607817171184,"ballY":0.7306753825973669}
