{"leftPaddleY":0.06497437858514656,"rightPaddleY":0.9749476444628955,"ballX":0.636969282658958,"ballY":0.07098266723937033}
