{"leftPaddleY":0.8607767956731402,"rightPaddleY":0.9843137433955845,"ballX":0.18028723489792134,"ballY":0.17790835959177886}
