{"leftPaddleY":0.01804901631263419,"rightPaddleY":0.32060219123512307,"ballX":0.19373146050014575,"ballY":0.11693569708391521}
