{"leftPaddleY":0.2980840079003355,"rightPaddleY":0.9576022617836539,"ballX":0.46083099545599554,"ballY":0.513097515672631}
