{"leftPaddleY":0.8379128689747146,"rightPaddleY":0.9304326853084194,"ballX":0.9410839906656797,"ballY":0.7750973333349029}
