{"leftPaddleY":0.894311463271348,"rightPaddleY":0.1131938971233446,"ballX":0.9103531711897226,"ballY":0.5757221289063099}
