{"leftPaddleY":0.9187331549738433,"rightPaddleY":0.33124920434050076,"ballX":0.5111976021068855,"ballY":0.9801264235293533}
