{"leftPaddleY":0.8766269380172259,"rightPaddleY":0.7442328208587045,"ballX":0.11553442068393094,"ballY":0.346574944579337}
