{"leftPaddleY":0.3882643259797431,"rightPaddleY":0.905956083235592,"ballX":0.3332861550367494,"ballY":0.5998779262984119}
