{"leftPaddleY":0.027913977530305573,"rightPaddleY":0.26448895721422694,"ballX":0.30982870730429724,"ballY":0.06233051588617755}
