{"leftPaddleY":0.45428750731904133,"rightPaddleY":0.29388580879637954,"ballX":0.8269370654377738,"ballY":0.4584777837935498}
