{"leftPaddleY":0.7120421475448128,"rightPaddleY":0.9541588094730521,"ballX":0.7298014147501493,"ballY":0.021678806632874945}
