{"leftPaddleY":0.8380759577098309,"rightPaddleY":0.34176559805927037,"ballX":0.7008641790929233,"ballY":0.6846426984233724}
