{"leftPaddleY":0.0482725818955597,"rightPaddleY":0.8320139381938899,"ballX":0.5117217337152143,"ballY":0.9892892909080131}
