{"leftPaddleY":0.2744159002910108,"rightPaddleY":0.7617471801971785,"ballX":0.2625516258397118,"ballY":0.7999938987884925}
