{"leftPaddleY":0.7262537789055996,"rightPaddleY":0.8047320250953846,"ballX":0.4962112751752879,"ballY":0.3588289402880929}
