{"leftPaddleY":0.5651497203362554,"rightPaddleY":0.3955612175274219,"ballX":0.4574558226779297,"ballY":0.14486002411924143}
