{"leftPaddleY":0.9696448842040714,"rightPaddleY":0.5596712202678907,"ballX":0.8799145397059146,"ballY":0.7169431409508173}
