{"leftPaddleY":0.8490237942802996,"rightPaddleY":0.653639821543507,"ballX":0.8469193788140378,"ballY":0.4808442414088308}
