{"leftPaddleY":0.691555816019014,"rightPaddleY":0.7417063640105469,"ballX":0.9079342648759579,"ballY":0.7624823357471608}
