{"leftPaddleY":0.6699748878042769,"rightPaddleY":0.43992563745784985,"ballX":0.5392527633282806,"ballY":0.362991426403021}
