{"leftPaddleY":0.5456111425366468,"rightPaddleY":0.6701778629180734,"ballX":0.7596269731185319,"ballY":0.12416818724116035}
