{"leftPaddleY":0.056444109822463284,"rightPaddleY":0.17889912677789688,"ballX":0.7218412478151084,"ballY":0.3179465985989796}
