{"leftPaddleY":0.10345029752001857,"rightPaddleY":0.5958334574258273,"ballX":0.11951775714807472,"ballY":0.3874181111456358}
