{"leftPaddleY":0.9859762037063186,"rightPaddleY":0.4560480855454603,"ballX":0.13048732530098245,"ballY":0.5833185251097102}
