{"leftPaddleY":0.7390951494863831,"rightPaddleY":0.34673406689630076,"ballX":0.6714850418204192,"ballY":0.1613389043128521}
