{"leftPaddleY":0.3508274584780561,"rightPaddleY":0.4807902348249476,"ballX":0.8575794878620597,"ballY":0.8673355535051569}
