{"leftPaddleY":0.9646293271809586,"rightPaddleY":0.6347961712476166,"ballX":0.2997503383595862,"ballY":0.18854899259398952}
