{"leftPaddleY":0.9074847059634303,"rightPaddleY":0.6722049966587761,"ballX":0.8604088721504506,"ballY":0.5041061018184437}
