{"leftPaddleY":0.8440193479896564,"rightPaddleY":0.4163130909076899,"ballX":0.31367066413955697,"ballY":0.041891122178973436}
