{"leftPaddleY":0.878976680805393,"rightPaddleY":0.33029284661496366,"ballX":0.8244043925585619,"ballY":0.6020148993026845}
