{"leftPaddleY":0.800960263519312,"rightPaddleY":0.868117445162848,"ballX":0.3775533471315051,"ballY":0.28370357390111756}
