{"leftPaddleY":0.853532934618763,"rightPaddleY":0.4835989764976236,"ballX":0.181067125306347,"ballY":0.5977278439495546}
