{"leftPaddleY":0.7031309365522752,"rightPaddleY":0.4579885795710106,"ballX":0.21422500634989317,"ballY":0.9401777021595448}
