{"leftPaddleY":0.059225293694761864,"rightPaddleY":0.27593765816127935,"ballX":0.9956815510917817,"ballY":0.6938818599352906}
