{"leftPaddleY":0.6218501140330012,"rightPaddleY":0.5231959981930794,"ballX":0.44159603025985056,"ballY":0.6796924671203252}
