{"leftPaddleY":0.7138567623418327,"rightPaddleY":0.7457775368412609,"ballX":0.01776165203306598,"ballY":0.49334803857053083}
