{"leftPaddleY":0.10622301783293076,"rightPaddleY":0.8462923116436091,"ballX":0.28178530409635527,"ballY":0.4357047710752012}
