{"leftPaddleY":0.192178567366949,"rightPaddleY":0.7369731720018506,"ballX":0.8624104286108248,"ballY":0.4755709591540828}
