{"leftPaddleY":0.010873101658463155,"rightPaddleY":0.22093008234272882,"ballX":0.3909472604759801,"ballY":0.9154505045930457}
