{"leftPaddleY":0.30328210089034574,"rightPaddleY":0.4724561747451151,"ballX":0.6692939906716644,"ballY":0.20375329913473456}
