{"leftPaddleY":0.5943496987070194,"rightPaddleY":0.9008442990881667,"ballX":0.8179510830701652,"ballY":0.3482547835717531}
