{"leftPaddleY":0.275437349014855,"rightPaddleY":0.9614001438839523,"ballX":0.9359985775361783,"ballY":0.9260112154081528}
