{"leftPaddleY":0.06398805471238678,"rightPaddleY":0.2573935138034177,"ballX":0.43228477677103266,"ballY":0.6356354035082854}
