{"leftPaddleY":0.879353773592651,"rightPaddleY":0.6375709368719589,"ballX":0.9994251065106995,"ballY":0.6221411963340551}
