{"leftPaddleY":0.5982863822554331,"rightPaddleY":0.1457957058411491,"ballX":0.8660496878706145,"ballY":0.6445666327474547}
