{"leftPaddleY":0.8063758248045443,"rightPaddleY":0.37940430963567806,"ballX":0.5457107414005765,"ballY":0.4874745297492447}
