{"leftPaddleY":0.9794422841836671,"rightPaddleY":0.5480855341949171,"ballX":0.17033114688809017,"ballY":0.11911065306466102}
