{"leftPaddleY":0.6299635363348024,"rightPaddleY":0.4052372458700704,"ballX":0.904828704797134,"ballY":0.9737071672239207}
