{"leftPaddleY":0.1907955617524435,"rightPaddleY":0.9961738273087413,"ballX":0.7805482597080267,"ballY":0.7256205204531853}
