{"leftPaddleY":0.953178398430245,"rightPaddleY":0.6875289466792486,"ballX":0.15720854756719213,"ballY":0.8881363748239519}
