{"leftPaddleY":0.7578591821130991,"rightPaddleY":0.4839686198337315,"ballX":0.11266412547392467,"ballY":0.7482641099720068}
