{"leftPaddleY":0.73141608937585,"rightPaddleY":0.16538756294381216,"ballX":0.328821480559286,"ballY":0.8200414069144942}
