{"leftPaddleY":0.306479026924553,"rightPaddleY":0.8417187034922248,"ballX":0.6779599925469525,"ballY":0.21339535429094617}
