{"leftPaddleY":0.9546507100582908,"rightPaddleY":0.8426639519326431,"ballX":0.83519595307628,"ballY":0.46565465524992516}
