{"leftPaddleY":0.1464706331067577,"rightPaddleY":0.37032192911526496,"ballX":0.7985693967383438,"ballY":0.6724964148863328}
