{"leftPaddleY":0.49251805889244477,"rightPaddleY":0.38253945359210384,"ballX":0.8611480752593952,"ballY":0.919896153477152}
