{"leftPaddleY":0.7607342929072193,"rightPaddleY":0.6516490154482028,"ballX":0.5589676416551255,"ballY":0.6348884566751938}
