{"leftPaddleY":0.09028478486048531,"rightPaddleY":0.4157591688891083,"ballX":0.9025063535880438,"ballY":0.2363999368099748}
