{"leftPaddleY":0.5877884165601365,"rightPaddleY":0.5138794515201566,"ballX":0.47722051923438863,"ballY":0.38366586976614414}
