{"leftPaddleY":0.8423688909525192,"rightPaddleY":0.7360658434005063,"ballX":0.9075134934319247,"ballY":0.5948260644721532}
