{"leftPaddleY":0.4788354868352571,"rightPaddleY":0.09032274885669266,"ballX":0.6957125685561985,"ballY":0.3647003782720337}
