{"leftPaddleY":0.2984435526161148,"rightPaddleY":0.8654315289758532,"ballX":0.24084952802228815,"ballY":0.5896475335194246}
