{"leftPaddleY":0.23239946911034132,"rightPaddleY":0.28184717672543347,"ballX":0.9022225133067772,"ballY":0.8288511420809068}
