{"leftPaddleY":0.05842422331556157,"rightPaddleY":0.4242103559970542,"ballX":0.0684186941196507,"ballY":0.7537608515151312}
