{"leftPaddleY":0.7037530649205717,"rightPaddleY":0.9418205137171626,"ballX":0.2160451768492842,"ballY":0.8870658828397568}
