{"leftPaddleY":0.998994070841982,"rightPaddleY":0.5923540919412466,"ballX":0.6036176622977706,"ballY":0.9068642048287956}
