{"leftPaddleY":0.07603427755428059,"rightPaddleY":0.36369816926938137,"ballX":0.5557987822186488,"ballY":0.9940074180288373}
