{"leftPaddleY":0.004311095543686383,"rightPaddleY":0.26293588037363314,"ballX":0.47223461824518065,"ballY":0.21984139893537738}
