{"leftPaddleY":0.6759614638590002,"rightPaddleY":0.7289132132153656,"ballX":0.6008315210090881,"ballY":0.9865931010701577}
