{"leftPaddleY":0.4221398148779157,"rightPaddleY":0.3757701202761126,"ballX":0.7101081273047574,"ballY":0.8698702859634795}
