{"leftPaddleY":0.4238712257748578,"rightPaddleY":0.603139878513609,"ballX":0.032575319133597326,"ballY":0.6088245042218465}
