{"leftPaddleY":0.7862763314422125,"rightPaddleY":0.2451417890909979,"ballX":0.34937633107091104,"ballY":0.4844192841270411}
