{"leftPaddleY":0.6953339056782388,"rightPaddleY":0.36253296473845886,"ballX":0.7080929253037158,"ballY":0.8032768003851655}
