{"leftPaddleY":0.29311752811795005,"rightPaddleY":0.8685461027490062,"ballX":0.13250093469721247,"ballY":0.6626088868645906}
