{"leftPaddleY":0.09257581971854574,"rightPaddleY":0.5238850238704095,"ballX":0.6741051736590172,"ballY":0.3875779377779495}
