{"leftPaddleY":0.45002274089516275,"rightPaddleY":0.4514972995090897,"ballX":0.9040036449622957,"ballY":0.7514647028974559}
