{"leftPaddleY":0.01153638170310441,"rightPaddleY":0.27498493411253616,"ballX":0.9703505148864126,"ballY":0.8978197788251677}
