{"leftPaddleY":0.44459128424583993,"rightPaddleY":0.040279121153745656,"ballX":0.5707891082703881,"ballY":0.46013099564282195}
