{"leftPaddleY":0.4930382906185333,"rightPaddleY":0.9853052052589225,"ballX":0.033194339005417656,"ballY":0.30906980619003516}
