{"leftPaddleY":0.9261959718818659,"rightPaddleY":0.5336188950909655,"ballX":0.6662899814635743,"ballY":0.6966161893365839}
