{"leftPaddleY":0.35128272233284424,"rightPaddleY":0.7628460385663492,"ballX":0.3920440149523136,"ballY":0.25538848200737047}
