{"leftPaddleY":0.7879237256602496,"rightPaddleY":0.8319300236014773,"ballX":0.9045700464783007,"ballY":0.3475423170452672}
