{"leftPaddleY":0.3025769620048024,"rightPaddleY":0.775322690627537,"ballX":0.5568355706867945,"ballY":0.9535996636075826}
