{"leftPaddleY":0.5487924136599528,"rightPaddleY":0.3487652131226808,"ballX":0.548684266502251,"ballY":0.020423137102978366}
