{"leftPaddleY":0.5365490007596394,"rightPaddleY":0.16192156194608467,"ballX":0.26247865475741444,"ballY":0.0712137042593511}
