{"leftPaddleY":0.939146180149082,"rightPaddleY":0.6401593696926662,"ballX":0.9331878431935063,"ballY":0.36883382446395474}
