{"leftPaddleY":0.5826461297684504,"rightPaddleY":0.9391878903395977,"ballX":0.320477290996419,"ballY":0.42197713216025273}
