{"leftPaddleY":0.36010817920125376,"rightPaddleY":0.11709211470963367,"ballX":0.15136966539422408,"ballY":0.8799608030235218}
