{"leftPaddleY":0.13919802767214526,"rightPaddleY":0.6817287814017311,"ballX":0.7352249709589141,"ballY":0.7268404551017654}
