{"leftPaddleY":0.5993920761881197,"rightPaddleY":0.7068631670603092,"ballX":0.5553598710879678,"ballY":0.45764812746267114}
