{"leftPaddleY":0.07986027796227647,"rightPaddleY":0.8741156570442282,"ballX":0.8804673068460678,"ballY":0.5250019133975719}
