{"leftPaddleY":0.9374758168508937,"rightPaddleY":0.17347266353217553,"ballX":0.3594575605774647,"ballY":0.6100124318416744}
