{"leftPaddleY":0.8335254123166476,"rightPaddleY":0.8409088150459556,"ballX":0.13240788962323935,"ballY":0.9123291996756242}
