{"leftPaddleY":0.17239202286993013,"rightPaddleY":0.6697469515618679,"ballX":0.24964667150231806,"ballY":0.6396864203101348}
