{"leftPaddleY":0.44902491612674683,"rightPaddleY":0.44935863953949284,"ballX":0.355917423262367,"ballY":0.26116442289028513}
