{"leftPaddleY":0.7563089725694211,"rightPaddleY":0.47907305751733004,"ballX":0.20122150021396717,"ballY":0.3500322202592723}
