{"leftPaddleY":0.6727807475750701,"rightPaddleY":0.4062436020084243,"ballX":0.11331951511399858,"ballY":0.1746485215703786}
