{"leftPaddleY":0.29201070672582063,"rightPaddleY":0.30273781421987334,"ballX":0.16966148504621817,"ballY":0.1687466970824326}
