{"leftPaddleY":0.8136043114860492,"rightPaddleY":0.517834203444053,"ballX":0.4249762786909789,"ballY":0.7202614992117997}
