{"leftPaddleY":0.19502518712425393,"rightPaddleY":0.5933907295885896,"ballX":0.02972627292907116,"ballY":0.5184402885063424}
