{"leftPaddleY":0.6651597346883374,"rightPaddleY":0.08942128658206824,"ballX":0.8143230658927404,"ballY":0.07051528409137763}
