{"leftPaddleY":0.18122932295488403,"rightPaddleY":0.4716559477439771,"ballX":0.2150394512114344,"ballY":0.28426275569242027}
