{"leftPaddleY":0.05399064555835526,"rightPaddleY":0.0041996927790269875,"ballX":0.1858464154141336,"ballY":0.8497818884937933}
