{"leftPaddleY":0.8004350538524315,"rightPaddleY":0.5219540096126122,"ballX":0.35581195046238984,"ballY":0.1770578938095455}
