{"leftPaddleY":0.05823243248172551,"rightPaddleY":0.41495545600946354,"ballX":0.029419449872876077,"ballY":0.22830068692240862}
