{"leftPaddleY":0.7442499306177808,"rightPaddleY":0.14013248190388733,"ballX":0.445494288278137,"ballY":0.9284323335170027}
