{"leftPaddleY":0.27850845351463804,"rightPaddleY":0.16840783233658282,"ballX":0.3827353096992111,"ballY":0.6643771358423746}
