{"leftPaddleY":0.5481608668983913,"rightPaddleY":0.25007919437903336,"ballX":0.6336772196748068,"ballY":0.6911070558565691}
