{"leftPaddleY":0.7426953456388016,"rightPaddleY":0.8333603356429442,"ballX":0.4673973239150147,"ballY":0.9753456019054678}
