{"leftPaddleY":0.9409436800029254,"rightPaddleY":0.5790747910717735,"ballX":0.958218214526091,"ballY":0.45403282183228527}
