{"leftPaddleY":0.13610801465985367,"rightPaddleY":0.9549923362303259,"ballX":0.3295457968321909,"ballY":0.9901948620906719}
