{"leftPaddleY":0.35912981003705724,"rightPaddleY":0.4770226182093156,"ballX":0.7495867427737949,"ballY":0.06402465723928882}
