{"leftPaddleY":0.8807341232149681,"rightPaddleY":0.718588635961891,"ballX":0.8257644147002472,"ballY":0.722964924493788}
