{"leftPaddleY":0.6009825899627963,"rightPaddleY":0.0738405656540657,"ballX":0.9565727531938392,"ballY":0.6938886093738698}
