{"leftPaddleY":0.20911373471430006,"rightPaddleY":0.8546300964796861,"ballX":0.7368272915385561,"ballY":0.862281855560423}
