{"leftPaddleY":0.3484445087428511,"rightPaddleY":0.03455741903907203,"ballX":0.3367781996780514,"ballY":0.5969098616421689}
