{"leftPaddleY":0.8418163606337595,"rightPaddleY":0.7706854169035195,"ballX":0.7444129120714906,"ballY":0.7484067108487023}
