{"leftPaddleY":0.3062404171116597,"rightPaddleY":0.11768766614689623,"ballX":0.14489521392484314,"ballY":0.6828595338471388}
