{"leftPaddleY":0.933168032978778,"rightPaddleY":0.6914711236559559,"ballX":0.19946433875242706,"ballY":0.1207945605376157}
