{"leftPaddleY":0.7133427629839962,"rightPaddleY":0.5047488792020741,"ballX":0.03834812219341051,"ballY":0.8983286393410989}
