{"leftPaddleY":0.044135385490891035,"rightPaddleY":0.6773538736707729,"ballX":0.7790770026158875,"ballY":0.6892764853161815}
