{"leftPaddleY":0.48932730653787015,"rightPaddleY":0.14939343857786047,"ballX":0.45218313791362347,"ballY":0.3703374670662866}
