{"leftPaddleY":0.7147291384536296,"rightPaddleY":0.9676895229059009,"ballX":0.9478825842206354,"ballY":0.04245292192414374}
