{"leftPaddleY":0.10227212551346015,"rightPaddleY":0.9821881739474303,"ballX":0.6636004352681637,"ballY":0.9633023212748831}
