{"leftPaddleY":0.5879457452958506,"rightPaddleY":0.7200986080095246,"ballX":0.3023993605802237,"ballY":0.8767503673562002}
