{"leftPaddleY":0.33906589724055053,"rightPaddleY":0.8772803296814345,"ballX":0.1654779674433031,"ballY":0.2141137916035532}
