{"leftPaddleY":0.9536005664846855,"rightPaddleY":0.997133936941321,"ballX":0.6211351015508435,"ballY":0.9574003189864491}
