{"leftPaddleY":0.11098821594761922,"rightPaddleY":0.10494283765519842,"ballX":0.3235150904064497,"ballY":0.7086858411083704}
