{"leftPaddleY":0.8918342608086295,"rightPaddleY":0.18484599018120831,"ballX":0.9843682259470579,"ballY":0.5993819034743257}
