{"leftPaddleY":0.4846315838385239,"rightPaddleY":0.9247161831389485,"ballX":0.7366377202293523,"ballY":0.971428064621311}
