{"leftPaddleY":0.817689085049792,"rightPaddleY":0.11369948737996119,"ballX":0.44134957585580137,"ballY":0.398179715718245}
