{"leftPaddleY":0.6117875564026427,"rightPaddleY":0.8408581355427367,"ballX":0.014282885302192346,"ballY":0.3949659046322708}
