{"leftPaddleY":0.8067723556128453,"rightPaddleY":0.6424183399409155,"ballX":0.7796264073165998,"ballY":0.7799333233167227}
