{"leftPaddleY":0.41290033733797527,"rightPaddleY":0.48479697565235624,"ballX":0.28839547183328357,"ballY":0.26095196678129057}
