{"leftPaddleY":0.17245530580581764,"rightPaddleY":0.20119725750070663,"ballX":0.2767464513023146,"ballY":0.8891287886678277}
