{"leftPaddleY":0.9186115085574159,"rightPaddleY":0.3074708047935722,"ballX":0.7611925765478382,"ballY":0.09357071720344261}
