{"leftPaddleY":0.7706782441626091,"rightPaddleY":0.6653943144245307,"ballX":0.9321540782479794,"ballY":0.3334522553772819}
