{"leftPaddleY":0.2828799666131256,"rightPaddleY":0.7738515070924246,"ballX":0.44498628855687694,"ballY":0.11764245662176454}
