{"leftPaddleY":0.42714067911568615,"rightPaddleY":0.5362693668604872,"ballX":0.40369904622471847,"ballY":0.7687979659612063}
