{"leftPaddleY":0.4374542394494517,"rightPaddleY":0.05753373929402047,"ballX":0.8413904094328238,"ballY":0.016791619118725645}
