{"leftPaddleY":0.7969851939838837,"rightPaddleY":0.7541492421891849,"ballX":0.7910862511138355,"ballY":0.630525158378734}
