{"leftPaddleY":0.30945827765229234,"rightPaddleY":0.884163744940975,"ballX":0.8310921844801431,"ballY":0.8062946471625695}
