{"leftPaddleY":0.8255982717906002,"rightPaddleY":0.4887148089647083,"ballX":0.7599159124100722,"ballY":0.47179533888527775}
