{"leftPaddleY":0.9020245122499435,"rightPaddleY":0.49120109040306725,"ballX":0.7003119115944687,"ballY":0.8107329218856263}
