{"leftPaddleY":0.06899894285948098,"rightPaddleY":0.09247329694162809,"ballX":0.05822689076131545,"ballY":0.27804731909207026}
