{"leftPaddleY":0.6257235243494392,"rightPaddleY":0.7151402158593358,"ballX":0.21551502960989624,"ballY":0.0904740962583361}
