{"leftPaddleY":0.8123683932661693,"rightPaddleY":0.7683274992581454,"ballX":0.48186327180880123,"ballY":0.8842295911578273}
