{"leftPaddleY":0.8120264596282631,"rightPaddleY":0.9734154032356966,"ballX":0.7068586968597517,"ballY":0.9658621097316835}
