{"leftPaddleY":0.05483651290169043,"rightPaddleY":0.7032074676911686,"ballX":0.41322417207799245,"ballY":0.8872785921004481}
