{"leftPaddleY":0.27519687090070427,"rightPaddleY":0.1023245893726131,"ballX":0.48681298741303686,"ballY":0.47256146500382035}
