{"leftPaddleY":0.33343742669099696,"rightPaddleY":0.44175841991489473,"ballX":0.14239542425592094,"ballY":0.6551001597812307}
