{"leftPaddleY":0.8943901341258398,"rightPaddleY":0.9800385890129072,"ballX":0.18839496269662537,"ballY":0.5406665236021033}
