{"leftPaddleY":0.579802199175299,"rightPaddleY":0.5583241515602365,"ballX":0.13727445827827994,"ballY":0.9808092605277111}
