{"leftPaddleY":0.9653814984170066,"rightPaddleY":0.16859615128962033,"ballX":0.8658868144789015,"ballY":0.8919190821792262}
