{"leftPaddleY":0.49463429857976676,"rightPaddleY":0.13533084315841176,"ballX":0.46402504161617586,"ballY":0.6675223750573435}
