{"leftPaddleY":0.06753918737815479,"rightPaddleY":0.36587227993548055,"ballX":0.8801107999217913,"ballY":0.5241834267151475}
