{"leftPaddleY":0.42673958363032716,"rightPaddleY":0.7854083316617823,"ballX":0.18337241162695697,"ballY":0.37250678302322093}
