{"leftPaddleY":0.1477905904981872,"rightPaddleY":0.8408000880925202,"ballX":0.8392173206346124,"ballY":0.4538988619893384}
