{"leftPaddleY":0.16879263509581813,"rightPaddleY":0.40731628623640637,"ballX":0.483418296281658,"ballY":0.4495543360395033}
