{"leftPaddleY":0.08781335891736716,"rightPaddleY":0.10197957146163304,"ballX":0.7097536130310207,"ballY":0.8180033102794978}
