{"leftPaddleY":0.6703412365346422,"rightPaddleY":0.35063650614033426,"ballX":0.6487446972748819,"ballY":0.931859164107642}
