{"leftPaddleY":0.3810950287487173,"rightPaddleY":0.9201560377369753,"ballX":0.692411929671016,"ballY":0.4052461537918012}
