{"leftPaddleY":0.018856173936744214,"rightPaddleY":0.02987385746975071,"ballX":0.9021282931869745,"ballY":0.3725196736701508}
