{"leftPaddleY":0.11921666623082236,"rightPaddleY":0.7336950649449069,"ballX":0.37913874029053846,"ballY":0.23274354393550964}
