{"leftPaddleY":0.40137509773465857,"rightPaddleY":0.8778300246031484,"ballX":0.3346196292509665,"ballY":0.7419187126047828}
