{"leftPaddleY":0.3150588916780423,"rightPaddleY":0.48001998415829483,"ballX":0.713699140965828,"ballY":0.04360922722779622}
