{"leftPaddleY":0.41218191020129324,"rightPaddleY":0.499287024094515,"ballX":0.84593823154236,"ballY":0.029946349721672372}
