{"leftPaddleY":0.9746184685937549,"rightPaddleY":0.9002703306711349,"ballX":0.0007442278006242668,"ballY":0.35433216151267677}
