{"leftPaddleY":0.9322242607618628,"rightPaddleY":0.2533192615992307,"ballX":0.19776030430559452,"ballY":0.17829500047463104}
