{"leftPaddleY":0.4289913435308059,"rightPaddleY":0.6415243631340132,"ballX":0.4534055509860279,"ballY":0.5677217526438793}
