{"leftPaddleY":0.07398521967255484,"rightPaddleY":0.47119145045857114,"ballX":0.27850799176370233,"ballY":0.6669984744192801}
