{"leftPaddleY":0.7979700532511644,"rightPaddleY":0.596927862359731,"ballX":0.49337034719385964,"ballY":0.4976275904898923}
