{"leftPaddleY":0.0009173082101729841,"rightPaddleY":0.18359517964597058,"ballX":0.33409466950292693,"ballY":0.9619876636696768}
