{"leftPaddleY":0.3151968229118014,"rightPaddleY":0.8489365943315459,"ballX":0.3929103342214504,"ballY":0.019986405062079163}
