{"leftPaddleY":0.7912840151936194,"rightPaddleY":0.38862458766817537,"ballX":0.18623082217649783,"ballY":0.3630881397982697}
