{"leftPaddleY":0.1109444083494865,"rightPaddleY":0.4408684007532987,"ballX":0.5841037751089336,"ballY":0.8916157840690142}
