{"leftPaddleY":0.432191598657256,"rightPaddleY":0.9837428017271435,"ballX":0.9223136875303405,"ballY":0.9499035967789117}
