{"leftPaddleY":0.7941332175431931,"rightPaddleY":0.5948024037910652,"ballX":0.6981444320136926,"ballY":0.21089747336529674}
