{"leftPaddleY":0.15348774517158245,"rightPaddleY":0.29371806395930194,"ballX":0.535853261703091,"ballY":0.023813939857387126}
