{"leftPaddleY":0.47153097191654436,"rightPaddleY":0.15164750305414745,"ballX":0.20908288740336908,"ballY":0.5805390055599391}
