{"leftPaddleY":0.689828366376984,"rightPaddleY":0.5300064844212357,"ballX":0.9471402318453229,"ballY":0.7427453877094311}
