{"leftPaddleY":0.7754927109696305,"rightPaddleY":0.13540480858456996,"ballX":0.5889393438588691,"ballY":0.9574021208026182}
