{"leftPaddleY":0.5388275118535458,"rightPaddleY":0.4071480757054177,"ballX":0.6241229857689119,"ballY":0.924666270570595}
