{"leftPaddleY":0.791779204449837,"rightPaddleY":0.47038971209604,"ballX":0.7778365616543531,"ballY":0.4944175206588017}
