{"leftPaddleY":0.8084313725491629,"rightPaddleY":0.18413067407432757,"ballX":0.4867035960517025,"ballY":0.7631531248994474}
