{"leftPaddleY":0.5031586820243298,"rightPaddleY":0.474378701126831,"ballX":0.9283303073534045,"ballY":0.5659723273025077}
