{"leftPaddleY":0.39321630997550844,"rightPaddleY":0.6857108218903958,"ballX":0.42316045091053667,"ballY":0.538882832515702}
