{"leftPaddleY":0.3824389384360311,"rightPaddleY":0.1323744521253218,"ballX":0.04316955430264892,"ballY":0.8923401727603711}
