{"leftPaddleY":0.41331677965404906,"rightPaddleY":0.34194645277914204,"ballX":0.1655375787060739,"ballY":0.8112959274267437}
