{"leftPaddleY":0.353562816659443,"rightPaddleY":0.16447759245107757,"ballX":0.7478557428820162,"ballY":0.8345893562999723}
