{"leftPaddleY":0.36098808680295424,"rightPaddleY":0.35508406129765874,"ballX":0.5366869788446207,"ballY":0.20408006438923673}
