{"leftPaddleY":0.5291544589434886,"rightPaddleY":0.07946380491027008,"ballX":0.569928081387743,"ballY":0.18418599488535575}
