{"leftPaddleY":0.5468275765478804,"rightPaddleY":0.5971459566704626,"ballX":0.5850295290029163,"ballY":0.39580796142536473}
