{"leftPaddleY":0.9201941342081812,"rightPaddleY":0.7472232458194722,"ballX":0.47827994503655474,"ballY":0.36343677220754045}
