{"leftPaddleY":0.11149053824019668,"rightPaddleY":0.029410119459760582,"ballX":0.9960973755581013,"ballY":0.49294974255041296}
