{"leftPaddleY":0.01085004321441405,"rightPaddleY":0.6340177811065899,"ballX":0.3299409994025299,"ballY":0.2543997858628204}
