{"leftPaddleY":0.9420794712195688,"rightPaddleY":0.6530105219872497,"ballX":0.3827641086901007,"ballY":0.36317932182078577}
