{"leftPaddleY":0.6166083551304299,"rightPaddleY":0.6154805126414894,"ballX":0.23993109848736613,"ballY":0.9786016953284349}
