{"leftPaddleY":0.33109010014019735,"rightPaddleY":0.7449572206551228,"ballX":0.37351988527733154,"ballY":0.6063219399761159}
