{"leftPaddleY":0.9522107487163939,"rightPaddleY":0.6457054945198082,"ballX":0.35270411856640194,"ballY":0.31394147479651296}
