{"leftPaddleY":0.44477491069172237,"rightPaddleY":0.255486483844725,"ballX":0.6737413059845532,"ballY":0.5419813999300921}
