{"leftPaddleY":0.24384729104681968,"rightPaddleY":0.8174528775324098,"ballX":0.9712374462368926,"ballY":0.38457837804063827}
