{"leftPaddleY":0.9057875193801769,"rightPaddleY":0.7276157821212499,"ballX":0.2631694697518297,"ballY":0.5056780732424112}
