{"leftPaddleY":0.8541429315579906,"rightPaddleY":0.69963285871115,"ballX":0.9412969668068562,"ballY":0.05154050549149055}
