{"leftPaddleY":0.7950372061060416,"rightPaddleY":0.5329883967397271,"ballX":0.981171844858162,"ballY":0.5479861764364508}
