{"leftPaddleY":0.6470791937119328,"rightPaddleY":0.6976157159794575,"ballX":0.8759785509665297,"ballY":0.9812868432439198}
