{"leftPaddleY":0.29248846097063425,"rightPaddleY":0.4635074246523255,"ballX":0.8316654481997428,"ballY":0.5912448630959122}
