{"leftPaddleY":0.20868453933910766,"rightPaddleY":0.3034175134477543,"ballX":0.8143082010012282,"ballY":0.2855012360234138}
