{"leftPaddleY":0.04562024256937857,"rightPaddleY":0.4146941889439594,"ballX":0.2797165179681049,"ballY":0.9452751501303434}
