{"leftPaddleY":0.6038230971470725,"rightPaddleY":0.997817653213151,"ballX":0.7448565629047419,"ballY":0.5878177261765122}
