{"leftPaddleY":0.9763844130372246,"rightPaddleY":0.9188531068733151,"ballX":0.6095417610847084,"ballY":0.8954122767936411}
