{"leftPaddleY":0.8182778943163282,"rightPaddleY":0.10004197671912009,"ballX":0.33919289952433745,"ballY":0.9609502961811309}
