{"leftPaddleY":0.9202630299262837,"rightPaddleY":0.39271290929223357,"ballX":0.9906144845322487,"ballY":0.861265516694856}
