{"leftPaddleY":0.23256827821460252,"rightPaddleY":0.3678464648842003,"ballX":0.7326716962148743,"ballY":0.7872699685317602}
