{"leftPaddleY":0.1947979093267794,"rightPaddleY":0.6518236849699124,"ballX":0.8440502891103377,"ballY":0.7724901386811163}
