{"leftPaddleY":0.8189739023155383,"rightPaddleY":0.3127737296633903,"ballX":0.06632799733522973,"ballY":0.3924623244668788}
