{"leftPaddleY":0.39646166095775814,"rightPaddleY":0.1935491073407582,"ballX":0.27754435165492,"ballY":0.5119086286512579}
