{"leftPaddleY":0.7642804152455787,"rightPaddleY":0.8257750814148932,"ballX":0.7303370750353217,"ballY":0.8876275659354795}
