{"leftPaddleY":0.22871203546050572,"rightPaddleY":0.40699258263525795,"ballX":0.7786307126046695,"ballY":0.2767812316151836}
