{"leftPaddleY":0.767292554726423,"rightPaddleY":0.07827509557331562,"ballX":0.7529837011168851,"ballY":0.2597219386961848}
