{"leftPaddleY":0.4756818669812158,"rightPaddleY":0.7940339998246334,"ballX":0.8176329852699348,"ballY":0.6786215799506344}
