{"leftPaddleY":0.05749838279981563,"rightPaddleY":0.1414359079956657,"ballX":0.42898735753818573,"ballY":0.06991459694457644}
