{"leftPaddleY":0.8892427642621659,"rightPaddleY":0.48118219071993057,"ballX":0.3682329149290735,"ballY":0.44466918079542433}
