{"leftPaddleY":0.02430232972281492,"rightPaddleY":0.6103721827323,"ballX":0.3038073997612989,"ballY":0.03730848375732426}
