{"leftPaddleY":0.8242165706829343,"rightPaddleY":0.9859462464163613,"ballX":0.14263090286701824,"ballY":0.9321159889373597}
