{"leftPaddleY":0.3237016702230351,"rightPaddleY":0.6381330612896481,"ballX":0.7744656908056381,"ballY":0.7078647383789217}
