{"leftPaddleY":0.7631727329115225,"rightPaddleY":0.9271812158020343,"ballX":0.7780404667025388,"ballY":0.25271851785483856}
