{"leftPaddleY":0.4214381949064179,"rightPaddleY":0.21529444315772894,"ballX":0.31464633244540213,"ballY":0.9594296350823274}
