{"leftPaddleY":0.882860596227175,"rightPaddleY":0.8403243953359444,"ballX":0.04741730963626334,"ballY":0.06550922436731697}
