{"leftPaddleY":0.3231791028884003,"rightPaddleY":0.22454449184534792,"ballX":0.12716969967788788,"ballY":0.2969164286747605}
