{"leftPaddleY":0.38974610426198447,"rightPaddleY":0.4150702018127802,"ballX":0.6798947293559898,"ballY":0.27671407914263246}
