{"leftPaddleY":0.8724136852494017,"rightPaddleY":0.8599204020126598,"ballX":0.9598673088075553,"ballY":0.8936157986022807}
