{"leftPaddleY":0.07195825331226943,"rightPaddleY":0.24060489258616558,"ballX":0.5575625606283289,"ballY":0.9253126802352026}
