{"leftPaddleY":0.8311681331433036,"rightPaddleY":0.1778581537490767,"ballX":0.8689026848757873,"ballY":0.08068195404578615}
