{"leftPaddleY":0.6382100526073287,"rightPaddleY":0.5846731362163545,"ballX":0.6474941361554994,"ballY":0.7202485117219557}
