{"leftPaddleY":0.8375500172897163,"rightPaddleY":0.052197890035816534,"ballX":0.9925748632067329,"ballY":0.5588761850765314}
