{"leftPaddleY":0.7162977136074202,"rightPaddleY":0.12993536000611292,"ballX":0.8111893680334203,"ballY":0.4987429632262004}
