{"leftPaddleY":0.1546812283090803,"rightPaddleY":0.019102519195286206,"ballX":0.7390692717066537,"ballY":0.01497472778645716}
