{"leftPaddleY":0.9475425631454925,"rightPaddleY":0.7071364148439592,"ballX":0.9539768061114001,"ballY":0.8792703952780453}
