{"leftPaddleY":0.3625811583664484,"rightPaddleY":0.8296088274936472,"ballX":0.7430431966452369,"ballY":0.11276017758809126}
