{"leftPaddleY":0.18627533808827026,"rightPaddleY":0.3997765556386126,"ballX":0.4385437580598815,"ballY":0.5411122664835809}
