{"leftPaddleY":0.33252484205074895,"rightPaddleY":0.811596452186296,"ballX":0.7072682877037384,"ballY":0.9072688505144839}
