{"leftPaddleY":0.8416299852923678,"rightPaddleY":0.06231527192078393,"ballX":0.7958563822609344,"ballY":0.9086502938548457}
