{"leftPaddleY":0.4016384056597524,"rightPaddleY":0.6494933360893854,"ballX":0.38629699747551577,"ballY":0.14453680477494332}
