{"leftPaddleY":0.8662025139011938,"rightPaddleY":0.14907445881063006,"ballX":0.278143612804324,"ballY":0.011762818009744434}
