{"leftPaddleY":0.9793380174365449,"rightPaddleY":0.07031912617389474,"ballX":0.1711076759397194,"ballY":0.832126824780692}
