{"leftPaddleY":0.661616253799959,"rightPaddleY":0.2627010143886771,"ballX":0.4689205946020019,"ballY":0.426394254875763}
