{"leftPaddleY":0.283523375653929,"rightPaddleY":0.9965075172687028,"ballX":0.8755304376687948,"ballY":0.7891694251198149}
