{"leftPaddleY":0.16930217487072535,"rightPaddleY":0.719785076273182,"ballX":0.8225815726088832,"ballY":0.5004827765808922}
