{"leftPaddleY":0.17654159987625462,"rightPaddleY":0.03220259585712711,"ballX":0.20554028011109188,"ballY":0.18336099434521777}
