{"leftPaddleY":0.9049754500787701,"rightPaddleY":0.39453239462286654,"ballX":0.9652880066824276,"ballY":0.5151636059879785}
