{"leftPaddleY":0.9719007546625926,"rightPaddleY":0.9815989743372673,"ballX":0.9972454023743237,"ballY":0.27630059970011567}
