{"leftPaddleY":0.6848487956095461,"rightPaddleY":0.9981817287011888,"ballX":0.9574730313631563,"ballY":0.8887891568381827}
