{"leftPaddleY":0.041927829230878164,"rightPaddleY":0.13474412138844505,"ballX":0.8383167045140029,"ballY":0.12642676201354552}
