{"leftPaddleY":0.6232565401875644,"rightPaddleY":0.10533485396655719,"ballX":0.6243457952939354,"ballY":0.05336533898427714}
