{"leftPaddleY":0.6087250494510064,"rightPaddleY":0.22169109751781013,"ballX":0.6993173037800827,"ballY":0.6962878575073621}
