{"leftPaddleY":0.3084549143490217,"rightPaddleY":0.32749550916708525,"ballX":0.4069506954376434,"ballY":0.11895475757828684}
