{"leftPaddleY":0.23362223005982843,"rightPaddleY":0.5588239428123212,"ballX":0.7358625309631273,"ballY":0.2168374285301474}
