{"leftPaddleY":0.9665036011970956,"rightPaddleY":0.48526880269114503,"ballX":0.23485381620307377,"ballY":0.7305631070158469}
