{"leftPaddleY":0.703125637641637,"rightPaddleY":0.4920589007464746,"ballX":0.9236855494086682,"ballY":0.3262557657210794}
