{"leftPaddleY":0.40743895110319506,"rightPaddleY":0.8255750753664941,"ballX":0.26899963344099065,"ballY":0.6069009780890519}
