{"leftPaddleY":0.1920253635171548,"rightPaddleY":0.13007277494323727,"ballX":0.9149764779616109,"ballY":0.6993677610228515}
