{"leftPaddleY":0.0017000727673789338,"rightPaddleY":0.2873062444614183,"ballX":0.8371665289189962,"ballY":0.37248014528246054}
