{"leftPaddleY":0.8417408288559483,"rightPaddleY":0.679089948763456,"ballX":0.25205529810572397,"ballY":0.571199178523164}
