{"leftPaddleY":0.7503407953742343,"rightPaddleY":0.8479338251303514,"ballX":0.5371632034571912,"ballY":0.8756353794518207}
