{"leftPaddleY":0.7693617307037202,"rightPaddleY":0.4526776477329449,"ballX":0.4157830089936931,"ballY":0.7508635460198853}
