{"leftPaddleY":0.07967030008045302,"rightPaddleY":0.9334632346493646,"ballX":0.6331308199249182,"ballY":0.7410212737001355}
