{"leftPaddleY":0.09116181968076348,"rightPaddleY":0.3847149449758424,"ballX":0.011893658629232055,"ballY":0.7623750038672528}
