{"leftPaddleY":0.19525658173124694,"rightPaddleY":0.48999215961854903,"ballX":0.51194256565182,"ballY":0.9425636498180631}
