{"leftPaddleY":0.5667256083196723,"rightPaddleY":0.09866949667673602,"ballX":0.8394659238579284,"ballY":0.4552812903627493}
