{"leftPaddleY":0.828099269290336,"rightPaddleY":0.2660090743263877,"ballX":0.8124292034813313,"ballY":0.28858639380605206}
