{"leftPaddleY":0.3718882261134408,"rightPaddleY":0.28394650199684507,"ballX":0.4762007447507343,"ballY":0.3403665587482504}
