{"leftPaddleY":0.7545642369200896,"rightPaddleY":0.004030189013811128,"ballX":0.3396488193476245,"ballY":0.300363814051868}
