{"leftPaddleY":0.04774197992083598,"rightPaddleY":0.6060768659001604,"ballX":0.2915382666127035,"ballY":0.7188398984656041}
