{"leftPaddleY":0.9356657326852882,"rightPaddleY":0.057076233630783686,"ballX":0.3073055172309558,"ballY":0.6712596717312512}
