{"leftPaddleY":0.4024670096042335,"rightPaddleY":0.7566114902936832,"ballX":0.45981058425285626,"ballY":0.45810241560456555}
