{"leftPaddleY":0.5033547699063039,"rightPaddleY":0.7475269064536257,"ballX":0.3253560434676636,"ballY":0.08529184468920865}
