{"leftPaddleY":0.09735544858768527,"rightPaddleY":0.9169010149893411,"ballX":0.8750336742593107,"ballY":0.879948304530219}
