{"leftPaddleY":0.4969207036089848,"rightPaddleY":0.25420067497030446,"ballX":0.5581449267306748,"ballY":0.1568958763968716}
