{"leftPaddleY":0.7526426407238774,"rightPaddleY":0.09362928797267511,"ballX":0.43458421637275363,"ballY":0.14598217071156722}
