{"leftPaddleY":0.2726777938634951,"rightPaddleY":0.47737839030629337,"ballX":0.27174857834170446,"ballY":0.07560183311993834}
