{"leftPaddleY":0.7869773917373485,"rightPaddleY":0.3611444859710934,"ballX":0.2829388541269518,"ballY":0.8567778720202116}
