{"leftPaddleY":0.4152143874926818,"rightPaddleY":0.16988656203245586,"ballX":0.4048659201817345,"ballY":0.8425601036829176}
