{"leftPaddleY":0.3004966420122835,"rightPaddleY":0.42043635257822987,"ballX":0.1143080375363872,"ballY":0.4725001180585375}
