{"leftPaddleY":0.2986454225416924,"rightPaddleY":0.5871273993238579,"ballX":0.3869137030538342,"ballY":0.3635471417309701}
