{"leftPaddleY":0.8082242553353022,"rightPaddleY":0.30232700186344363,"ballX":0.22967764379138775,"ballY":0.6222306362079765}
