{"leftPaddleY":0.7540305696413337,"rightPaddleY":0.3717392110114224,"ballX":0.49461944867109275,"ballY":0.06604704944906066}
