{"leftPaddleY":0.440851745243829,"rightPaddleY":0.7540976585410575,"ballX":0.04815762299632166,"ballY":0.064935744715303}
