{"leftPaddleY":0.17018495151951035,"rightPaddleY":0.5576443187918475,"ballX":0.30974348797597684,"ballY":0.42645772263283127}
