{"leftPaddleY":0.5196250218566406,"rightPaddleY":0.7896835693658478,"ballX":0.20286179037115434,"ballY":0.0224188956953773}
