{"leftPaddleY":0.28317130283001124,"rightPaddleY":0.5399327376516548,"ballX":0.10274458731125077,"ballY":0.1486785222504566}
