{"leftPaddleY":0.40887648454312525,"rightPaddleY":0.9133398905671012,"ballX":0.6767540738447095,"ballY":0.5143105529052169}
