{"leftPaddleY":0.4531691932844777,"rightPaddleY":0.06521049005436971,"ballX":0.9586982837300173,"ballY":0.49199283467210203}
