{"leftPaddleY":0.6021434102874659,"rightPaddleY":0.15241225712895998,"ballX":0.4429501743261885,"ballY":0.8366220443654242}
