{"leftPaddleY":0.26454452822848673,"rightPaddleY":0.15436884118621602,"ballX":0.4658279089916484,"ballY":0.3918184876966244}
