{"leftPaddleY":0.09782989509805504,"rightPaddleY":0.4350621002737987,"ballX":0.7907606743688702,"ballY":0.3912583604227478}
