{"leftPaddleY":0.30834635606858907,"rightPaddleY":0.1417601993073253,"ballX":0.8414816194460868,"ballY":0.5807180256749784}
