{"leftPaddleY":0.012481047071075526,"rightPaddleY":0.3846472555062187,"ballX":0.5671414332799278,"ballY":0.15692395822719843}
