{"leftPaddleY":0.4027173276135325,"rightPaddleY":0.05370897041569826,"ballX":0.10850904260759503,"ballY":0.11176743927382547}
