{"leftPaddleY":0.5866885617305303,"rightPaddleY":0.45596060560530577,"ballX":0.4661138534151857,"ballY":0.9588554002495416}
