{"leftPaddleY":0.2597558078549178,"rightPaddleY":0.589685517253098,"ballX":0.6986378665556829,"ballY":0.12794140001725168}
