{"leftPaddleY":0.38874174512932774,"rightPaddleY":0.9645130640717953,"ballX":0.5029411050774096,"ballY":0.711784489757109}
