{"leftPaddleY":0.4095011368116185,"rightPaddleY":0.4063564548493352,"ballX":0.16489568972266883,"ballY":0.3471609133908201}
