{"leftPaddleY":0.8922677162779947,"rightPaddleY":0.33177144563972066,"ballX":0.4868986067604939,"ballY":0.570563135479003}
