{"leftPaddleY":0.035398722130774295,"rightPaddleY":0.19524002991370976,"ballX":0.38557454550853004,"ballY":0.005954419232186268}
