{"leftPaddleY":0.2059389395701359,"rightPaddleY":0.2630048853647954,"ballX":0.6985373302619379,"ballY":0.37356345127954677}
