{"leftPaddleY":0.8219813993118356,"rightPaddleY":0.9514800468252219,"ballX":0.36016312035509707,"ballY":0.6627889783153538}
