{"leftPaddleY":0.12143975114662592,"rightPaddleY":0.7515242693833881,"ballX":0.5398855155591797,"ballY":0.14163256548887232}
