{"leftPaddleY":0.29989101225377135,"rightPaddleY":0.7248129183042447,"ballX":0.9858967687479039,"ballY":0.4282081489982931}
