{"leftPaddleY":0.4973093259237494,"rightPaddleY":0.25216871426606535,"ballX":0.6927030559697342,"ballY":0.4790480971341237}
