{"leftPaddleY":0.7421775742865863,"rightPaddleY":0.8668486266309542,"ballX":0.43607590450387923,"ballY":0.8238932811631763}
