{"leftPaddleY":0.9940677784089503,"rightPaddleY":0.7257128251156102,"ballX":0.010288642947694255,"ballY":0.9405240696258717}
