{"leftPaddleY":0.41713750738516103,"rightPaddleY":0.8641330850419837,"ballX":0.18954363054942555,"ballY":0.6456623568432878}
