{"leftPaddleY":0.19640021888433415,"rightPaddleY":0.6784988689480997,"ballX":0.062251127240875885,"ballY":0.2847580901240152}
