{"leftPaddleY":0.14385694408091393,"rightPaddleY":0.8169677393806579,"ballX":0.3242231791968837,"ballY":0.07104891041112325}
