{"leftPaddleY":0.5840263972307758,"rightPaddleY":0.4868920520184266,"ballX":0.9693358555642219,"ballY":0.6784342418972291}
