{"leftPaddleY":0.8722244561680103,"rightPaddleY":0.4428537078046801,"ballX":0.3172025719707238,"ballY":0.4349577711225874}
