{"leftPaddleY":0.6328524273326293,"rightPaddleY":0.9288416222224409,"ballX":0.11678065614507195,"ballY":0.1014513035733089}
