{"leftPaddleY":0.13946831091946607,"rightPaddleY":0.9479803619779369,"ballX":0.5930218721483509,"ballY":0.0744181618087384}
