{"leftPaddleY":0.996746365318911,"rightPaddleY":0.14274091100176176,"ballX":0.4853838585478104,"ballY":0.31957715138197595}
