{"leftPaddleY":0.04060992496352247,"rightPaddleY":0.5818820004384189,"ballX":0.8500862321983138,"ballY":0.20742826376243007}
