{"leftPaddleY":0.6879052142021451,"rightPaddleY":0.8396029371952646,"ballX":0.993769335770858,"ballY":0.015688045349196395}
