{"leftPaddleY":0.3340983173592915,"rightPaddleY":0.6139114076330427,"ballX":0.5479731127058722,"ballY":0.7695494971552769}
