{"leftPaddleY":0.07216590859554474,"rightPaddleY":0.7341407376460363,"ballX":0.701766370955588,"ballY":0.549220184234564}
