{"leftPaddleY":0.4735073037041451,"rightPaddleY":0.0578452577455915,"ballX":0.12983141292381625,"ballY":0.4992404693415417}
