{"leftPaddleY":0.14114729019162928,"rightPaddleY":0.03175313737127472,"ballX":0.951764378459945,"ballY":0.12295798104607834}
