{"leftPaddleY":0.40862351659550133,"rightPaddleY":0.6759819562043693,"ballX":0.8660737277904148,"ballY":0.681684764609217}
