{"leftPaddleY":0.830790601853166,"rightPaddleY":0.2906109195896842,"ballX":0.1782171544741236,"ballY":0.5909050189671584}
