{"leftPaddleY":0.6101310883800369,"rightPaddleY":0.653619521339997,"ballX":0.2268396938217635,"ballY":0.3428672002726249}
