{"leftPaddleY":0.08126941761960138,"rightPaddleY":0.5814775291254387,"ballX":0.5336932546034278,"ballY":0.7973920280395655}
