{"leftPaddleY":0.7666957598599339,"rightPaddleY":0.9716209418918189,"ballX":0.4247489610997612,"ballY":0.347590742374691}
