{"leftPaddleY":0.06078820320030766,"rightPaddleY":0.08513506972505341,"ballX":0.20309050781378177,"ballY":0.781742397574109}
