{"leftPaddleY":0.5337447506922858,"rightPaddleY":0.8325921481797945,"ballX":0.08899901374584004,"ballY":0.22667425652040638}
