{"leftPaddleY":0.9981604027571632,"rightPaddleY":0.10743098507432873,"ballX":0.836114218603453,"ballY":0.8133655611121996}
