{"leftPaddleY":0.8157057148923154,"rightPaddleY":0.39962091018155943,"ballX":0.8143786646938294,"ballY":0.7545828718333204}
