{"leftPaddleY":0.36004477294295684,"rightPaddleY":0.44231912513149907,"ballX":0.7601044814504886,"ballY":0.3659610152800976}
