{"leftPaddleY":0.1685672504986057,"rightPaddleY":0.7996316912373732,"ballX":0.3148221083846854,"ballY":0.7979041401672822}
