{"leftPaddleY":0.7344960207242258,"rightPaddleY":0.5894818113442729,"ballX":0.031648496774801374,"ballY":0.12106016990815262}
