{"leftPaddleY":0.616986209587689,"rightPaddleY":0.6232559620074095,"ballX":0.03167708062569778,"ballY":0.34427805820312624}
