{"leftPaddleY":0.26496226704950826,"rightPaddleY":0.3308566440245438,"ballX":0.8639812311542616,"ballY":0.6928493469202462}
