{"leftPaddleY":0.03344864047326507,"rightPaddleY":0.24038670273415413,"ballX":0.013961828917895887,"ballY":0.8940642923045921}
