{"leftPaddleY":0.7052927193170418,"rightPaddleY":0.6593922372413296,"ballX":0.43658752204767837,"ballY":0.29988933768641785}
