{"leftPaddleY":0.30619451420074345,"rightPaddleY":0.6700406095429782,"ballX":0.7667354066050363,"ballY":0.42412299042837}
