{"leftPaddleY":0.04374177801404881,"rightPaddleY":0.11710725137979416,"ballX":0.03972932694406438,"ballY":0.22679650510596658}
