{"leftPaddleY":0.5242470683723308,"rightPaddleY":0.9725446073566055,"ballX":0.6272486646551896,"ballY":0.602559188959936}
