{"leftPaddleY":0.5932294819483261,"rightPaddleY":0.9714274203948708,"ballX":0.02269288409799723,"ballY":0.8725984822611551}
