{"leftPaddleY":0.37586875406939085,"rightPaddleY":0.9643870773062829,"ballX":0.9748323225965024,"ballY":0.5143573248466495}
