{"leftPaddleY":0.017842253857351446,"rightPaddleY":0.6519417225978617,"ballX":0.30609812415983595,"ballY":0.4294557569541169}
