{"leftPaddleY":0.8876042893353646,"rightPaddleY":0.33312025572329784,"ballX":0.9050373846358096,"ballY":0.5212275479569973}
