{"leftPaddleY":0.6855151205250726,"rightPaddleY":0.3074102656651447,"ballX":0.33950313428306855,"ballY":0.14981739576402986}
