{"leftPaddleY":0.6171910816240938,"rightPaddleY":0.3960285032998932,"ballX":0.5979700267052814,"ballY":0.744993715454418}
