{"leftPaddleY":0.4223043475602271,"rightPaddleY":0.2303293476617157,"ballX":0.3774156921613102,"ballY":0.9046549309398222}
