{"leftPaddleY":0.3024340698121622,"rightPaddleY":0.09236923875409753,"ballX":0.8646493983875445,"ballY":0.9367698574121459}
