{"leftPaddleY":0.47463458920229823,"rightPaddleY":0.02752793805552656,"ballX":0.04296888604303978,"ballY":0.11572665492813464}
