{"leftPaddleY":0.22728142393413364,"rightPaddleY":0.035328365417441374,"ballX":0.6073453182603901,"ballY":0.7076750702275494}
