{"leftPaddleY":0.41312394000033187,"rightPaddleY":0.0760584185988607,"ballX":0.007684544168813256,"ballY":0.29624978914217415}
