{"leftPaddleY":0.11278606261229407,"rightPaddleY":0.21368069685066446,"ballX":0.5128730745665515,"ballY":0.09509873325937726}
