{"leftPaddleY":0.878495117581875,"rightPaddleY":0.20272359754630498,"ballX":0.0019602358046077093,"ballY":0.41176361252529053}
