{"leftPaddleY":0.19281257473786756,"rightPaddleY":0.7317662649586212,"ballX":0.26003566491986635,"ballY":0.4933922725012268}
