{"leftPaddleY":0.392645298292538,"rightPaddleY":0.0007606238042319049,"ballX":0.9182587709418734,"ballY":0.9664816466886368}
