{"leftPaddleY":0.8487444695183387,"rightPaddleY":0.37323042816626734,"ballX":0.6969287056512635,"ballY":0.2542348563869417}
