{"leftPaddleY":0.07061475454135446,"rightPaddleY":0.21762641254601503,"ballX":0.8240214395902753,"ballY":0.7646698648416939}
