{"leftPaddleY":0.5966658399798659,"rightPaddleY":0.8219224265602264,"ballX":0.056860209477970075,"ballY":0.3926271880076787}
