{"leftPaddleY":0.5718951097147692,"rightPaddleY":0.6088803438129395,"ballX":0.901042428853519,"ballY":0.5568966017305024}
