{"leftPaddleY":0.7303594600274078,"rightPaddleY":0.745604256319495,"ballX":0.2745750400897313,"ballY":0.6344020423597271}
