{"leftPaddleY":0.886606565254138,"rightPaddleY":0.7615461936286474,"ballX":0.2294683284522342,"ballY":0.6519654016010308}
