{"leftPaddleY":0.9576197299633848,"rightPaddleY":0.9798042064506666,"ballX":0.5706484479145144,"ballY":0.00007645495175085}
