{"leftPaddleY":0.2249585455675739,"rightPaddleY":0.029663304501030635,"ballX":0.47737009182063217,"ballY":0.614424240195894}
