{"leftPaddleY":0.7935999182829139,"rightPaddleY":0.3051291594378961,"ballX":0.3399764099141692,"ballY":0.7564310856157057}
