{"leftPaddleY":0.8902911918349837,"rightPaddleY":0.9036733434212945,"ballX":0.8550893449644886,"ballY":0.34972669277266427}
