{"leftPaddleY":0.8676752894279894,"rightPaddleY":0.08592015686969036,"ballX":0.9177284824251024,"ballY":0.05878584209447995}
