{"leftPaddleY":0.25818608855335146,"rightPaddleY":0.112526727162628,"ballX":0.31371362102302813,"ballY":0.557525453439151}
