{"leftPaddleY":0.12728653636181075,"rightPaddleY":0.8051290598312384,"ballX":0.10763213122065679,"ballY":0.639226501238537}
