{"leftPaddleY":0.8972041013318183,"rightPaddleY":0.8890483648675374,"ballX":0.47309214985969517,"ballY":0.7330617682688422}
