{"leftPaddleY":0.01469466169607026,"rightPaddleY":0.5013282559557153,"ballX":0.7303289743974033,"ballY":0.7001937605990993}
