{"leftPaddleY":0.46364122886157716,"rightPaddleY":0.597290845316735,"ballX":0.6630425097277015,"ballY":0.6036809123017999}
