{"leftPaddleY":0.3557401444602872,"rightPaddleY":0.07288186570563564,"ballX":0.9320657177578714,"ballY":0.07896260847091369}
