{"leftPaddleY":0.9922426879953535,"rightPaddleY":0.7859565674084175,"ballX":0.07669351168113377,"ballY":0.7926471746548488}
