{"leftPaddleY":0.05263890324823762,"rightPaddleY":0.06061587090896103,"ballX":0.9445630999982612,"ballY":0.2684037930629004}
