{"leftPaddleY":0.6614425945924346,"rightPaddleY":0.39954102987040335,"ballX":0.09078147094027654,"ballY":0.09463003629260384}
