{"leftPaddleY":0.8935690582491993,"rightPaddleY":0.7023161634783551,"ballX":0.17823158762145364,"ballY":0.5681045666870281}
