{"leftPaddleY":0.34443883886696214,"rightPaddleY":0.09716345849588226,"ballX":0.8797949183335925,"ballY":0.7978700069536326}
