{"leftPaddleY":0.08296245864912227,"rightPaddleY":0.49272966110144845,"ballX":0.5504361955030282,"ballY":0.9771000599674109}
