{"leftPaddleY":0.7720842729503927,"rightPaddleY":0.00723231637105168,"ballX":0.09882744061488893,"ballY":0.80431780323465}
