{"leftPaddleY":0.13513234609116806,"rightPaddleY":0.6773740250042626,"ballX":0.9070566403348916,"ballY":0.7402999981119279}
