{"leftPaddleY":0.45906942101706677,"rightPaddleY":0.25978412815530016,"ballX":0.6844050364827466,"ballY":0.3622579205650853}
