{"leftPaddleY":0.9481564794092543,"rightPaddleY":0.007416081695136315,"ballX":0.37419608544667715,"ballY":0.5486477590457912}
