{"leftPaddleY":0.09442596011755074,"rightPaddleY":0.7346099809786588,"ballX":0.2995113090090949,"ballY":0.42255704408667305}
