{"leftPaddleY":0.3124822068707389,"rightPaddleY":0.3600449787493963,"ballX":0.676212672767872,"ballY":0.8529781335872507}
