{"leftPaddleY":0.7058432521182861,"rightPaddleY":0.22883751807472524,"ballX":0.37118044008017415,"ballY":0.8557469025731648}
