{"leftPaddleY":0.8514267359876588,"rightPaddleY":0.8207807235195931,"ballX":0.40714175504338235,"ballY":0.4790873239357456}
