{"leftPaddleY":0.34446636293987104,"rightPaddleY":0.9010039429514519,"ballX":0.08252861026363088,"ballY":0.2061473621243941}
