{"leftPaddleY":0.7501235756210137,"rightPaddleY":0.9395315205601629,"ballX":0.7026012550265452,"ballY":0.34565468008758565}
