{"leftPaddleY":0.4934819292764137,"rightPaddleY":0.16796743661879318,"ballX":0.3294419084947576,"ballY":0.3680326873897228}
