{"leftPaddleY":0.017068722578387444,"rightPaddleY":0.5804219543938514,"ballX":0.22486906765834141,"ballY":0.45945634093068904}
