{"leftPaddleY":0.7640294240598257,"rightPaddleY":0.597680311675353,"ballX":0.044700839377088825,"ballY":0.22367618561733124}
