{"leftPaddleY":0.48249523779174697,"rightPaddleY":0.7151722899347982,"ballX":0.5542603879797166,"ballY":0.2982804263132664}
