{"leftPaddleY":0.6547364688805549,"rightPaddleY":0.46554095239714216,"ballX":0.8279960689505461,"ballY":0.8582323319980448}
