{"leftPaddleY":0.3900056065097955,"rightPaddleY":0.4347163035351269,"ballX":0.2545627254078107,"ballY":0.4243886706710912}
