{"leftPaddleY":0.9612915940967866,"rightPaddleY":0.7786053903707013,"ballX":0.07833068192017713,"ballY":0.3711163535428618}
