{"leftPaddleY":0.9115695086744835,"rightPaddleY":0.2733230923138029,"ballX":0.8759095533569974,"ballY":0.16137921486676912}
