{"leftPaddleY":0.15142719104940597,"rightPaddleY":0.6332988768975573,"ballX":0.6783003897047075,"ballY":0.6212427667493935}
