{"leftPaddleY":0.4725387177019869,"rightPaddleY":0.6370923134110933,"ballX":0.23558459190284772,"ballY":0.3467701337023509}
