{"leftPaddleY":0.19024352971040548,"rightPaddleY":0.47696631420319324,"ballX":0.2247309552373707,"ballY":0.16336506426113984}
