{"leftPaddleY":0.8225145037574073,"rightPaddleY":0.9996858300961441,"ballX":0.5909226789008692,"ballY":0.20854720044243688}
