{"leftPaddleY":0.0361252625851233,"rightPaddleY":0.9403549457294867,"ballX":0.40361865818141474,"ballY":0.7336178370877159}
