{"leftPaddleY":0.6329738272918762,"rightPaddleY":0.9656723106366228,"ballX":0.9772347100810445,"ballY":0.873767565374325}
