{"leftPaddleY":0.7074361806797946,"rightPaddleY":0.12788408249966596,"ballX":0.8340323501710268,"ballY":0.20330894557528567}
