{"leftPaddleY":0.5276051836406819,"rightPaddleY":0.5879179703332946,"ballX":0.3053593037300529,"ballY":0.9019882321651194}
