{"leftPaddleY":0.8123555858969319,"rightPaddleY":0.09206810097171952,"ballX":0.12287260496657626,"ballY":0.46175062230660213}
