{"leftPaddleY":0.5271697434791361,"rightPaddleY":0.7996295058886642,"ballX":0.6125829170984569,"ballY":0.3362697697660317}
