{"leftPaddleY":0.6317965556115348,"rightPaddleY":0.33352830334221667,"ballX":0.7531112594906293,"ballY":0.47071792069723944}
