{"leftPaddleY":0.344968982678773,"rightPaddleY":0.636342999380385,"ballX":0.09581940514014547,"ballY":0.43008396610660443}
