{"leftPaddleY":0.7357948957836588,"rightPaddleY":0.6383093858166745,"ballX":0.04656278954778225,"ballY":0.18047566468790083}
