{"leftPaddleY":0.4215178667563475,"rightPaddleY":0.9482109167708992,"ballX":0.2881415883965282,"ballY":0.09906600077544385}
