{"leftPaddleY":0.7935714611483762,"rightPaddleY":0.5243120777354912,"ballX":0.32011020317023686,"ballY":0.980391348238763}
