{"leftPaddleY":0.2051048118088733,"rightPaddleY":0.7040406008267502,"ballX":0.6496326238517601,"ballY":0.0145541775535192}
