{"leftPaddleY":0.19741746965816,"rightPaddleY":0.9161295235905025,"ballX":0.8367004714909744,"ballY":0.042353727112794566}
