{"leftPaddleY":0.8631400414423283,"rightPaddleY":0.36438131239753346,"ballX":0.7406099850556775,"ballY":0.15573225751078137}
