{"leftPaddleY":0.06116794119490436,"rightPaddleY":0.8162956490595344,"ballX":0.6079945804183445,"ballY":0.4978108808600426}
