{"leftPaddleY":0.27963345329834316,"rightPaddleY":0.6124710721039494,"ballX":0.3321222903699505,"ballY":0.7681948007965894}
