{"leftPaddleY":0.6536439094278117,"rightPaddleY":0.5353610623514128,"ballX":0.5597419841053664,"ballY":0.4481647720733535}
