{"leftPaddleY":0.8261928804613772,"rightPaddleY":0.48295645473611043,"ballX":0.5529058282700327,"ballY":0.6023029898597027}
