{"leftPaddleY":0.6748277188572473,"rightPaddleY":0.35963303164816013,"ballX":0.9219862245806119,"ballY":0.06133985371897753}
