{"leftPaddleY":0.312614258719466,"rightPaddleY":0.606017558742888,"ballX":0.5165668541573987,"ballY":0.19558681368071146}
