{"leftPaddleY":0.1463551455881412,"rightPaddleY":0.5309640374576291,"ballX":0.6483171973383298,"ballY":0.6394569845820386}
