{"leftPaddleY":0.4357466437029968,"rightPaddleY":0.809126175460857,"ballX":0.8030470971192666,"ballY":0.921213940279582}
