{"leftPaddleY":0.22745638393712822,"rightPaddleY":0.02140505800349052,"ballX":0.6114814503494229,"ballY":0.9101374262477941}
