{"leftPaddleY":0.38131776678266305,"rightPaddleY":0.6179959802140506,"ballX":0.2626836779759472,"ballY":0.8535395195822167}
