{"leftPaddleY":0.21007673203992994,"rightPaddleY":0.7768635441982688,"ballX":0.7352698557556256,"ballY":0.1301921868058088}
