{"leftPaddleY":0.8803308966143069,"rightPaddleY":0.08972222879222973,"ballX":0.9891553207549268,"ballY":0.9564742337746353}
