{"leftPaddleY":0.7795601216456253,"rightPaddleY":0.7774606184603404,"ballX":0.08573462697062319,"ballY":0.4614674601809921}
