{"leftPaddleY":0.8498538187099501,"rightPaddleY":0.8514054967202258,"ballX":0.7679391820821675,"ballY":0.6093043151911828}
