{"leftPaddleY":0.29201416991551127,"rightPaddleY":0.34943985937031374,"ballX":0.8579938495911898,"ballY":0.14962935658229523}
