{"leftPaddleY":0.2579664730172847,"rightPaddleY":0.24378752197188433,"ballX":0.10501426562204323,"ballY":0.7704662718553618}
