{"leftPaddleY":0.5132156059227704,"rightPaddleY":0.7558980584332606,"ballX":0.18167724922154688,"ballY":0.07041299587195439}
