{"leftPaddleY":0.4748648796947485,"rightPaddleY":0.2968928986415984,"ballX":0.6294622423057911,"ballY":0.9868424153227299}
