{"leftPaddleY":0.01780398789758996,"rightPaddleY":0.888863095687315,"ballX":0.9897110305296223,"ballY":0.8778823115598271}
