{"leftPaddleY":0.9441878421382538,"rightPaddleY":0.5923234630688297,"ballX":0.417497855271689,"ballY":0.6204436181565993}
