{"leftPaddleY":0.37438179620258333,"rightPaddleY":0.330836347146169,"ballX":0.9040947613011616,"ballY":0.8104766509079202}
