{"leftPaddleY":0.9402187640983094,"rightPaddleY":0.43653663286835687,"ballX":0.3249866003564119,"ballY":0.5775723844850417}
