{"leftPaddleY":0.4083214708958843,"rightPaddleY":0.18561058297299468,"ballX":0.6806708980602403,"ballY":0.08439198531137451}
