{"leftPaddleY":0.8096833029922135,"rightPaddleY":0.08980724112130581,"ballX":0.030455176952886135,"ballY":0.21327976499250575}
