{"leftPaddleY":0.21403861307174718,"rightPaddleY":0.07855702823141887,"ballX":0.2038918100951195,"ballY":0.4519134682776018}
