{"leftPaddleY":0.6493423110970423,"rightPaddleY":0.3386967516397693,"ballX":0.06843709511848249,"ballY":0.4286996106812795}
