{"leftPaddleY":0.01101502680867198,"rightPaddleY":0.534093718553036,"ballX":0.9661190187139601,"ballY":0.7712571918760845}
