{"leftPaddleY":0.7387218440885291,"rightPaddleY":0.7060310815078807,"ballX":0.06638775691131435,"ballY":0.6573393217820885}
