{"leftPaddleY":0.9352669687087459,"rightPaddleY":0.7862789189095739,"ballX":0.7513630248307225,"ballY":0.09641591982579902}
