{"leftPaddleY":0.3967123527581885,"rightPaddleY":0.6349941060476402,"ballX":0.726482765051682,"ballY":0.758098690159554}
