{"leftPaddleY":0.8143136785238335,"rightPaddleY":0.7238478145051643,"ballX":0.6344030687064289,"ballY":0.41198992310414584}
