{"leftPaddleY":0.728038504868813,"rightPaddleY":0.08475728908847326,"ballX":0.8525165714053051,"ballY":0.011405382699243884}
