{"leftPaddleY":0.3783904587178473,"rightPaddleY":0.06463320047961897,"ballX":0.5418664162758902,"ballY":0.997592316846404}
