{"leftPaddleY":0.5191785864486781,"rightPaddleY":0.6547128420927011,"ballX":0.3335925694907985,"ballY":0.8754889051230133}
