{"leftPaddleY":0.39861717157907545,"rightPaddleY":0.37453022599255503,"ballX":0.33133644720140276,"ballY":0.2220606136268307}
