{"leftPaddleY":0.8874877073135424,"rightPaddleY":0.4286931141841242,"ballX":0.1390918860101721,"ballY":0.9062752159303065}
