{"leftPaddleY":0.9168839219186748,"rightPaddleY":0.07325972424284825,"ballX":0.9562578541258343,"ballY":0.10980408061181625}
