{"leftPaddleY":0.08927200111558861,"rightPaddleY":0.8278886013483647,"ballX":0.39223246843657655,"ballY":0.03485437984939297}
