{"leftPaddleY":0.0658670670751425,"rightPaddleY":0.3742990918320966,"ballX":0.3114587886452237,"ballY":0.9210931270030583}
