{"leftPaddleY":0.4322066503446812,"rightPaddleY":0.6231271926964687,"ballX":0.4462841757217996,"ballY":0.47768178488949337}
