{"leftPaddleY":0.5587239676175253,"rightPaddleY":0.8981953265885291,"ballX":0.6645536756651776,"ballY":0.11396095969830969}
