{"leftPaddleY":0.21633761943006638,"rightPaddleY":0.9176685768967339,"ballX":0.38927248225326444,"ballY":0.9305483630079003}
