{"leftPaddleY":0.42204228893206436,"rightPaddleY":0.8784983935454933,"ballX":0.2259067053488075,"ballY":0.8733497994469192}
