{"leftPaddleY":0.8131241795794718,"rightPaddleY":0.11531299679655968,"ballX":0.7002495302717789,"ballY":0.9858668711930357}
