{"leftPaddleY":0.7587859727811614,"rightPaddleY":0.4371154831929849,"ballX":0.052146908365758055,"ballY":0.5572363572319935}
