{"leftPaddleY":0.053088774126047594,"rightPaddleY":0.21836438088293175,"ballX":0.08687333682624052,"ballY":0.17900432213899178}
