{"leftPaddleY":0.05234000522390317,"rightPaddleY":0.7399836443953062,"ballX":0.30728501146376486,"ballY":0.654604108565899}
