{"leftPaddleY":0.1221871369243075,"rightPaddleY":0.033287912979039505,"ballX":0.6384033915604979,"ballY":0.0257935356968055}
