{"leftPaddleY":0.5877972926467028,"rightPaddleY":0.618973017043823,"ballX":0.037644959980882534,"ballY":0.33323865039318523}
