{"leftPaddleY":0.626158095463072,"rightPaddleY":0.7662671198638513,"ballX":0.554991758640792,"ballY":0.09856739471169292}
