{"leftPaddleY":0.9315144119535036,"rightPaddleY":0.816067840147807,"ballX":0.033570361829421955,"ballY":0.22392109760133097}
