{"leftPaddleY":0.5694474667168629,"rightPaddleY":0.23510174444531104,"ballX":0.4911434476223877,"ballY":0.8014855353592937}
