{"leftPaddleY":0.2416675887462141,"rightPaddleY":0.781749970950192,"ballX":0.07731882432087411,"ballY":0.849319743947642}
