{"leftPaddleY":0.8857408026691752,"rightPaddleY":0.08849197551429439,"ballX":0.746633964528781,"ballY":0.37429675192959844}
