{"leftPaddleY":0.6291244278707737,"rightPaddleY":0.14048015487358384,"ballX":0.4748503250621298,"ballY":0.35374875154022306}
