{"leftPaddleY":0.23711765665832468,"rightPaddleY":0.9558675321414003,"ballX":0.5256683683956566,"ballY":0.9568329384647759}
