{"leftPaddleY":0.39320780977199504,"rightPaddleY":0.6961370072929874,"ballX":0.7352827564351074,"ballY":0.9996878816282122}
