{"leftPaddleY":0.03071300281357021,"rightPaddleY":0.33771513972318257,"ballX":0.3566764162468552,"ballY":0.8717607394775568}
