{"leftPaddleY":0.9265622864291052,"rightPaddleY":0.1485469512286227,"ballX":0.18169611673982816,"ballY":0.12006120747034249}
