{"leftPaddleY":0.8655327121236888,"rightPaddleY":0.6074173312793044,"ballX":0.40006305417336646,"ballY":0.8346987998978969}
