{"leftPaddleY":0.9911730732374922,"rightPaddleY":0.37948740900356864,"ballX":0.7646496910642662,"ballY":0.9712739929227053}
