{"leftPaddleY":0.4865749086939347,"rightPaddleY":0.680076747191406,"ballX":0.6938195452614381,"ballY":0.6801547480426637}
