{"leftPaddleY":0.7352758039743007,"rightPaddleY":0.7097329461890589,"ballX":0.21526395723469702,"ballY":0.6281215029593786}
