{"leftPaddleY":0.06560745978678388,"rightPaddleY":0.2421711123067409,"ballX":0.434321682818783,"ballY":0.42119215137080945}
