{"leftPaddleY":0.39992991533657407,"rightPaddleY":0.10661690056201296,"ballX":0.08176820329498247,"ballY":0.47362342238114835}
