{"leftPaddleY":0.9611062423734729,"rightPaddleY":0.9647555618610132,"ballX":0.4550049414886995,"ballY":0.7412060485522378}
