{"leftPaddleY":0.46670939054106086,"rightPaddleY":0.16794376438116354,"ballX":0.018401434931549478,"ballY":0.5737191941865009}
