{"leftPaddleY":0.4277703233708708,"rightPaddleY":0.7400775980945761,"ballX":0.3200189287396729,"ballY":0.44297159465066366}
