{"leftPaddleY":0.9325273217017446,"rightPaddleY":0.32069940716537315,"ballX":0.5285501893813791,"ballY":0.8506228847475217}
