{"leftPaddleY":0.3940513823075568,"rightPaddleY":0.3667121869984019,"ballX":0.4558152337750601,"ballY":0.18837357592670717}
