{"leftPaddleY":0.7486480270879556,"rightPaddleY":0.7255432657089022,"ballX":0.9783008714385206,"ballY":0.03338959469055509}
