{"leftPaddleY":0.9063978161890696,"rightPaddleY":0.5458531579538426,"ballX":0.29587774514048526,"ballY":0.3052541352324296}
