{"leftPaddleY":0.7297215921879266,"rightPaddleY":0.09984459910924794,"ballX":0.041527700187751586,"ballY":0.9818284830336083}
