{"leftPaddleY":0.5369030118226308,"rightPaddleY":0.14159957758320832,"ballX":0.77021206582113,"ballY":0.3327362712451406}
