{"leftPaddleY":0.9223594483326615,"rightPaddleY":0.7127672615214032,"ballX":0.33465004697790707,"ballY":0.7863922324052142}
