{"leftPaddleY":0.6635591483622824,"rightPaddleY":0.6676768922283992,"ballX":0.4851376809874528,"ballY":0.32384115884950415}
