{"leftPaddleY":0.13657894953064018,"rightPaddleY":0.10583291390842041,"ballX":0.27055751740521966,"ballY":0.7102860676839992}
