{"leftPaddleY":0.4071673363268501,"rightPaddleY":0.2867718687763957,"ballX":0.13554083924942317,"ballY":0.8096784828273735}
