{"leftPaddleY":0.1787513072875867,"rightPaddleY":0.7480957174507892,"ballX":0.8931960906298482,"ballY":0.1951638481573164}
