{"leftPaddleY":0.7762530441482928,"rightPaddleY":0.3111182711946368,"ballX":0.8553437037971774,"ballY":0.6828545414541148}
