{"leftPaddleY":0.05148357915860059,"rightPaddleY":0.28882853090573163,"ballX":0.7875174603739499,"ballY":0.15688507608566507}
