{"leftPaddleY":0.8502382227110258,"rightPaddleY":0.9831908582114375,"ballX":0.5714078302145222,"ballY":0.9677074602764488}
