{"leftPaddleY":0.35066505393850156,"rightPaddleY":0.9746666896324852,"ballX":0.30141235679575207,"ballY":0.23026137336122174}
