{"leftPaddleY":0.9496360273553033,"rightPaddleY":0.8849523407484953,"ballX":0.48808145401211417,"ballY":0.4196578792444101}
