{"leftPaddleY":0.959851359325153,"rightPaddleY":0.5384885128281116,"ballX":0.06454702207120647,"ballY":0.7847300618110993}
