{"leftPaddleY":0.35757846408992716,"rightPaddleY":0.3288618942488911,"ballX":0.30984590288014746,"ballY":0.264456883641185}
