{"leftPaddleY":0.21666371585150482,"rightPaddleY":0.3898051914144167,"ballX":0.6963375770555019,"ballY":0.7073942037446144}
