{"leftPaddleY":0.12688523793983456,"rightPaddleY":0.21708620821997213,"ballX":0.18076836105233846,"ballY":0.27082481701561356}
