{"leftPaddleY":0.5249055326697408,"rightPaddleY":0.6457109529191452,"ballX":0.37536691391112975,"ballY":0.18676670319995353}
