{"leftPaddleY":0.20810244944595885,"rightPaddleY":0.24254449134859357,"ballX":0.6072961172455278,"ballY":0.14747334525645042}
