{"leftPaddleY":0.7483164650079903,"rightPaddleY":0.7105042018421218,"ballX":0.9168154299064692,"ballY":0.4336837484073363}
