{"leftPaddleY":0.43483194999833436,"rightPaddleY":0.2538397553130866,"ballX":0.17124355706569952,"ballY":0.8522689886875784}
