{"leftPaddleY":0.18696717399948698,"rightPaddleY":0.002285964971627779,"ballX":0.5333861222412667,"ballY":0.08257450196222652}
