{"leftPaddleY":0.6712836012476752,"rightPaddleY":0.28023439864178706,"ballX":0.9179546719075847,"ballY":0.38635099520539073}
