{"leftPaddleY":0.4643830613299554,"rightPaddleY":0.7040661596228074,"ballX":0.8980470404974825,"ballY":0.3310545391039793}
