{"leftPaddleY":0.1696026474864956,"rightPaddleY":0.48293944878303596,"ballX":0.5885659352746018,"ballY":0.2909222809785669}
