{"leftPaddleY":0.2949992537938658,"rightPaddleY":0.035100402194581035,"ballX":0.6276298389331733,"ballY":0.8363042758724339}
