{"leftPaddleY":0.9370381551315003,"rightPaddleY":0.045555948826808954,"ballX":0.009920592351211772,"ballY":0.09055930908700378}
