{"leftPaddleY":0.4108621509224916,"rightPaddleY":0.2919499601248505,"ballX":0.7061839182920082,"ballY":0.725834673267146}
