{"leftPaddleY":0.41636504568125804,"rightPaddleY":0.48491122038456874,"ballX":0.5561373284898891,"ballY":0.051688571976857486}
