{"leftPaddleY":0.8984837809022389,"rightPaddleY":0.8490227410938477,"ballX":0.813060065486921,"ballY":0.5122229643829985}
