{"leftPaddleY":0.1975556110585774,"rightPaddleY":0.3694873125415938,"ballX":0.0722418271564597,"ballY":0.5119832076255963}
