{"leftPaddleY":0.9232223640656111,"rightPaddleY":0.4246562726155156,"ballX":0.6018517919906917,"ballY":0.13945979186456764}
