{"leftPaddleY":0.07412908445492516,"rightPaddleY":0.502724709758737,"ballX":0.8939956079459497,"ballY":0.9090881239432069}
