{"leftPaddleY":0.7025829430308252,"rightPaddleY":0.9096960708035013,"ballX":0.8588410416342612,"ballY":0.5582219225994817}
