{"leftPaddleY":0.7012946225193709,"rightPaddleY":0.11958655107120301,"ballX":0.674647965370881,"ballY":0.33886401038492187}
