{"leftPaddleY":0.2750228811759691,"rightPaddleY":0.4806292455638433,"ballX":0.6991943990547426,"ballY":0.8243763645962459}
