{"leftPaddleY":0.2597691230175547,"rightPaddleY":0.9866081407510756,"ballX":0.49126895847452995,"ballY":0.07301587596641358}
