{"leftPaddleY":0.882151799322011,"rightPaddleY":0.9625930266677115,"ballX":0.0059389092629866065,"ballY":0.23976453453232774}
