{"leftPaddleY":0.6583126284739692,"rightPaddleY":0.4783511051800902,"ballX":0.614455607080445,"ballY":0.3597627395467158}
