{"leftPaddleY":0.41926090444270303,"rightPaddleY":0.15968277318491483,"ballX":0.4026074602818386,"ballY":0.8568242111189857}
