{"leftPaddleY":0.9996505995250379,"rightPaddleY":0.19535304494822237,"ballX":0.36187137488349214,"ballY":0.5787988455805342}
