{"leftPaddleY":0.6069060453558738,"rightPaddleY":0.3928252448111514,"ballX":0.5901550443481541,"ballY":0.5890764456593326}
