{"leftPaddleY":0.0334905916617686,"rightPaddleY":0.4570209879743097,"ballX":0.24554482318649182,"ballY":0.7179858283636568}
