{"leftPaddleY":0.1758323914446118,"rightPaddleY":0.5419685627685233,"ballX":0.1636562344999318,"ballY":0.6465052504442846}
