{"leftPaddleY":0.8344933104183275,"rightPaddleY":0.5757127253204742,"ballX":0.5466299873969334,"ballY":0.9791512690429066}
