{"leftPaddleY":0.8195046447020737,"rightPaddleY":0.15076161744081737,"ballX":0.9720556144656171,"ballY":0.6202014878429015}
