{"leftPaddleY":0.8137025396901211,"rightPaddleY":0.7476999384762948,"ballX":0.12379318031851896,"ballY":0.3279744156907412}
