{"leftPaddleY":0.21762108439393832,"rightPaddleY":0.28502658101369893,"ballX":0.09777335696454073,"ballY":0.3567085539016355}
