{"leftPaddleY":0.17723894646390473,"rightPaddleY":0.23551057585476798,"ballX":0.5109824301886755,"ballY":0.9487075272113843}
