{"leftPaddleY":0.21487904535375035,"rightPaddleY":0.3430888103534719,"ballX":0.6147577941854043,"ballY":0.6541252731937051}
