{"leftPaddleY":0.1082647798871267,"rightPaddleY":0.21853931155806627,"ballX":0.6974366643592476,"ballY":0.24958005736265798}
