{"leftPaddleY":0.30490999400905416,"rightPaddleY":0.19470555667461306,"ballX":0.7691516111589883,"ballY":0.8728901564009768}
