{"leftPaddleY":0.47469252837694703,"rightPaddleY":0.17259493646797044,"ballX":0.7158900757850276,"ballY":0.03776645198691157}
