{"leftPaddleY":0.6056628675033762,"rightPaddleY":0.2462566533325088,"ballX":0.5398235174299557,"ballY":0.4696937122776832}
