{"leftPaddleY":0.7387819956576582,"rightPaddleY":0.9198012146342227,"ballX":0.9275838629323379,"ballY":0.6450302101555939}
