{"leftPaddleY":0.5475219821978118,"rightPaddleY":0.4992206936084319,"ballX":0.39414942456024704,"ballY":0.3405890228365368}
