{"leftPaddleY":0.6141492912214476,"rightPaddleY":0.9546320886889533,"ballX":0.7072505371954261,"ballY":0.3222255254929281}
