{"leftPaddleY":0.34394128384035466,"rightPaddleY":0.3284034834985051,"ballX":0.4952791272655409,"ballY":0.9044117302064282}
