{"leftPaddleY":0.9576310138274128,"rightPaddleY":0.11520846783055814,"ballX":0.7525130822284688,"ballY":0.5887167493609977}
