{"leftPaddleY":0.14803891100182362,"rightPaddleY":0.9546665598906,"ballX":0.1540237676662936,"ballY":0.16621360292920231}
