{"leftPaddleY":0.9145997338093156,"rightPaddleY":0.23423811298273542,"ballX":0.8098404383716716,"ballY":0.31113284395383717}
