{"leftPaddleY":0.4006027282373547,"rightPaddleY":0.9706090131265563,"ballX":0.4180841764949107,"ballY":0.43015392619497694}
