{"leftPaddleY":0.8060555115534774,"rightPaddleY":0.7148910890863497,"ballX":0.22516305889150512,"ballY":0.37442461431480845}
