{"leftPaddleY":0.13894954383562413,"rightPaddleY":0.6416153605619122,"ballX":0.3288658669582375,"ballY":0.04399151760884651}
