{"leftPaddleY":0.9262836834317989,"rightPaddleY":0.5122114047695503,"ballX":0.5070755339971036,"ballY":0.3394688714480682}
