{"leftPaddleY":0.8406777818043024,"rightPaddleY":0.9656434010320961,"ballX":0.32225869522802575,"ballY":0.2327258224270518}
