{"leftPaddleY":0.090344407203161,"rightPaddleY":0.5953692802599573,"ballX":0.021991903889213373,"ballY":0.04864238796721383}
