{"leftPaddleY":0.29182835333884843,"rightPaddleY":0.8334526436539619,"ballX":0.2011866302899661,"ballY":0.34005559796179924}
