{"leftPaddleY":0.563989737770379,"rightPaddleY":0.2576981137733817,"ballX":0.35615169024580057,"ballY":0.5837465104156643}
