{"leftPaddleY":0.8867186384793733,"rightPaddleY":0.8012741216042087,"ballX":0.7614055449982827,"ballY":0.06098242686344316}
