{"leftPaddleY":0.12448657601299441,"rightPaddleY":0.8321158252581105,"ballX":0.9285083034168411,"ballY":0.29895287560216344}
