{"leftPaddleY":0.12305920847405451,"rightPaddleY":0.8788700705696638,"ballX":0.3130833332651257,"ballY":0.7249578570591426}
