{"leftPaddleY":0.06933986709173723,"rightPaddleY":0.49386430914396756,"ballX":0.25712944130408516,"ballY":0.20205455922911836}
