{"leftPaddleY":0.5895310523554983,"rightPaddleY":0.6407587982734678,"ballX":0.14665244884844092,"ballY":0.6906487318675044}
