{"leftPaddleY":0.3944069714751449,"rightPaddleY":0.3364764386611516,"ballX":0.14055185462881073,"ballY":0.07570346756929648}
