{"leftPaddleY":0.860871778451574,"rightPaddleY":0.30375179548768455,"ballX":0.003050806460443579,"ballY":0.818175741683382}
