{"leftPaddleY":0.23570821295930022,"rightPaddleY":0.8867691842162191,"ballX":0.10934537864598337,"ballY":0.5813440225490795}
