{"leftPaddleY":0.36988820398484745,"rightPaddleY":0.2488703071216922,"ballX":0.6817637057641744,"ballY":0.27480270985815947}
