{"leftPaddleY":0.0427354853789631,"rightPaddleY":0.7024819000165216,"ballX":0.8856292748607237,"ballY":0.14649909437031253}
