{"leftPaddleY":0.7123778225962705,"rightPaddleY":0.3896791977315474,"ballX":0.27339548217030674,"ballY":0.4433026560550433}
