{"leftPaddleY":0.63782672698716,"rightPaddleY":0.7413754611233422,"ballX":0.20698477250454755,"ballY":0.9723806240650349}
