{"leftPaddleY":0.7752196577013363,"rightPaddleY":0.21544600840627726,"ballX":0.9433547192305269,"ballY":0.16020743887365743}
