{"leftPaddleY":0.24422700786584461,"rightPaddleY":0.1671150132062679,"ballX":0.20103978491536328,"ballY":0.8100924136301633}
