{"leftPaddleY":0.06554726821833257,"rightPaddleY":0.6776572210083301,"ballX":0.2014707894232939,"ballY":0.9386941601103862}
