{"leftPaddleY":0.6513096443704803,"rightPaddleY":0.4794012916973711,"ballX":0.31274692194799053,"ballY":0.7164481975436605}
