{"leftPaddleY":0.3407918892437361,"rightPaddleY":0.4225815196407187,"ballX":0.24747284773973693,"ballY":0.22624488934293444}
