{"leftPaddleY":0.4406139882692244,"rightPaddleY":0.17725999869516967,"ballX":0.12662271251354312,"ballY":0.13166965808077877}
