{"leftPaddleY":0.87176156967436,"rightPaddleY":0.6700354573943567,"ballX":0.20318339131880722,"ballY":0.8607192873850427}
