{"leftPaddleY":0.551498531278348,"rightPaddleY":0.11994823760579801,"ballX":0.3260328977588732,"ballY":0.6584062210540864}
