{"leftPaddleY":0.30936203996250333,"rightPaddleY":0.47261658288611696,"ballX":0.05273146357361311,"ballY":0.05259453431358319}
