{"leftPaddleY":0.2761522427089024,"rightPaddleY":0.2262189698697848,"ballX":0.4435765846449561,"ballY":0.43719768010728366}
