{"leftPaddleY":0.45431453894253904,"rightPaddleY":0.7012864455239991,"ballX":0.5634253891036297,"ballY":0.49864056431323106}
