{"leftPaddleY":0.7933249336058799,"rightPaddleY":0.7545344061446487,"ballX":0.7218244772970517,"ballY":0.44075329717579886}
