{"leftPaddleY":0.2956492298396227,"rightPaddleY":0.9089207511763835,"ballX":0.0027367920604561735,"ballY":0.7702547168128033}
