{"leftPaddleY":0.747213175651776,"rightPaddleY":0.6907771333696863,"ballX":0.993050259976036,"ballY":0.8844198685781225}
