{"leftPaddleY":0.8773244349782184,"rightPaddleY":0.5903504003742428,"ballX":0.004477350131291043,"ballY":0.8220140316895603}
