{"leftPaddleY":0.2567620375035937,"rightPaddleY":0.6756363305900777,"ballX":0.02085456807516822,"ballY":0.49491399095782096}
