{"leftPaddleY":0.9171979929685073,"rightPaddleY":0.6045090436532012,"ballX":0.156509417226414,"ballY":0.126959213387736}
