{"leftPaddleY":0.9733138071949624,"rightPaddleY":0.25328068721295266,"ballX":0.4912830211451221,"ballY":0.504029617900488}
