{"leftPaddleY":0.23306345850593524,"rightPaddleY":0.21696684279654127,"ballX":0.7993689996429524,"ballY":0.8228313523519581}
