{"leftPaddleY":0.4553856726076547,"rightPaddleY":0.7735403836039555,"ballX":0.4401465578710193,"ballY":0.9162694053649052}
