{"leftPaddleY":0.021514078176599227,"rightPaddleY":0.3204128762842592,"ballX":0.162383514996918,"ballY":0.9777966452209915}
