{"leftPaddleY":0.8098266235502106,"rightPaddleY":0.9479714930194014,"ballX":0.9411901714190076,"ballY":0.17321868263577359}
