{"leftPaddleY":0.8334726826412187,"rightPaddleY":0.04970349140985281,"ballX":0.38650325555355125,"ballY":0.7129134745269002}
