{"leftPaddleY":0.26249491549666865,"rightPaddleY":0.24699348414335695,"ballX":0.9979416766687002,"ballY":0.25199341212083437}
