{"leftPaddleY":0.8705357886944122,"rightPaddleY":0.6090089194071494,"ballX":0.37717281263575947,"ballY":0.8512585978721658}
