{"leftPaddleY":0.382798830254392,"rightPaddleY":0.17719276756516836,"ballX":0.43081920426821096,"ballY":0.544716908154187}
