{"leftPaddleY":0.2846810633392783,"rightPaddleY":0.15484109562154474,"ballX":0.7071068954647871,"ballY":0.03636378477194234}
