{"leftPaddleY":0.913781281337169,"rightPaddleY":0.846299151737702,"ballX":0.4736837303950953,"ballY":0.571773990463245}
