{"leftPaddleY":0.9346304614983907,"rightPaddleY":0.6134365733415693,"ballX":0.8205640167071707,"ballY":0.7245232432418969}
