{"leftPaddleY":0.3371517341234379,"rightPaddleY":0.2866461397583707,"ballX":0.7511537028587602,"ballY":0.23032069553874554}
