{"leftPaddleY":0.10483399214802534,"rightPaddleY":0.7562822299292675,"ballX":0.44684635895380564,"ballY":0.1367441488972342}
