{"leftPaddleY":0.512198345075594,"rightPaddleY":0.3385280522201088,"ballX":0.09262308137503338,"ballY":0.4229754146903965}
