{"leftPaddleY":0.061941839505325245,"rightPaddleY":0.6114667605563442,"ballX":0.1558335187297187,"ballY":0.26944976469845905}
