{"leftPaddleY":0.22660931655849603,"rightPaddleY":0.6506260562473483,"ballX":0.7065349222469944,"ballY":0.6130088104617334}
