{"leftPaddleY":0.6846453089740635,"rightPaddleY":0.9367357050933559,"ballX":0.52142642188983,"ballY":0.5686913157222685}
