{"leftPaddleY":0.18264513153545234,"rightPaddleY":0.36631274587105517,"ballX":0.13132795454411933,"ballY":0.27232228847623585}
