{"leftPaddleY":0.6462302474932298,"rightPaddleY":0.17208204677324465,"ballX":0.6893251419576275,"ballY":0.46793295028592174}
