{"leftPaddleY":0.948339565032818,"rightPaddleY":0.6601587100889422,"ballX":0.12348723162572375,"ballY":0.15985810080494547}
