{"leftPaddleY":0.02568920375767434,"rightPaddleY":0.5020607076309878,"ballX":0.7879417068217348,"ballY":0.04941325411269154}
