{"leftPaddleY":0.12214766643934899,"rightPaddleY":0.41157416693437415,"ballX":0.5925857077280124,"ballY":0.08771355039233678}
