{"leftPaddleY":0.09258857773701334,"rightPaddleY":0.9845962060289575,"ballX":0.9992279469050472,"ballY":0.5580939584566896}
