{"leftPaddleY":0.6558168878500599,"rightPaddleY":0.35428791890017697,"ballX":0.43807444013682006,"ballY":0.7714677269128921}
