{"leftPaddleY":0.5067123698257963,"rightPaddleY":0.007584000623402946,"ballX":0.5249291978575805,"ballY":0.8132853220163833}
