{"leftPaddleY":0.921311839523297,"rightPaddleY":0.6017059260744463,"ballX":0.5735218849259521,"ballY":0.07799459795562742}
