{"leftPaddleY":0.6652405250204033,"rightPaddleY":0.08947728207140819,"ballX":0.5765076000592577,"ballY":0.855725896595489}
