{"leftPaddleY":0.0920558286086892,"rightPaddleY":0.5340667387201261,"ballX":0.745978639096122,"ballY":0.4573654049181176}
