{"leftPaddleY":0.6611129552315985,"rightPaddleY":0.7979076763082934,"ballX":0.34485396035104227,"ballY":0.4105216630970864}
