{"leftPaddleY":0.32691426351123487,"rightPaddleY":0.3008042100383037,"ballX":0.28123159461068375,"ballY":0.1524824439214331}
