{"leftPaddleY":0.27141731097832195,"rightPaddleY":0.38189703855667173,"ballX":0.6840982518816199,"ballY":0.5312854781714903}
