{"leftPaddleY":0.6566210815141685,"rightPaddleY":0.7883022036033133,"ballX":0.6077907236981003,"ballY":0.09508467106141351}
