{"leftPaddleY":0.4700259291901417,"rightPaddleY":0.3895470347795944,"ballX":0.7048437558999985,"ballY":0.1733769128642681}
