{"leftPaddleY":0.40112847192768664,"rightPaddleY":0.28698485277084507,"ballX":0.5813051511231134,"ballY":0.5257727548345627}
