{"leftPaddleY":0.8215912975871207,"rightPaddleY":0.2368080909055168,"ballX":0.8714877606584163,"ballY":0.21307668694752147}
