{"leftPaddleY":0.4091842432300433,"rightPaddleY":0.5530317366916382,"ballX":0.726326122706502,"ballY":0.6161978919707785}
