{"leftPaddleY":0.9961952173814405,"rightPaddleY":0.1326485921622805,"ballX":0.19269883916211356,"ballY":0.7103528477782249}
