{"leftPaddleY":0.02983734242421863,"rightPaddleY":0.4710409436186326,"ballX":0.7690332903969047,"ballY":0.41252851211963276}
