{"leftPaddleY":0.3358726956828405,"rightPaddleY":0.941943133491617,"ballX":0.2588525710025568,"ballY":0.8171595443156264}
