{"leftPaddleY":0.8743677923211747,"rightPaddleY":0.16014867130018484,"ballX":0.5700570817509729,"ballY":0.2784921033378574}
