{"leftPaddleY":0.9656692536550843,"rightPaddleY":0.4969830443694924,"ballX":0.8432426783784254,"ballY":0.3715979638036587}
