{"leftPaddleY":0.8697899500009028,"rightPaddleY":0.9029834513844789,"ballX":0.7623424238159926,"ballY":0.23316966889810045}
