{"leftPaddleY":0.8178960198852255,"rightPaddleY":0.6694934521329297,"ballX":0.10231303542363739,"ballY":0.6480199245587017}
