{"leftPaddleY":0.28647998603257685,"rightPaddleY":0.08666817126792303,"ballX":0.9103086295182791,"ballY":0.35824103920901984}
