{"leftPaddleY":0.2694006191583833,"rightPaddleY":0.28044365872650284,"ballX":0.32211096687167906,"ballY":0.0319745581572354}
