{"leftPaddleY":0.8320386009941982,"rightPaddleY":0.6830742225318516,"ballX":0.527643794377844,"ballY":0.38518618485689776}
