{"leftPaddleY":0.8380750586898209,"rightPaddleY":0.06513193314715336,"ballX":0.6882554907605497,"ballY":0.7273760965821096}
