{"leftPaddleY":0.13174858373245993,"rightPaddleY":0.1903602378241449,"ballX":0.9033877201780722,"ballY":0.24878501575962067}
