{"leftPaddleY":0.10465594716596789,"rightPaddleY":0.2381591096612054,"ballX":0.3877948571644332,"ballY":0.10091136607190698}
