{"leftPaddleY":0.6109127102212994,"rightPaddleY":0.8893620697959961,"ballX":0.9481797476644429,"ballY":0.6389948451261689}
