{"leftPaddleY":0.7076557335709199,"rightPaddleY":0.15681244803593847,"ballX":0.27770414756883954,"ballY":0.2815052712309394}
