{"leftPaddleY":0.5341418789269026,"rightPaddleY":0.26948387633070586,"ballX":0.22016994207457438,"ballY":0.5706455116892861}
