{"leftPaddleY":0.7394469515600399,"rightPaddleY":0.8723144875267133,"ballX":0.6132729726296176,"ballY":0.8145407889123715}
