{"leftPaddleY":0.5814333687207185,"rightPaddleY":0.3309159769279867,"ballX":0.36805838030182325,"ballY":0.24504479892095946}
