{"leftPaddleY":0.007454245793226322,"rightPaddleY":0.4890281888103951,"ballX":0.24864520706188506,"ballY":0.4473304657763427}
