{"leftPaddleY":0.7950136037494013,"rightPaddleY":0.9308187165953279,"ballX":0.7616819360794449,"ballY":0.16674112787291465}
