{"leftPaddleY":0.11021436389735735,"rightPaddleY":0.3198235319565376,"ballX":0.17736191921145072,"ballY":0.8503414815341955}
