{"leftPaddleY":0.11233479634593702,"rightPaddleY":0.20633346498082025,"ballX":0.3766165428418169,"ballY":0.7119124593900965}
