{"leftPaddleY":0.48144471075903494,"rightPaddleY":0.5040634407582834,"ballX":0.492447739586853,"ballY":0.46589330247125993}
