{"leftPaddleY":0.05603232223006882,"rightPaddleY":0.570375589231587,"ballX":0.33739256343656315,"ballY":0.30497275974718036}
