{"leftPaddleY":0.3391262281742571,"rightPaddleY":0.5443829355493074,"ballX":0.5342606571268219,"ballY":0.10101712868022081}
