{"leftPaddleY":0.3759646467304329,"rightPaddleY":0.11086775046965057,"ballX":0.7377413044280985,"ballY":0.339564266599895}
