{"leftPaddleY":0.18221973327027696,"rightPaddleY":0.10374041843204322,"ballX":0.8884924035194217,"ballY":0.2540154298125874}
