{"leftPaddleY":0.1798335926475378,"rightPaddleY":0.9066641808875685,"ballX":0.2971696919481297,"ballY":0.967173296443004}
