{"leftPaddleY":0.5388822909256773,"rightPaddleY":0.9943423112937415,"ballX":0.46393579499586396,"ballY":0.07350601612964353}
