{"leftPaddleY":0.7219451932518477,"rightPaddleY":0.10541619519157769,"ballX":0.6550662420328428,"ballY":0.718317387211499}
