{"leftPaddleY":0.25106486580758874,"rightPaddleY":0.6083395504048483,"ballX":0.8729164062140353,"ballY":0.8074393539187437}
