{"leftPaddleY":0.3410425212908793,"rightPaddleY":0.608366935849384,"ballX":0.008290051173429505,"ballY":0.4295123136841274}
