{"leftPaddleY":0.828768065453116,"rightPaddleY":0.10036499944212174,"ballX":0.8907370700789848,"ballY":0.7924077382838784}
