{"leftPaddleY":0.5621918938155459,"rightPaddleY":0.6636312898867475,"ballX":0.8378170461451195,"ballY":0.8292987095458825}
