{"leftPaddleY":0.4760136851408248,"rightPaddleY":0.05920231934117681,"ballX":0.21518524093197944,"ballY":0.6286233499101678}
