{"leftPaddleY":0.5198470703674679,"rightPaddleY":0.9048155483300437,"ballX":0.5898892528431299,"ballY":0.13051868346772036}
