{"leftPaddleY":0.34184516393876047,"rightPaddleY":0.5245111031888796,"ballX":0.5911780154434773,"ballY":0.7197657568475678}
