{"leftPaddleY":0.10951169545940996,"rightPaddleY":0.10104985510503281,"ballX":0.5699473685289719,"ballY":0.07969087478334455}
