{"leftPaddleY":0.7179369606257558,"rightPaddleY":0.559819191421651,"ballX":0.9180179099638777,"ballY":0.7052501736836759}
