{"leftPaddleY":0.5082120562024299,"rightPaddleY":0.5917666897885396,"ballX":0.2753067255454002,"ballY":0.46747446650512847}
