{"leftPaddleY":0.9663984808522232,"rightPaddleY":0.45724832805792653,"ballX":0.182281064741898,"ballY":0.9707155933474866}
