{"leftPaddleY":0.4165763091115946,"rightPaddleY":0.12090098500902555,"ballX":0.6682785961183038,"ballY":0.504432751440837}
