{"leftPaddleY":0.8719112272579669,"rightPaddleY":0.6930093763419429,"ballX":0.8330977228165525,"ballY":0.6624400156408837}
