{"leftPaddleY":0.027386558197456865,"rightPaddleY":0.8433378453590326,"ballX":0.19842856045608873,"ballY":0.4741444439707503}
