{"leftPaddleY":0.37518845076834606,"rightPaddleY":0.44712672254785074,"ballX":0.8065013361664066,"ballY":0.5370760521529416}
