{"leftPaddleY":0.7639596694284673,"rightPaddleY":0.4569431705374426,"ballX":0.6892079651743208,"ballY":0.8292838201831059}
