{"leftPaddleY":0.27843303202938086,"rightPaddleY":0.4748460717372702,"ballX":0.07384821539639785,"ballY":0.808010862626475}
