{"leftPaddleY":0.8376344548624535,"rightPaddleY":0.3349272487040692,"ballX":0.06547946143172868,"ballY":0.08282757128511106}
