{"leftPaddleY":0.010363843762479001,"rightPaddleY":0.2769350808975422,"ballX":0.8264701163680706,"ballY":0.7252106719694691}
