{"leftPaddleY":0.18068631072366156,"rightPaddleY":0.7655686692883724,"ballX":0.6161255728731345,"ballY":0.27182246911925256}
