{"leftPaddleY":0.42656189790858345,"rightPaddleY":0.6297329042946773,"ballX":0.06827912945974737,"ballY":0.1724140905147987}
