{"leftPaddleY":0.42550455722078323,"rightPaddleY":0.058777700801072176,"ballX":0.7931273054887302,"ballY":0.6689813677041169}
