{"leftPaddleY":0.1685624358490864,"rightPaddleY":0.03522444225635696,"ballX":0.9057937472522413,"ballY":0.839554334283651}
