{"leftPaddleY":0.8659346765850431,"rightPaddleY":0.3322150628812957,"ballX":0.5831048753918219,"ballY":0.7346840045729724}
