{"leftPaddleY":0.8864253744202334,"rightPaddleY":0.012475746749338969,"ballX":0.962371802739302,"ballY":0.0682166045131291}
