{"leftPaddleY":0.8412528770138586,"rightPaddleY":0.6649544929433577,"ballX":0.8708918769176083,"ballY":0.3198955527048595}
