{"leftPaddleY":0.11132120888312394,"rightPaddleY":0.8146199171981321,"ballX":0.24452754356977263,"ballY":0.42349435913689537}
