{"leftPaddleY":0.5558551023489644,"rightPaddleY":0.4831762303793449,"ballX":0.42779176786044576,"ballY":0.4503794198906372}
