{"leftPaddleY":0.5638591878155901,"rightPaddleY":0.4847924141683202,"ballX":0.5438432326752224,"ballY":0.21851220473904878}
