{"leftPaddleY":0.6630012823752479,"rightPaddleY":0.9525781733136812,"ballX":0.9465718163913491,"ballY":0.08941746120599174}
