{"leftPaddleY":0.5139789476722482,"rightPaddleY":0.836511547308049,"ballX":0.9084685391003078,"ballY":0.39057334827085316}
