{"leftPaddleY":0.5064490653351955,"rightPaddleY":0.7602992119618843,"ballX":0.7747951266316436,"ballY":0.08902125012291652}
