{"leftPaddleY":0.9958115804725047,"rightPaddleY":0.31689515411562774,"ballX":0.5544742049454682,"ballY":0.23618330691658684}
