{"leftPaddleY":0.7529533855175335,"rightPaddleY":0.7577050686276056,"ballX":0.6319518712261255,"ballY":0.03933963303751843}
