{"leftPaddleY":0.2424993944488826,"rightPaddleY":0.44307162045545107,"ballX":0.437613262472629,"ballY":0.4665630835255694}
