{"leftPaddleY":0.7160156970071604,"rightPaddleY":0.07106804310340238,"ballX":0.42324831555362874,"ballY":0.5360824828693229}
