{"leftPaddleY":0.7485688246479338,"rightPaddleY":0.2719802552638347,"ballX":0.1597782445930481,"ballY":0.6397772129507138}
