{"leftPaddleY":0.9044547584625251,"rightPaddleY":0.5657183705481059,"ballX":0.2855056324022234,"ballY":0.018753001030875013}
