{"leftPaddleY":0.012615488996740079,"rightPaddleY":0.3272269651122957,"ballX":0.27697287269269966,"ballY":0.6853921783563424}
