{"leftPaddleY":0.5116768524325334,"rightPaddleY":0.3949672411095936,"ballX":0.5144749660876843,"ballY":0.5027527174138063}
