{"leftPaddleY":0.3138489985616488,"rightPaddleY":0.06431976992518776,"ballX":0.2569124210788321,"ballY":0.9654226112073399}
