{"leftPaddleY":0.969617165753988,"rightPaddleY":0.6015506976285457,"ballX":0.4983493375096568,"ballY":0.08830153936133141}
