{"leftPaddleY":0.7549306665239919,"rightPaddleY":0.5998478041876103,"ballX":0.46011035107419435,"ballY":0.7600596365264007}
