{"leftPaddleY":0.8995042056229714,"rightPaddleY":0.26776090668199193,"ballX":0.8897500792431469,"ballY":0.07780926304720574}
