{"leftPaddleY":0.16246599465061468,"rightPaddleY":0.7866653060855126,"ballX":0.09666134852385984,"ballY":0.9998795746021824}
