{"leftPaddleY":0.591429959186609,"rightPaddleY":0.7579098204290671,"ballX":0.8244010037221537,"ballY":0.3440667476052013}
