{"leftPaddleY":0.26779451551645495,"rightPaddleY":0.3589847948569964,"ballX":0.32345141724602305,"ballY":0.5042455993096104}
