{"leftPaddleY":0.7534081703097921,"rightPaddleY":0.19862709902244727,"ballX":0.9247525656829957,"ballY":0.5863253921363817}
