{"leftPaddleY":0.21296305676209748,"rightPaddleY":0.4368985888961089,"ballX":0.6085972707360287,"ballY":0.7668323226125107}
