{"leftPaddleY":0.049017134558744554,"rightPaddleY":0.32300786549248256,"ballX":0.8831825600338897,"ballY":0.9938070063119975}
