{"leftPaddleY":0.4823127891417434,"rightPaddleY":0.06450703159801126,"ballX":0.025609412079688847,"ballY":0.2186402727877504}
