{"leftPaddleY":0.8130122644314031,"rightPaddleY":0.5924857644816292,"ballX":0.30050045400480857,"ballY":0.7412888010125135}
