{"leftPaddleY":0.33926623502844766,"rightPaddleY":0.024323745238438395,"ballX":0.43227398637671993,"ballY":0.09787063082979414}
