{"leftPaddleY":0.1529785604898105,"rightPaddleY":0.8931252324508347,"ballX":0.5707105269796406,"ballY":0.5363183128225539}
