{"leftPaddleY":0.5268624355907161,"rightPaddleY":0.28001399286539547,"ballX":0.28986409584756345,"ballY":0.6782816482656896}
