{"leftPaddleY":0.3850295643604153,"rightPaddleY":0.04530165610884921,"ballX":0.7857879697235765,"ballY":0.5412890802332188}
