{"leftPaddleY":0.9182082829455012,"rightPaddleY":0.3281657302349796,"ballX":0.8547363359246606,"ballY":0.7052139917276578}
