{"leftPaddleY":0.28756603200740183,"rightPaddleY":0.2748027343644741,"ballX":0.7162245131770233,"ballY":0.06855455734946063}
