{"leftPaddleY":0.4743777281405892,"rightPaddleY":0.009936130693850052,"ballX":0.6261224612453217,"ballY":0.45279241836267187}
