{"leftPaddleY":0.658321920607316,"rightPaddleY":0.29436777182199514,"ballX":0.6448041464931681,"ballY":0.12993085641055047}
