{"leftPaddleY":0.23853489838144507,"rightPaddleY":0.5649676691884356,"ballX":0.03268698310497067,"ballY":0.38897445402317754}
