{"leftPaddleY":0.5004064894018115,"rightPaddleY":0.5013423690818941,"ballX":0.9149374389851375,"ballY":0.8862463014654655}
