{"leftPaddleY":0.06825449427850078,"rightPaddleY":0.34882148118562617,"ballX":0.043961996680918554,"ballY":0.5302001558305398}
