{"leftPaddleY":0.9411038163251554,"rightPaddleY":0.15860425692482674,"ballX":0.5957443460146487,"ballY":0.2848381967923051}
