{"leftPaddleY":0.3259389962718234,"rightPaddleY":0.8078346211640659,"ballX":0.12336864279500769,"ballY":0.8421902262256635}
