{"leftPaddleY":0.43094132632597926,"rightPaddleY":0.15670604646558547,"ballX":0.769453462723026,"ballY":0.8399984923997036}
