{"leftPaddleY":0.3855308548440014,"rightPaddleY":0.08128104615674656,"ballX":0.12688350752810323,"ballY":0.16724527636035535}
