{"leftPaddleY":0.673387293185263,"rightPaddleY":0.7173688287473331,"ballX":0.12955902837780633,"ballY":0.4303911789307488}
