{"leftPaddleY":0.5693543703012011,"rightPaddleY":0.7337232129768114,"ballX":0.9903514860855331,"ballY":0.4669416870831012}
