{"leftPaddleY":0.762307681643342,"rightPaddleY":0.8735225217487361,"ballX":0.3550170839346143,"ballY":0.46058418754241315}
