{"leftPaddleY":0.12987182409109596,"rightPaddleY":0.4037911157062339,"ballX":0.7798537396151466,"ballY":0.41306715829259993}
