{"leftPaddleY":0.0009059494877686585,"rightPaddleY":0.8182152121246772,"ballX":0.110404733964744,"ballY":0.8084788200253514}
