{"leftPaddleY":0.10454122097684743,"rightPaddleY":0.8849834964940593,"ballX":0.23339683426188174,"ballY":0.8063724534179874}
