{"leftPaddleY":0.22491526759887,"rightPaddleY":0.5888983479304001,"ballX":0.19610406049972998,"ballY":0.5510756463975599}
