{"leftPaddleY":0.5443069551560829,"rightPaddleY":0.5502005817189165,"ballX":0.7886731176723077,"ballY":0.7830984284025032}
