{"leftPaddleY":0.5386091216112174,"rightPaddleY":0.3518905324990159,"ballX":0.25947465240337886,"ballY":0.5472408241566237}
