{"leftPaddleY":0.2614642521597586,"rightPaddleY":0.1072617374720406,"ballX":0.07449209338295898,"ballY":0.9324427583891906}
