{"leftPaddleY":0.49201032660466537,"rightPaddleY":0.11418734793126535,"ballX":0.3853943895598482,"ballY":0.4719330852652056}
