{"leftPaddleY":0.43050610971724435,"rightPaddleY":0.08856603413439802,"ballX":0.07182713424828466,"ballY":0.38350656926381377}
