{"leftPaddleY":0.22696179392456683,"rightPaddleY":0.31719830308863656,"ballX":0.028679504750462013,"ballY":0.10178392266833192}
