{"leftPaddleY":0.517842341410519,"rightPaddleY":0.743986744574402,"ballX":0.16051732214499834,"ballY":0.6052275658985208}
