{"leftPaddleY":0.5888162334756502,"rightPaddleY":0.5197748873826485,"ballX":0.5253398260678225,"ballY":0.038147334855140394}
