{"leftPaddleY":0.24619759470765715,"rightPaddleY":0.8199728881977261,"ballX":0.7604166891110042,"ballY":0.3447815467292146}
