{"leftPaddleY":0.7693480496049532,"rightPaddleY":0.7452207788972713,"ballX":0.6541748181951738,"ballY":0.05637219228535223}
