{"leftPaddleY":0.7602355237922256,"rightPaddleY":0.4012173991636738,"ballX":0.016807595735567383,"ballY":0.8141473368050492}
