{"leftPaddleY":0.7817771158776962,"rightPaddleY":0.2289468275507222,"ballX":0.3046943799562763,"ballY":0.4955924245166237}
