{"leftPaddleY":0.5538334629348974,"rightPaddleY":0.4339549324273458,"ballX":0.37642302493369284,"ballY":0.3502582645110117}
