{"leftPaddleY":0.2088178021563287,"rightPaddleY":0.9339805346936548,"ballX":0.8033895020460436,"ballY":0.413239620836353}
