{"leftPaddleY":0.24176922758118113,"rightPaddleY":0.06282204754460467,"ballX":0.4986402796257851,"ballY":0.32176619597823714}
