{"leftPaddleY":0.025113119871527916,"rightPaddleY":0.028391286408751097,"ballX":0.4094676629318071,"ballY":0.31100015516579266}
