{"leftPaddleY":0.9546017523430007,"rightPaddleY":0.3651944720375891,"ballX":0.43907526218333837,"ballY":0.8043069561416611}
