{"leftPaddleY":0.06078317461489797,"rightPaddleY":0.0656461563034718,"ballX":0.11456495527154976,"ballY":0.7060210448499207}
