{"leftPaddleY":0.2107082527869309,"rightPaddleY":0.15057019215289394,"ballX":0.9870194609030778,"ballY":0.4386218640217932}
