{"leftPaddleY":0.843625439887911,"rightPaddleY":0.769975739669196,"ballX":0.9770997892424086,"ballY":0.010385354726349655}
