{"leftPaddleY":0.16085737228872132,"rightPaddleY":0.02515723074939002,"ballX":0.5223425075388457,"ballY":0.1892488731110296}
