{"leftPaddleY":0.6151618860933353,"rightPaddleY":0.246946701688361,"ballX":0.25309314790061155,"ballY":0.1122526264716591}
