{"leftPaddleY":0.18768319903573857,"rightPaddleY":0.5384773949719581,"ballX":0.8530240107659464,"ballY":0.4690136473849985}
