{"leftPaddleY":0.9018806622046273,"rightPaddleY":0.39541007102921594,"ballX":0.30148072037487916,"ballY":0.4844063238815304}
