{"leftPaddleY":0.538948975424654,"rightPaddleY":0.47816023492914406,"ballX":0.0510899862658764,"ballY":0.5007079438640956}
