{"leftPaddleY":0.27948456111843645,"rightPaddleY":0.5151003542676045,"ballX":0.4772633043747543,"ballY":0.550971956088477}
