{"leftPaddleY":0.2624130440144553,"rightPaddleY":0.9055968130367626,"ballX":0.28166500656964977,"ballY":0.3266380280848446}
