{"leftPaddleY":0.5346297498205156,"rightPaddleY":0.4637531862916015,"ballX":0.7523646276774861,"ballY":0.9519012746171763}
