{"leftPaddleY":0.9634607099980721,"rightPaddleY":0.02434438201934936,"ballX":0.9874416081928821,"ballY":0.32260772633763546}
