{"leftPaddleY":0.5133705435892192,"rightPaddleY":0.9809857733843432,"ballX":0.31258371756006864,"ballY":0.3295689805913717}
