{"leftPaddleY":0.7261309977372602,"rightPaddleY":0.6332642410507294,"ballX":0.19660393141837323,"ballY":0.26336154068829953}
