{"leftPaddleY":0.031135879521691577,"rightPaddleY":0.22322020282336605,"ballX":0.01340760193376369,"ballY":0.07826397517933355}
