{"leftPaddleY":0.9817708387339944,"rightPaddleY":0.7196184900332278,"ballX":0.21487736248305053,"ballY":0.8291209091297116}
