{"leftPaddleY":0.5180755650720057,"rightPaddleY":0.3819169951205997,"ballX":0.7604864346387767,"ballY":0.465670254503915}
