{"leftPaddleY":0.9439812814712625,"rightPaddleY":0.5022494812008415,"ballX":0.5750291975521558,"ballY":0.31881956827357416}
