{"leftPaddleY":0.18018940016798063,"rightPaddleY":0.717284881892146,"ballX":0.4339689104975562,"ballY":0.1369361299077451}
