{"leftPaddleY":0.923068489033414,"rightPaddleY":0.10290280154244724,"ballX":0.5277099231447799,"ballY":0.9163957081967887}
