{"leftPaddleY":0.2684416605350533,"rightPaddleY":0.7685576994167088,"ballX":0.6089984228082171,"ballY":0.6741014017308101}
