{"leftPaddleY":0.06604803142887507,"rightPaddleY":0.9359601887639527,"ballX":0.7978994873169144,"ballY":0.4445633932206253}
