{"leftPaddleY":0.23028491308708146,"rightPaddleY":0.8638945571018793,"ballX":0.9127674592252906,"ballY":0.9677284198424405}
