{"leftPaddleY":0.7613688627138506,"rightPaddleY":0.09232414399132467,"ballX":0.2957352358844449,"ballY":0.9732719636464753}
