{"leftPaddleY":0.0839942665151137,"rightPaddleY":0.7146548173084276,"ballX":0.6359070680654625,"ballY":0.4061458371169527}
