{"leftPaddleY":0.6739234750712462,"rightPaddleY":0.5275456126169992,"ballX":0.5637330327323994,"ballY":0.7961059318345383}
