{"leftPaddleY":0.8140007812727038,"rightPaddleY":0.8167608132449724,"ballX":0.8500241857889379,"ballY":0.5826126723133509}
