{"leftPaddleY":0.4937163071414311,"rightPaddleY":0.5777007035289158,"ballX":0.30071002332470764,"ballY":0.6675523153941535}
