{"leftPaddleY":0.9902648718891242,"rightPaddleY":0.2904323454027935,"ballX":0.07297523499146293,"ballY":0.5637256014580804}
