{"leftPaddleY":0.7269278175975825,"rightPaddleY":0.4545680286202903,"ballX":0.975371093358486,"ballY":0.9176030859651202}
