{"leftPaddleY":0.3280205026160448,"rightPaddleY":0.8488009202147557,"ballX":0.6899756870385617,"ballY":0.4460055316146273}
