{"leftPaddleY":0.47965011043344075,"rightPaddleY":0.8554012139028748,"ballX":0.35928929104666785,"ballY":0.5001491978513244}
