{"leftPaddleY":0.2366338080631295,"rightPaddleY":0.3139179284360832,"ballX":0.9563262402570384,"ballY":0.09059924643498314}
