{"leftPaddleY":0.9197197259738317,"rightPaddleY":0.9435436833127914,"ballX":0.8730083997090891,"ballY":0.058973424198338155}
