{"leftPaddleY":0.2687292395720623,"rightPaddleY":0.08816675444773481,"ballX":0.9021551757452094,"ballY":0.7691564498591933}
