{"leftPaddleY":0.649789201807391,"rightPaddleY":0.20820484050748447,"ballX":0.5743920895896736,"ballY":0.17896219550952924}
