{"leftPaddleY":0.9584410009029374,"rightPaddleY":0.20910413538472714,"ballX":0.1698666541997733,"ballY":0.8570674624677042}
