{"leftPaddleY":0.8946293792136505,"rightPaddleY":0.5889979186435291,"ballX":0.9394574904910726,"ballY":0.26415525176363885}
