{"leftPaddleY":0.46108517004205946,"rightPaddleY":0.9179364199061844,"ballX":0.988166836535787,"ballY":0.7207718226854596}
