{"leftPaddleY":0.19663281115556094,"rightPaddleY":0.3110385588559025,"ballX":0.017852680130041588,"ballY":0.6328304010250225}
