{"leftPaddleY":0.7575320714847227,"rightPaddleY":0.08649702683761291,"ballX":0.02415850750520815,"ballY":0.5383840443927574}
