{"leftPaddleY":0.5751237848584104,"rightPaddleY":0.9902360985828188,"ballX":0.329644235606204,"ballY":0.43642303538748034}
