{"leftPaddleY":0.7144731513324967,"rightPaddleY":0.12936697365073274,"ballX":0.5254369744960541,"ballY":0.5522167836618856}
