{"leftPaddleY":0.5325637675876987,"rightPaddleY":0.7078674057495388,"ballX":0.22027262584578583,"ballY":0.5002020282014774}
