{"leftPaddleY":0.7273136313005146,"rightPaddleY":0.9699243117868983,"ballX":0.4306387689567369,"ballY":0.5476363682848491}
