{"leftPaddleY":0.8573724872234535,"rightPaddleY":0.25391642836340145,"ballX":0.1895901116517946,"ballY":0.7895725279827497}
