{"leftPaddleY":0.5103869180486716,"rightPaddleY":0.7193002848964014,"ballX":0.053735744482785196,"ballY":0.6156027036549664}
