{"leftPaddleY":0.29429609556377934,"rightPaddleY":0.5104309102886027,"ballX":0.3633740660686346,"ballY":0.17795554648959025}
