{"leftPaddleY":0.2603529561973417,"rightPaddleY":0.7637745935109446,"ballX":0.3270391290397284,"ballY":0.7006115819757612}
