{"leftPaddleY":0.3228013501125268,"rightPaddleY":0.035332481653632716,"ballX":0.23437232472805578,"ballY":0.34417999381822056}
