{"leftPaddleY":0.9237848703741964,"rightPaddleY":0.21620265441742523,"ballX":0.27586815052779334,"ballY":0.008843415440876015}
