{"leftPaddleY":0.14672528275051464,"rightPaddleY":0.20167864330029883,"ballX":0.013813862413944644,"ballY":0.994201956291673}
