{"leftPaddleY":0.5143274528163457,"rightPaddleY":0.8670211744470014,"ballX":0.6131985218146921,"ballY":0.9623350617900901}
