{"leftPaddleY":0.017804144538089,"rightPaddleY":0.5537383478651825,"ballX":0.38469299709664384,"ballY":0.7565325200474924}
