{"leftPaddleY":0.46320782415770645,"rightPaddleY":0.9155137214589881,"ballX":0.5587953795784866,"ballY":0.7918460252274231}
