{"leftPaddleY":0.8991943050038438,"rightPaddleY":0.2874262008291954,"ballX":0.09723379436506924,"ballY":0.9426619839098623}
