{"leftPaddleY":0.006154161604404088,"rightPaddleY":0.4707573574049661,"ballX":0.6203862170334993,"ballY":0.919317480722901}
