{"leftPaddleY":0.22352873756818362,"rightPaddleY":0.6749886465099288,"ballX":0.02392162206604989,"ballY":0.07936241458702123}
