{"leftPaddleY":0.3200164042120763,"rightPaddleY":0.18122058111600597,"ballX":0.36255746313241904,"ballY":0.9986145081093896}
