{"leftPaddleY":0.36122144433784525,"rightPaddleY":0.18349280327368803,"ballX":0.733531572175541,"ballY":0.4300199177997332}
