{"leftPaddleY":0.34153585142934484,"rightPaddleY":0.31423653058565437,"ballX":0.4429797393480621,"ballY":0.28409462910509037}
