{"leftPaddleY":0.06885333198453732,"rightPaddleY":0.4535438680312209,"ballX":0.6567551664696374,"ballY":0.8562057683495932}
