{"leftPaddleY":0.6483164477740679,"rightPaddleY":0.4984885884841225,"ballX":0.25521312543168545,"ballY":0.6155244182710901}
