{"leftPaddleY":0.2537877326674921,"rightPaddleY":0.4312399452661472,"ballX":0.037519748295303586,"ballY":0.5645989958237662}
