{"leftPaddleY":0.46748245251420273,"rightPaddleY":0.6369206532694075,"ballX":0.500196943081874,"ballY":0.5992704214681783}
