{"leftPaddleY":0.14460535689397078,"rightPaddleY":0.7230138618895622,"ballX":0.6332210051907268,"ballY":0.9983952329676782}
