{"leftPaddleY":0.9556258725207045,"rightPaddleY":0.83456975376141,"ballX":0.2300741181548292,"ballY":0.1297601749772069}
