{"leftPaddleY":0.6281842730281851,"rightPaddleY":0.22449039659317183,"ballX":0.966957315780934,"ballY":0.6972128860462486}
