{"leftPaddleY":0.4222619872866354,"rightPaddleY":0.5571075793762692,"ballX":0.8145530708095017,"ballY":0.864415429952634}
