{"leftPaddleY":0.0554364556958581,"rightPaddleY":0.1649203383236196,"ballX":0.38808998988066795,"ballY":0.1412087297573263}
