{"leftPaddleY":0.5007337919806016,"rightPaddleY":0.897293684274512,"ballX":0.0120893930361298,"ballY":0.3445375041559838}
