{"leftPaddleY":0.43539574462349034,"rightPaddleY":0.41848149038045485,"ballX":0.6118713807226412,"ballY":0.5739443009666877}
