{"leftPaddleY":0.896471573493587,"rightPaddleY":0.8089102988840079,"ballX":0.8094000968218079,"ballY":0.5074761499981055}
