{"leftPaddleY":0.37689318650911546,"rightPaddleY":0.870386924108767,"ballX":0.5468435169797125,"ballY":0.9535932678020046}
