{"leftPaddleY":0.20607152467392512,"rightPaddleY":0.6249468042226816,"ballX":0.8345874302201031,"ballY":0.5725296932352727}
