{"leftPaddleY":0.04655320512889242,"rightPaddleY":0.43163060073138193,"ballX":0.4503209150648677,"ballY":0.9635303876723715}
