{"leftPaddleY":0.6818271654846096,"rightPaddleY":0.459988478397896,"ballX":0.38551050409330817,"ballY":0.022642364761171718}
