{"leftPaddleY":0.303902734494746,"rightPaddleY":0.7555860279835074,"ballX":0.11845403215121925,"ballY":0.7240787801375238}
