{"leftPaddleY":0.30573472052663125,"rightPaddleY":0.8535722850021713,"ballX":0.48116712412799306,"ballY":0.9249569765169032}
