{"leftPaddleY":0.9264958799410065,"rightPaddleY":0.6820965069443539,"ballX":0.62102884377079,"ballY":0.11523362553979045}
