{"leftPaddleY":0.4906641039625534,"rightPaddleY":0.510914481112158,"ballX":0.7838888406112406,"ballY":0.8363467602562276}
