{"leftPaddleY":0.9741131317186534,"rightPaddleY":0.8083494261522219,"ballX":0.24532768889744253,"ballY":0.9177345931666817}
