{"leftPaddleY":0.7518640751810973,"rightPaddleY":0.00017059305179448827,"ballX":0.24933762132396553,"ballY":0.617829122281072}
