{"leftPaddleY":0.7635468743766333,"rightPaddleY":0.7649865435056218,"ballX":0.4152075521356244,"ballY":0.32219599810751043}
