{"leftPaddleY":0.13524246523195935,"rightPaddleY":0.7388831525101892,"ballX":0.9102990593363057,"ballY":0.2898114847374311}
