{"leftPaddleY":0.311988499992741,"rightPaddleY":0.39891664535068466,"ballX":0.24890950324432348,"ballY":0.45509168663472505}
