{"leftPaddleY":0.01446125669749385,"rightPaddleY":0.4668182167952307,"ballX":0.8825149171805358,"ballY":0.9356991373551599}
