{"leftPaddleY":0.19682508042802377,"rightPaddleY":0.8376445991413344,"ballX":0.038900704713730784,"ballY":0.7765896734236828}
