{"leftPaddleY":0.32900207957428984,"rightPaddleY":0.9922053962783595,"ballX":0.3908152549177369,"ballY":0.08354256896710259}
