{"leftPaddleY":0.41029812644023494,"rightPaddleY":0.5176838955498805,"ballX":0.07829034361661055,"ballY":0.4943789934829176}
