{"leftPaddleY":0.13374448772530093,"rightPaddleY":0.19565556385014962,"ballX":0.7496475944903619,"ballY":0.5657347518399946}
