{"leftPaddleY":0.5945524727791539,"rightPaddleY":0.9709236787476464,"ballX":0.12153457102816254,"ballY":0.47663660481409953}
