{"leftPaddleY":0.3230572688549299,"rightPaddleY":0.8421456625263153,"ballX":0.6441344565670906,"ballY":0.11023371677441307}
