{"leftPaddleY":0.8147588773710963,"rightPaddleY":0.21823309416559541,"ballX":0.61416847590824,"ballY":0.5751225973862842}
