{"leftPaddleY":0.7962039041200659,"rightPaddleY":0.3101329426991635,"ballX":0.9321828303597259,"ballY":0.9419897972211585}
