{"leftPaddleY":0.4149738884158361,"rightPaddleY":0.03815642671682437,"ballX":0.3277767698370053,"ballY":0.2674643576746668}
