{"leftPaddleY":0.6984252250832877,"rightPaddleY":0.2781756084298047,"ballX":0.6868005754867458,"ballY":0.8269009160193638}
