{"leftPaddleY":0.79819619743204,"rightPaddleY":0.20223372357401523,"ballX":0.3231126451812465,"ballY":0.3767970287205581}
