{"leftPaddleY":0.8995017250211053,"rightPaddleY":0.4036974246165507,"ballX":0.9635544516720932,"ballY":0.059051165964558804}
