{"leftPaddleY":0.21008755814968522,"rightPaddleY":0.6931883354687637,"ballX":0.8457006549936364,"ballY":0.23199491029358782}
