{"leftPaddleY":0.9943528539331479,"rightPaddleY":0.5698309944712625,"ballX":0.1574816719330731,"ballY":0.47831640813455234}
