{"leftPaddleY":0.4768284209227928,"rightPaddleY":0.42993816838315396,"ballX":0.8104589487595433,"ballY":0.7290147587547849}
