{"leftPaddleY":0.1371764159283303,"rightPaddleY":0.3701198915197189,"ballX":0.34404704590696383,"ballY":0.4889980536622463}
