{"leftPaddleY":0.584527401918604,"rightPaddleY":0.9649694280300558,"ballX":0.12384778251415415,"ballY":0.7963947974506647}
