{"leftPaddleY":0.62204862816994,"rightPaddleY":0.3714215603384174,"ballX":0.20548162198673697,"ballY":0.6683234694358041}
