{"leftPaddleY":0.25530580483049325,"rightPaddleY":0.6758811929995275,"ballX":0.27847740814312055,"ballY":0.2729614911226255}
