{"leftPaddleY":0.6894098544079631,"rightPaddleY":0.7338848456604645,"ballX":0.9757339399891152,"ballY":0.4215007772191796}
