{"leftPaddleY":0.9087680022697099,"rightPaddleY":0.01422901537783061,"ballX":0.13671829588019863,"ballY":0.17167263472695782}
