{"leftPaddleY":0.6786768796636978,"rightPaddleY":0.9709515581049163,"ballX":0.1895616233290536,"ballY":0.2740703817006642}
