{"leftPaddleY":0.48171027045449283,"rightPaddleY":0.44204117838251755,"ballX":0.2656977010151798,"ballY":0.338817326512563}
