{"leftPaddleY":0.08474691593325807,"rightPaddleY":0.2583007459061475,"ballX":0.9236052185619975,"ballY":0.7893518778456989}
