{"leftPaddleY":0.6941460774301588,"rightPaddleY":0.450101468333604,"ballX":0.20449933444573695,"ballY":0.8711994693215843}
