{"leftPaddleY":0.4158448001902074,"rightPaddleY":0.1330123220964531,"ballX":0.5996491480132015,"ballY":0.32768814715252664}
