{"leftPaddleY":0.043285663552628986,"rightPaddleY":0.4602906096136824,"ballX":0.6067686778486169,"ballY":0.6533494813858068}
