{"leftPaddleY":0.4510208967537711,"rightPaddleY":0.5761284788896739,"ballX":0.4657829102167557,"ballY":0.4172211444765529}
