{"leftPaddleY":0.5036415799835532,"rightPaddleY":0.2895671353834583,"ballX":0.7420458390782638,"ballY":0.9537665698359113}
