{"leftPaddleY":0.7363998968503668,"rightPaddleY":0.4846065208692466,"ballX":0.479322796427027,"ballY":0.1725278397845579}
