{"leftPaddleY":0.05839800917693668,"rightPaddleY":0.8456882348489987,"ballX":0.22897815377969788,"ballY":0.6002180611938164}
