{"leftPaddleY":0.07133224024156265,"rightPaddleY":0.9496603272917985,"ballX":0.9788922663968653,"ballY":0.772975205296764}
