{"leftPaddleY":0.3472427514370025,"rightPaddleY":0.19387004901618518,"ballX":0.18445690043835092,"ballY":0.3926003099670928}
