{"leftPaddleY":0.0674143657795866,"rightPaddleY":0.940410011544126,"ballX":0.32972539135826395,"ballY":0.7465967390362027}
