{"leftPaddleY":0.21988117541381577,"rightPaddleY":0.7048216596838189,"ballX":0.2188363249053005,"ballY":0.5807037529038287}
