{"leftPaddleY":0.502752637415751,"rightPaddleY":0.9405161850730438,"ballX":0.5413165759564093,"ballY":0.09363584673892282}
