{"leftPaddleY":0.12351609350482919,"rightPaddleY":0.5180736917218386,"ballX":0.9467001526124871,"ballY":0.6731635659022468}
