{"leftPaddleY":0.426751536032855,"rightPaddleY":0.394796120348331,"ballX":0.8640031898374826,"ballY":0.07071434781751051}
