{"leftPaddleY":0.37688054682506716,"rightPaddleY":0.012390911927806208,"ballX":0.3263174073032909,"ballY":0.7771807291724095}
