{"leftPaddleY":0.8989066160810765,"rightPaddleY":0.5754933824680173,"ballX":0.04929129979696359,"ballY":0.5529684628428034}
