{"leftPaddleY":0.6771170734392898,"rightPaddleY":0.16202470741388383,"ballX":0.6946815663768392,"ballY":0.9166854284127166}
