{"leftPaddleY":0.16408467361997595,"rightPaddleY":0.7175660304841787,"ballX":0.237499768545164,"ballY":0.9070141186284785}
