{"leftPaddleY":0.31445898134579525,"rightPaddleY":0.7074920665460517,"ballX":0.7486251344777495,"ballY":0.3270247314869227}
