{"leftPaddleY":0.0012239090919291219,"rightPaddleY":0.47313972954316724,"ballX":0.7011029901139697,"ballY":0.2961118824899095}
