{"leftPaddleY":0.3850991186207919,"rightPaddleY":0.7021171507077013,"ballX":0.26756186812957883,"ballY":0.2645563287130167}
