{"leftPaddleY":0.14173939593154028,"rightPaddleY":0.6862372096693269,"ballX":0.48020911938953037,"ballY":0.8788520635246445}
