{"leftPaddleY":0.10396876462900793,"rightPaddleY":0.425830175668511,"ballX":0.3287077009804665,"ballY":0.5348270612154457}
