{"leftPaddleY":0.48003739603320184,"rightPaddleY":0.8610098791181746,"ballX":0.3832302328982147,"ballY":0.612553166822337}
