{"leftPaddleY":0.0971382839317885,"rightPaddleY":0.505062491370041,"ballX":0.10464554038296749,"ballY":0.9607234728857875}
