{"leftPaddleY":0.023140440604799067,"rightPaddleY":0.9976408011628971,"ballX":0.6785005236056763,"ballY":0.20016381828493546}
