{"leftPaddleY":0.20762799623252606,"rightPaddleY":0.5561518778918751,"ballX":0.5584504023811856,"ballY":0.6099620911471765}
