{"leftPaddleY":0.5810653317116973,"rightPaddleY":0.8719475324765907,"ballX":0.18632739579892782,"ballY":0.8832107481809135}
