{"leftPaddleY":0.7206541740938831,"rightPaddleY":0.5971734567424056,"ballX":0.7253347903637122,"ballY":0.9613690186907329}
