{"leftPaddleY":0.07810678098524511,"rightPaddleY":0.1645050757254638,"ballX":0.9271354698268593,"ballY":0.10739824308133003}
