{"leftPaddleY":0.7520799926212031,"rightPaddleY":0.2923883343088886,"ballX":0.2428130805497506,"ballY":0.6497215594786804}
