{"leftPaddleY":0.8972930012736019,"rightPaddleY":0.6240971461531643,"ballX":0.18835124557598745,"ballY":0.2681223346637682}
