{"leftPaddleY":0.6829772602205872,"rightPaddleY":0.5957325112533296,"ballX":0.267359767775183,"ballY":0.7971434454068351}
