{"leftPaddleY":0.49060464117023844,"rightPaddleY":0.903673739168483,"ballX":0.8255561203083085,"ballY":0.7364734732117008}
