{"leftPaddleY":0.8762434369964968,"rightPaddleY":0.5178828575763692,"ballX":0.5451204816475481,"ballY":0.1602785173885329}
