{"leftPaddleY":0.903251373155228,"rightPaddleY":0.39937627258216696,"ballX":0.6335943966884385,"ballY":0.7581329711260257}
