{"leftPaddleY":0.2157635890915273,"rightPaddleY":0.8441854212551633,"ballX":0.6330995047126311,"ballY":0.793557754058885}
