{"leftPaddleY":0.7322002041327499,"rightPaddleY":0.14951008676241323,"ballX":0.3448298442694829,"ballY":0.8651707305775582}
