{"leftPaddleY":0.6915889708695795,"rightPaddleY":0.9731844530797673,"ballX":0.1677094619152876,"ballY":0.3655036021121019}
