{"leftPaddleY":0.25196299665451355,"rightPaddleY":0.0686366872314992,"ballX":0.3361157989276567,"ballY":0.009174020621126048}
