{"leftPaddleY":0.9638195007071807,"rightPaddleY":0.39549854256136857,"ballX":0.9998603634029585,"ballY":0.05406264803349694}
