{"leftPaddleY":0.1952319162544778,"rightPaddleY":0.5916573913884088,"ballX":0.8058680307837777,"ballY":0.4580420082625442}
