{"leftPaddleY":0.6503369107565348,"rightPaddleY":0.8052986352484777,"ballX":0.5444672354230958,"ballY":0.8313425190710391}
