{"leftPaddleY":0.3162730447323771,"rightPaddleY":0.5010778123197501,"ballX":0.6067759160330339,"ballY":0.8926716046005635}
