{"leftPaddleY":0.9322210110834526,"rightPaddleY":0.9330713136000963,"ballX":0.9297845212659503,"ballY":0.3168225874358449}
