{"leftPaddleY":0.6667091834193389,"rightPaddleY":0.9887774901764653,"ballX":0.3873321915007531,"ballY":0.10653338895120135}
