{"leftPaddleY":0.5354391183631336,"rightPaddleY":0.23184797226085616,"ballX":0.5462998657602504,"ballY":0.4591754065605312}
