{"leftPaddleY":0.016660779763583614,"rightPaddleY":0.7035543313302949,"ballX":0.9630347276117238,"ballY":0.1892997527467356}
