{"leftPaddleY":0.07664335623907269,"rightPaddleY":0.757180209867073,"ballX":0.6972519033559399,"ballY":0.16341556995332504}
