{"leftPaddleY":0.14219041169632368,"rightPaddleY":0.9311957097588645,"ballX":0.2720367789695031,"ballY":0.4741910057382076}
