{"leftPaddleY":0.6188938715446417,"rightPaddleY":0.31705280285229936,"ballX":0.7433560513675928,"ballY":0.947300095843187}
