{"leftPaddleY":0.7104619422080821,"rightPaddleY":0.3657569271468095,"ballX":0.023291369526880778,"ballY":0.22270083084469533}
