{"leftPaddleY":0.47830137798292544,"rightPaddleY":0.14172152919784228,"ballX":0.6270477615025642,"ballY":0.17314807741867347}
