{"leftPaddleY":0.7783006474207341,"rightPaddleY":0.003927923534052734,"ballX":0.2603781891507914,"ballY":0.9478686145836136}
