{"leftPaddleY":0.8616320767992695,"rightPaddleY":0.14143939203950326,"ballX":0.5529275433293153,"ballY":0.5488546808403247}
