{"leftPaddleY":0.3782220020904314,"rightPaddleY":0.5290217393112047,"ballX":0.38099781710603664,"ballY":0.21908636474158386}
