{"leftPaddleY":0.6411725073285918,"rightPaddleY":0.3778143936645525,"ballX":0.6429094467743448,"ballY":0.6830957463427986}
