{"leftPaddleY":0.37323722731445647,"rightPaddleY":0.14231513319870165,"ballX":0.9821697669163472,"ballY":0.6192256493937952}
