{"leftPaddleY":0.5601842838416637,"rightPaddleY":0.6313169045729436,"ballX":0.7101169642144921,"ballY":0.37353447828254804}
