{"leftPaddleY":0.90023378503776,"rightPaddleY":0.31465750574685974,"ballX":0.8529839446102638,"ballY":0.2562408980538985}
