{"leftPaddleY":0.9972782731926032,"rightPaddleY":0.16382860433102098,"ballX":0.001203116405600404,"ballY":0.48781231794942365}
