{"leftPaddleY":0.14844360081971295,"rightPaddleY":0.7309577574204525,"ballX":0.44820876086649997,"ballY":0.13066260218957265}
