{"leftPaddleY":0.01248925532334347,"rightPaddleY":0.4509671591064394,"ballX":0.382878245893244,"ballY":0.3573151648666052}
