{"leftPaddleY":0.6271527649243311,"rightPaddleY":0.18207252713970565,"ballX":0.08699346381876885,"ballY":0.27113591323343367}
