{"leftPaddleY":0.013575824389406872,"rightPaddleY":0.3338990487211197,"ballX":0.7433701998435139,"ballY":0.628523708643804}
