{"leftPaddleY":0.3821329397155312,"rightPaddleY":0.5543506934806081,"ballX":0.3913558125928492,"ballY":0.3728037238938752}
