{"leftPaddleY":0.6367702958826252,"rightPaddleY":0.24469585378870648,"ballX":0.2880272640293876,"ballY":0.28833522523076655}
