{"leftPaddleY":0.3784340309258318,"rightPaddleY":0.9624307727433142,"ballX":0.7234403285400256,"ballY":0.7854765217089132}
