{"leftPaddleY":0.6317147856059109,"rightPaddleY":0.6444695553337985,"ballX":0.1897850585443302,"ballY":0.5022559023096441}
