{"leftPaddleY":0.21669213509526156,"rightPaddleY":0.6500433627852712,"ballX":0.5674534888466164,"ballY":0.09056332440422903}
