{"leftPaddleY":0.48023785334446817,"rightPaddleY":0.7048673834374981,"ballX":0.2628340693153419,"ballY":0.21749926336843747}
