{"leftPaddleY":0.9910276850976416,"rightPaddleY":0.24743001106990456,"ballX":0.8153386621393013,"ballY":0.6462511859936135}
