{"leftPaddleY":0.6762932620020302,"rightPaddleY":0.2061114945018468,"ballX":0.15222756966728426,"ballY":0.43904119407463116}
