{"leftPaddleY":0.7705663334038839,"rightPaddleY":0.3728412207705807,"ballX":0.9050904496588701,"ballY":0.7102298134659263}
