{"leftPaddleY":0.9116086443824802,"rightPaddleY":0.22128017026622288,"ballX":0.37489005544070325,"ballY":0.3637816959936674}
