{"leftPaddleY":0.6977318759827498,"rightPaddleY":0.25500518194970895,"ballX":0.43607835344271173,"ballY":0.4772111179677157}
