{"leftPaddleY":0.8926628585746982,"rightPaddleY":0.6613475891940611,"ballX":0.6756245561803439,"ballY":0.9198148924278271}
