{"leftPaddleY":0.6884271497371957,"rightPaddleY":0.8551998554479252,"ballX":0.9174383842167122,"ballY":0.15460167302668051}
