{"leftPaddleY":0.514025073903216,"rightPaddleY":0.5903302269270501,"ballX":0.9036877639537699,"ballY":0.45653899887471827}
