{"leftPaddleY":0.07834415777957945,"rightPaddleY":0.4581958299525883,"ballX":0.4279557305303528,"ballY":0.7230885308162944}
