{"leftPaddleY":0.1481646511421422,"rightPaddleY":0.7783237797140573,"ballX":0.05078895361669977,"ballY":0.10511193400101454}
