{"leftPaddleY":0.22850512293358835,"rightPaddleY":0.1332569668958811,"ballX":0.5271154727068564,"ballY":0.2691494110889715}
