{"leftPaddleY":0.6299774979779981,"rightPaddleY":0.8763923433793264,"ballX":0.944299491324052,"ballY":0.7121709188355397}
