{"leftPaddleY":0.36922462589692956,"rightPaddleY":0.5813330956708802,"ballX":0.7116240119475739,"ballY":0.8576338105342962}
