{"leftPaddleY":0.3162152154196217,"rightPaddleY":0.5103675198937623,"ballX":0.17667071929922804,"ballY":0.32989351153038193}
