{"leftPaddleY":0.2986741626773234,"rightPaddleY":0.8410684606616753,"ballX":0.6365312844441885,"ballY":0.41401648380496936}
