{"leftPaddleY":0.944767955562601,"rightPaddleY":0.8399436015628172,"ballX":0.3022612116192409,"ballY":0.37287156274053357}
