{"leftPaddleY":0.5932546465564323,"rightPaddleY":0.05842756888692111,"ballX":0.2479340991898077,"ballY":0.7403211266304621}
