{"leftPaddleY":0.9391609570050895,"rightPaddleY":0.5243021067701527,"ballX":0.8630220676426522,"ballY":0.8554635252979578}
