{"leftPaddleY":0.7651108288465702,"rightPaddleY":0.9279477796433324,"ballX":0.46641260884586416,"ballY":0.45436676536790926}
