{"leftPaddleY":0.9769861864565511,"rightPaddleY":0.684349902981042,"ballX":0.8819439637078685,"ballY":0.43399741130549196}
