{"leftPaddleY":0.682452353043271,"rightPaddleY":0.3384492923050719,"ballX":0.17114488301132538,"ballY":0.007608957424502987}
