{"leftPaddleY":0.6714133261483871,"rightPaddleY":0.6620865418461166,"ballX":0.37600304758958336,"ballY":0.22654172388619023}
