{"leftPaddleY":0.8723628432872019,"rightPaddleY":0.30144958420751183,"ballX":0.6845379854382847,"ballY":0.1521159347160621}
