{"leftPaddleY":0.5083827128943158,"rightPaddleY":0.9582945850411139,"ballX":0.8853340600635936,"ballY":0.1863142353997546}
