{"leftPaddleY":0.6056507187129389,"rightPaddleY":0.34461885883426985,"ballX":0.9303889691954432,"ballY":0.1295982675051859}
