{"leftPaddleY":0.5916216318381927,"rightPaddleY":0.08163979432864082,"ballX":0.925312874813883,"ballY":0.6463705575900915}
