{"leftPaddleY":0.13522377093038282,"rightPaddleY":0.8200645532247253,"ballX":0.9291711034395936,"ballY":0.8283055045347453}
