{"leftPaddleY":0.09680787219680374,"rightPaddleY":0.2520976065440924,"ballX":0.2536048182851974,"ballY":0.3929883633593926}
