{"leftPaddleY":0.49516818373309335,"rightPaddleY":0.28268250717012816,"ballX":0.8378079488540294,"ballY":0.247265661537786}
