{"leftPaddleY":0.4510849854697116,"rightPaddleY":0.5820345093709082,"ballX":0.6746832142816451,"ballY":0.6394001886457573}
