{"leftPaddleY":0.6893170061959663,"rightPaddleY":0.09043660106949487,"ballX":0.17878488924270014,"ballY":0.358348505450519}
