{"leftPaddleY":0.35645677583318325,"rightPaddleY":0.7487920773437677,"ballX":0.24796111402444967,"ballY":0.9050128338578862}
