{"leftPaddleY":0.48479929343372097,"rightPaddleY":0.9176435337293001,"ballX":0.9466125454966244,"ballY":0.082371261413332}
