{"leftPaddleY":0.2544629705672431,"rightPaddleY":0.9245279326640774,"ballX":0.6702424148079681,"ballY":0.11346052170982475}
