{"leftPaddleY":0.5692616626609489,"rightPaddleY":0.7317826006464692,"ballX":0.8688330532903578,"ballY":0.6554078761434426}
