{"leftPaddleY":0.28748738653436373,"rightPaddleY":0.6475622730297994,"ballX":0.31068161592180876,"ballY":0.25798794798442487}
