{"leftPaddleY":0.4003873406374387,"rightPaddleY":0.6146951669325043,"ballX":0.8514915684005999,"ballY":0.47432289384556214}
