{"leftPaddleY":0.16214682055266172,"rightPaddleY":0.2708408093814374,"ballX":0.0636505675538285,"ballY":0.8027654262577911}
