{"leftPaddleY":0.05437359248279868,"rightPaddleY":0.4974869228432937,"ballX":0.8379748636940356,"ballY":0.4257215320715513}
