{"leftPaddleY":0.621088045875791,"rightPaddleY":0.35320685055744755,"ballX":0.2976535989451682,"ballY":0.9641374594153759}
