{"leftPaddleY":0.36431264082159237,"rightPaddleY":0.1312007184896697,"ballX":0.19913150074873037,"ballY":0.2522308562957253}
