{"leftPaddleY":0.9101745899898637,"rightPaddleY":0.9659416435222218,"ballX":0.5550905892310987,"ballY":0.9963553296210749}
