{"leftPaddleY":0.5838862384528745,"rightPaddleY":0.47873949552672274,"ballX":0.7140093782874999,"ballY":0.9273050926682299}
