{"leftPaddleY":0.0488368732287896,"rightPaddleY":0.7366077630904605,"ballX":0.22526911713499378,"ballY":0.29680524809655073}
