{"leftPaddleY":0.8919882813674133,"rightPaddleY":0.625581694247787,"ballX":0.8726734819880553,"ballY":0.0632292288784228}
