{"leftPaddleY":0.6426304635068335,"rightPaddleY":0.8845249324617628,"ballX":0.7808602151118347,"ballY":0.7618744561528119}
