{"leftPaddleY":0.8610686896380443,"rightPaddleY":0.5654212920222672,"ballX":0.11741050839091804,"ballY":0.8214855806298405}
