{"leftPaddleY":0.1567722579084367,"rightPaddleY":0.5566594643879855,"ballX":0.15998584329241006,"ballY":0.811060939058851}
