{"leftPaddleY":0.5413443952825137,"rightPaddleY":0.38407979200082876,"ballX":0.46151108150678644,"ballY":0.7088920471839059}
