{"leftPaddleY":0.6051187717975449,"rightPaddleY":0.7284260392259199,"ballX":0.45852575155338543,"ballY":0.6358722707635295}
