{"leftPaddleY":0.11311705413244764,"rightPaddleY":0.6613348449524267,"ballX":0.7402840734070961,"ballY":0.8644774912826382}
