{"leftPaddleY":0.01519218433829894,"rightPaddleY":0.9908633384528032,"ballX":0.7733185334694738,"ballY":0.7875490660192089}
