{"leftPaddleY":0.6193387637103303,"rightPaddleY":0.13568810519292526,"ballX":0.15972111745389467,"ballY":0.06912036817637802}
