{"leftPaddleY":0.6967351815905755,"rightPaddleY":0.9509019440539067,"ballX":0.8835054074188804,"ballY":0.5274785600766739}
