{"leftPaddleY":0.3148742413018719,"rightPaddleY":0.813620938658861,"ballX":0.926853372242029,"ballY":0.6010210515624294}
