{"leftPaddleY":0.015122489691836938,"rightPaddleY":0.45568927569312023,"ballX":0.6389520605272594,"ballY":0.010386615596197425}
