{"leftPaddleY":0.534177966255345,"rightPaddleY":0.7795673424516849,"ballX":0.19079762762738195,"ballY":0.5160877816819399}
