{"leftPaddleY":0.11536835831881673,"rightPaddleY":0.5257260377738684,"ballX":0.9372656706758742,"ballY":0.17381619366006512}
