{"leftPaddleY":0.6952684906382605,"rightPaddleY":0.2326578509677839,"ballX":0.05929277742211759,"ballY":0.7157600025512868}
