{"leftPaddleY":0.23302618812337342,"rightPaddleY":0.9853647095633813,"ballX":0.17397981515425784,"ballY":0.9233674182954762}
