{"leftPaddleY":0.5121869501083598,"rightPaddleY":0.512199042624098,"ballX":0.052877404834675304,"ballY":0.5313654487650327}
