{"leftPaddleY":0.8197527271624516,"rightPaddleY":0.04988384919227116,"ballX":0.8265165840666259,"ballY":0.22090812930664075}
