{"leftPaddleY":0.025500659868975598,"rightPaddleY":0.4104734495924611,"ballX":0.6335461302182448,"ballY":0.25205863018811825}
