{"leftPaddleY":0.006556911793402728,"rightPaddleY":0.06264784269396928,"ballX":0.8076065580341867,"ballY":0.2540727341025029}
