{"leftPaddleY":0.1349202684489712,"rightPaddleY":0.3292351603582203,"ballX":0.09938575362416378,"ballY":0.4083765436370172}
