{"leftPaddleY":0.23677022586910298,"rightPaddleY":0.4547569998935225,"ballX":0.5880884590131099,"ballY":0.654661632810021}
