{"leftPaddleY":0.46420694029717974,"rightPaddleY":0.8104604326814121,"ballX":0.053458400502347105,"ballY":0.5141357383438057}
