{"leftPaddleY":0.3130856474813506,"rightPaddleY":0.7924625060621094,"ballX":0.8685266250626009,"ballY":0.22723010338772573}
