{"leftPaddleY":0.3617457212325143,"rightPaddleY":0.561687053141527,"ballX":0.3290172082041209,"ballY":0.6647593237441679}
