{"leftPaddleY":0.2999943710664268,"rightPaddleY":0.14143683531658932,"ballX":0.17609483038869284,"ballY":0.12973044163382277}
