{"leftPaddleY":0.26608550585873814,"rightPaddleY":0.4833447988702042,"ballX":0.03319193805266252,"ballY":0.5550474079555588}
