{"leftPaddleY":0.003682545847604981,"rightPaddleY":0.5007032933012532,"ballX":0.9067641994410832,"ballY":0.8365446507383774}
