{"leftPaddleY":0.8238187297291287,"rightPaddleY":0.5933885759551119,"ballX":0.6021077955025255,"ballY":0.3865516166541612}
