{"leftPaddleY":0.6422018700310503,"rightPaddleY":0.8619168250032672,"ballX":0.6299725755284183,"ballY":0.10640407693686303}
