{"leftPaddleY":0.2971184997716726,"rightPaddleY":0.5559789569999036,"ballX":0.37354899130931873,"ballY":0.47507486329324844}
