{"leftPaddleY":0.90964650256938,"rightPaddleY":0.4738487005668106,"ballX":0.4201392158633581,"ballY":0.19673759629518908}
