{"leftPaddleY":0.16174531830621253,"rightPaddleY":0.23740755714850323,"ballX":0.27831569351976515,"ballY":0.11974822940063808}
