{"leftPaddleY":0.34421771943043705,"rightPaddleY":0.18228386146986847,"ballX":0.8728735139550203,"ballY":0.24072926202692546}
