{"leftPaddleY":0.768478216829634,"rightPaddleY":0.30010305138634225,"ballX":0.0784783039226253,"ballY":0.11883427594184809}
