{"leftPaddleY":0.5305786075479842,"rightPaddleY":0.003881942459567468,"ballX":0.7740119038122145,"ballY":0.5274863031224524}
