{"leftPaddleY":0.28230976376797673,"rightPaddleY":0.08828960338179977,"ballX":0.12035027306185861,"ballY":0.5199477457045912}
