{"leftPaddleY":0.10203213263005559,"rightPaddleY":0.7819127489782057,"ballX":0.7917003547127496,"ballY":0.016496512025459643}
