{"leftPaddleY":0.049579520957647324,"rightPaddleY":0.7156497766392823,"ballX":0.32179268720668064,"ballY":0.44194401189289306}
