{"leftPaddleY":0.8039011839487966,"rightPaddleY":0.6578841354963729,"ballX":0.4419710627288768,"ballY":0.9703542136505389}
