{"leftPaddleY":0.8953797267213526,"rightPaddleY":0.7882398997669424,"ballX":0.29572142388552575,"ballY":0.6493668248510631}
