{"leftPaddleY":0.7125042463127929,"rightPaddleY":0.04239642323069018,"ballX":0.4245787848186859,"ballY":0.6254683007514059}
