{"leftPaddleY":0.325738583566696,"rightPaddleY":0.08109215591464528,"ballX":0.31866888718689823,"ballY":0.051334767039563786}
