{"leftPaddleY":0.19663998304274033,"rightPaddleY":0.5623946787541408,"ballX":0.03673291734975929,"ballY":0.8756749501907174}
