{"leftPaddleY":0.43803659677180923,"rightPaddleY":0.5482290594909541,"ballX":0.3752163816609351,"ballY":0.029284964878605373}
