{"leftPaddleY":0.3335373451998782,"rightPaddleY":0.7134121591337366,"ballX":0.4285866309091411,"ballY":0.48849676436795975}
