{"leftPaddleY":0.30136015009007755,"rightPaddleY":0.21987243676307996,"ballX":0.6479935441067232,"ballY":0.45354859230141253}
