{"leftPaddleY":0.5698096122672787,"rightPaddleY":0.8309553931654234,"ballX":0.3049492970371821,"ballY":0.42370556932214287}
