{"leftPaddleY":0.9830676828262099,"rightPaddleY":0.343009251737332,"ballX":0.7947931554945578,"ballY":0.27449616960850687}
