{"leftPaddleY":0.24949960564166745,"rightPaddleY":0.33003276116263097,"ballX":0.023632092746440597,"ballY":0.28535551549697136}
