{"leftPaddleY":0.019726505460055034,"rightPaddleY":0.6675859159699729,"ballX":0.18450908528307483,"ballY":0.034192524785204084}
