{"leftPaddleY":0.38957916332871884,"rightPaddleY":0.2591842898064354,"ballX":0.5186904514317223,"ballY":0.38876154503243515}
