{"leftPaddleY":0.30256817721321916,"rightPaddleY":0.6900075052929736,"ballX":0.39460804343755446,"ballY":0.7154149896530357}
