{"leftPaddleY":0.9162956677568204,"rightPaddleY":0.3841885810718525,"ballX":0.9057441562037285,"ballY":0.017727676401681436}
