{"leftPaddleY":0.720427829752757,"rightPaddleY":0.5636608927690343,"ballX":0.9240705992694261,"ballY":0.5197778268237565}
