{"leftPaddleY":0.08860001580619083,"rightPaddleY":0.8687841114730758,"ballX":0.32239186179149204,"ballY":0.1383100205097872}
