{"leftPaddleY":0.07786184545237335,"rightPaddleY":0.2834247779686268,"ballX":0.9848932127647976,"ballY":0.8280187266816075}
