{"leftPaddleY":0.535379959943212,"rightPaddleY":0.8950057037845026,"ballX":0.40638598798402653,"ballY":0.08939610533205287}
