{"leftPaddleY":0.23973004761323014,"rightPaddleY":0.21179199007764485,"ballX":0.33777710951687373,"ballY":0.9758607552783756}
