{"leftPaddleY":0.8434681356317802,"rightPaddleY":0.6298538926259285,"ballX":0.7062172750096006,"ballY":0.09177071534403493}
