{"leftPaddleY":0.5342892716725468,"rightPaddleY":0.3665042281559799,"ballX":0.6772966123577078,"ballY":0.7157221950284541}
