{"leftPaddleY":0.7171905738842684,"rightPaddleY":0.48475269467874715,"ballX":0.001223233755819961,"ballY":0.8023681667043581}
