{"leftPaddleY":0.8691098450722434,"rightPaddleY":0.263095981038747,"ballX":0.47499887830191145,"ballY":0.16337767776557088}
