{"leftPaddleY":0.4028785852852165,"rightPaddleY":0.3858480541120437,"ballX":0.38237937785428444,"ballY":0.5223283785773417}
