{"leftPaddleY":0.33841961904781925,"rightPaddleY":0.28938793613471897,"ballX":0.28331454694348474,"ballY":0.8153607610593181}
