{"leftPaddleY":0.5714757969140364,"rightPaddleY":0.829782445452593,"ballX":0.34423360981003803,"ballY":0.01530274686682129}
