{"leftPaddleY":0.14761191080093253,"rightPaddleY":0.9014139814790291,"ballX":0.48432332558332736,"ballY":0.3908060403665266}
