{"leftPaddleY":0.46061108211378277,"rightPaddleY":0.5506763526796221,"ballX":0.8786081346072643,"ballY":0.36903872310454744}
