{"leftPaddleY":0.22324628941439037,"rightPaddleY":0.17411620632020233,"ballX":0.9589764280576654,"ballY":0.7435852306411731}
