{"leftPaddleY":0.9924296107624759,"rightPaddleY":0.6830195775164515,"ballX":0.8877152334313688,"ballY":0.31577039101906795}
