{"leftPaddleY":0.7099687341463532,"rightPaddleY":0.2970980236269751,"ballX":0.8264209800241616,"ballY":0.7748123441282995}
