{"leftPaddleY":0.3884851182065368,"rightPaddleY":0.96305816607941,"ballX":0.04745076058099228,"ballY":0.37977049849290445}
