{"leftPaddleY":0.7145369933519466,"rightPaddleY":0.3583125584529485,"ballX":0.3171990147097008,"ballY":0.06276687891674039}
