{"leftPaddleY":0.9952738186895316,"rightPaddleY":0.10767059668953771,"ballX":0.6356766054207781,"ballY":0.9995698592031398}
