{"leftPaddleY":0.30568994446564685,"rightPaddleY":0.21626213833999391,"ballX":0.789138008672151,"ballY":0.5920365311460435}
