{"leftPaddleY":0.48489222693522055,"rightPaddleY":0.40127878241420756,"ballX":0.3590403872429136,"ballY":0.25890899680030593}
