{"leftPaddleY":0.0032102133929050496,"rightPaddleY":0.9468924496962903,"ballX":0.818814408085925,"ballY":0.9820116740152696}
