{"leftPaddleY":0.2658958987815813,"rightPaddleY":0.7697589487376939,"ballX":0.9459123017585456,"ballY":0.5992344763778243}
