{"leftPaddleY":0.28019966918283423,"rightPaddleY":0.6879169591396073,"ballX":0.9494601299544395,"ballY":0.22051180912063303}
