{"leftPaddleY":0.6880721982453979,"rightPaddleY":0.8769112332308184,"ballX":0.05187697198385999,"ballY":0.548370758000934}
