{"leftPaddleY":0.028308023166601786,"rightPaddleY":0.17800526018177243,"ballX":0.9187589301450765,"ballY":0.5432188555118135}
