{"leftPaddleY":0.03774813569071184,"rightPaddleY":0.4099509668020216,"ballX":0.19393480718130943,"ballY":0.8696368969148949}
