{"leftPaddleY":0.7108552603460371,"rightPaddleY":0.4029136124391143,"ballX":0.9819084394829514,"ballY":0.3099477366286592}
