{"leftPaddleY":0.49222634376459384,"rightPaddleY":0.3700193076081725,"ballX":0.7152821585024828,"ballY":0.7908716533060997}
