{"leftPaddleY":0.9182726802060462,"rightPaddleY":0.9226283926702431,"ballX":0.8674101546996158,"ballY":0.8099266919404959}
