{"leftPaddleY":0.4390489681848943,"rightPaddleY":0.33724402862784075,"ballX":0.400059886522484,"ballY":0.4082087045002585}
