{"leftPaddleY":0.836126422489338,"rightPaddleY":0.21739176796085236,"ballX":0.5714240303757486,"ballY":0.46233116731695406}
