{"leftPaddleY":0.16866312639530506,"rightPaddleY":0.32130654638868505,"ballX":0.19951121651457357,"ballY":0.07992116500157015}
