{"leftPaddleY":0.3301988104755377,"rightPaddleY":0.8619470129761733,"ballX":0.9012571054328739,"ballY":0.9723306105329098}
