{"leftPaddleY":0.9855589570035792,"rightPaddleY":0.9544430158244657,"ballX":0.4155557917427515,"ballY":0.8264460469024906}
