{"leftPaddleY":0.6238810090288713,"rightPaddleY":0.19509438832857876,"ballX":0.6381363094794541,"ballY":0.8942216572397458}
