{"leftPaddleY":0.8440737292097085,"rightPaddleY":0.6559708817516092,"ballX":0.45204037785216683,"ballY":0.17103209353479043}
