{"leftPaddleY":0.26850221029446786,"rightPaddleY":0.6161757289379963,"ballX":0.8950787789790511,"ballY":0.13598830311867743}
