{"leftPaddleY":0.19406273795857895,"rightPaddleY":0.24760515287563487,"ballX":0.0880094601570926,"ballY":0.05615317336352762}
