{"leftPaddleY":0.8019382042294942,"rightPaddleY":0.3748190641885068,"ballX":0.19288197486133932,"ballY":0.49167370009484274}
