{"leftPaddleY":0.09365340032506282,"rightPaddleY":0.8601179069358692,"ballX":0.5292430353317832,"ballY":0.9128443097738219}
