{"leftPaddleY":0.6756660389686145,"rightPaddleY":0.2779735590047452,"ballX":0.39258220762510265,"ballY":0.9660179821083821}
