{"leftPaddleY":0.5330805654022558,"rightPaddleY":0.6291847316400004,"ballX":0.9320646772301457,"ballY":0.6386772105407312}
