{"leftPaddleY":0.09831157411152557,"rightPaddleY":0.7084886020422657,"ballX":0.24575107859987938,"ballY":0.9203086070486779}
