{"leftPaddleY":0.2101567071805366,"rightPaddleY":0.7216103522070901,"ballX":0.1175282377644252,"ballY":0.5016747424926505}
