{"leftPaddleY":0.2029931301831188,"rightPaddleY":0.4819882237645496,"ballX":0.12629731708773523,"ballY":0.4643390660275634}
