{"leftPaddleY":0.10583934410113822,"rightPaddleY":0.9941164055261614,"ballX":0.9469096813563558,"ballY":0.9087536600646994}
