{"leftPaddleY":0.7562647897818895,"rightPaddleY":0.8812948989473637,"ballX":0.2737818292401158,"ballY":0.6775395887184126}
