{"leftPaddleY":0.6699946103677561,"rightPaddleY":0.8848469636448234,"ballX":0.33032688536583027,"ballY":0.42279399675112855}
