{"leftPaddleY":0.006790950375955054,"rightPaddleY":0.7198460032908847,"ballX":0.32522795758424417,"ballY":0.7715429012132873}
