{"leftPaddleY":0.31087753433327725,"rightPaddleY":0.8577469678023242,"ballX":0.896923192237637,"ballY":0.18447964310988585}
