{"leftPaddleY":0.6927279114288755,"rightPaddleY":0.9734345662358492,"ballX":0.5390181099355186,"ballY":0.5096975653030592}
