{"leftPaddleY":0.38394694870509927,"rightPaddleY":0.9590346205928203,"ballX":0.7100823438165104,"ballY":0.01491722052421134}
