{"leftPaddleY":0.7266730039263481,"rightPaddleY":0.5488055272050878,"ballX":0.6999329722850434,"ballY":0.40312198208533145}
