{"leftPaddleY":0.6574867762073439,"rightPaddleY":0.5399790685936755,"ballX":0.4242661043687958,"ballY":0.11576932367686552}
