{"leftPaddleY":0.02858269546021074,"rightPaddleY":0.789159034800646,"ballX":0.7843081812517513,"ballY":0.28170359677095463}
