{"leftPaddleY":0.8363294309369715,"rightPaddleY":0.9757694405858385,"ballX":0.3361582870632535,"ballY":0.7487094785393437}
