{"leftPaddleY":0.10781480957712877,"rightPaddleY":0.04756817105237081,"ballX":0.7979577333189083,"ballY":0.9494879146709552}
