{"leftPaddleY":0.5658834719630369,"rightPaddleY":0.5806682557962375,"ballX":0.5498390143536265,"ballY":0.7690788804898891}
