{"leftPaddleY":0.8278986431802619,"rightPaddleY":0.30076957743086724,"ballX":0.4858884901086246,"ballY":0.012413096033275828}
