{"leftPaddleY":0.1303426654659745,"rightPaddleY":0.9735732236087711,"ballX":0.3343010047934109,"ballY":0.5789995916730352}
