{"leftPaddleY":0.34324177610331164,"rightPaddleY":0.569077902904161,"ballX":0.6301128362002583,"ballY":0.9516327726407526}
