{"leftPaddleY":0.09131708440840405,"rightPaddleY":0.6486966905316511,"ballX":0.09479747294696976,"ballY":0.2633952730691851}
