{"leftPaddleY":0.45718498692546505,"rightPaddleY":0.43319124628039524,"ballX":0.9056493376636219,"ballY":0.3093492673076328}
