{"leftPaddleY":0.7683116045406058,"rightPaddleY":0.6701073181925429,"ballX":0.07703015249580782,"ballY":0.3586736730647396}
