{"leftPaddleY":0.23872892152003963,"rightPaddleY":0.10126282142713476,"ballX":0.3385795909763629,"ballY":0.42171650852669174}
