{"leftPaddleY":0.6962994957623698,"rightPaddleY":0.9745463033781365,"ballX":0.4968711235878487,"ballY":0.7135621778195833}
