{"leftPaddleY":0.8275249287482843,"rightPaddleY":0.8028200123179693,"ballX":0.6365790285569879,"ballY":0.5194100492757563}
