{"leftPaddleY":0.5310103660042709,"rightPaddleY":0.8166250840589014,"ballX":0.47799051858906383,"ballY":0.5519803508097434}
