{"leftPaddleY":0.857864268872653,"rightPaddleY":0.7903680052820049,"ballX":0.30200891380373307,"ballY":0.389021508242325}
