{"leftPaddleY":0.44294892460713736,"rightPaddleY":0.4112472832746927,"ballX":0.2377280461979728,"ballY":0.6335671422447195}
