{"leftPaddleY":0.8157487355370394,"rightPaddleY":0.6958780247596497,"ballX":0.6839002906309605,"ballY":0.5510133747215513}
