{"leftPaddleY":0.8229027303723483,"rightPaddleY":0.9015165084794174,"ballX":0.24636513204033234,"ballY":0.847505962245126}
