{"leftPaddleY":0.5023885279677432,"rightPaddleY":0.7530038150701545,"ballX":0.6100848949716757,"ballY":0.6943343731741538}
