{"leftPaddleY":0.7160966506747756,"rightPaddleY":0.6838954844455942,"ballX":0.27184419140319466,"ballY":0.09331671162010785}
