{"leftPaddleY":0.7074932522722372,"rightPaddleY":0.27588053941562596,"ballX":0.29785107996491267,"ballY":0.9026081106027591}
