{"leftPaddleY":0.8236041140951521,"rightPaddleY":0.7906891488228192,"ballX":0.9964154347708187,"ballY":0.821518943822985}
