{"leftPaddleY":0.8916560204590159,"rightPaddleY":0.8296612841222336,"ballX":0.030469153685243514,"ballY":0.5764500622773437}
