{"leftPaddleY":0.5478733866236482,"rightPaddleY":0.8020800786821876,"ballX":0.6640116927792368,"ballY":0.7076213886727198}
