{"leftPaddleY":0.39548830631868387,"rightPaddleY":0.4822830844976123,"ballX":0.04110443673112058,"ballY":0.49425266873525214}
