{"leftPaddleY":0.18653097893193818,"rightPaddleY":0.8944097877720283,"ballX":0.09283771304408542,"ballY":0.7589446232373587}
