{"leftPaddleY":0.6517331531579683,"rightPaddleY":0.5682959866117001,"ballX":0.6666350451859838,"ballY":0.6442223990244583}
