{"leftPaddleY":0.5359082941885979,"rightPaddleY":0.6927779462646345,"ballX":0.7905062979975773,"ballY":0.058123662156228044}
