{"leftPaddleY":0.1818557305373059,"rightPaddleY":0.5595495892716795,"ballX":0.5425655512556956,"ballY":0.9758943616036029}
