{"leftPaddleY":0.9901047252877847,"rightPaddleY":0.8055927934747954,"ballX":0.12869858412861332,"ballY":0.47840487764319556}
