{"leftPaddleY":0.5295042539250442,"rightPaddleY":0.9440060780950086,"ballX":0.5824823171266628,"ballY":0.32944071536988906}
