{"leftPaddleY":0.25575475316278984,"rightPaddleY":0.8380046869025799,"ballX":0.21313857133240272,"ballY":0.9697672654837681}
