{"leftPaddleY":0.7600811683572568,"rightPaddleY":0.5545015454054318,"ballX":0.17261502241127472,"ballY":0.056003025179453395}
