{"leftPaddleY":0.28577102895429324,"rightPaddleY":0.6590276329711883,"ballX":0.5510815762052284,"ballY":0.031587456773942355}
