{"leftPaddleY":0.009747884311437761,"rightPaddleY":0.5717334119433781,"ballX":0.536353396723136,"ballY":0.9120871478115593}
