{"leftPaddleY":0.065323857852364,"rightPaddleY":0.4731231485912411,"ballX":0.19649471489803233,"ballY":0.050414972745315964}
