{"leftPaddleY":0.6495705434049712,"rightPaddleY":0.7761533596567957,"ballX":0.653484142936934,"ballY":0.9355754799438063}
