{"leftPaddleY":0.8815904412987696,"rightPaddleY":0.4281822305297491,"ballX":0.6545833610625756,"ballY":0.6627728452451915}
