{"leftPaddleY":0.6150994881312158,"rightPaddleY":0.16367517387184824,"ballX":0.40748723243073054,"ballY":0.07646702139900094}
