{"leftPaddleY":0.09808519988156034,"rightPaddleY":0.3626102299099373,"ballX":0.4436481585900739,"ballY":0.9251094554315973}
