{"leftPaddleY":0.9130120722894522,"rightPaddleY":0.6946450742069843,"ballX":0.4295583313097138,"ballY":0.15863725609055693}
