{"leftPaddleY":0.10226459154633492,"rightPaddleY":0.08284831081477868,"ballX":0.7642637609660732,"ballY":0.40127480386528236}
