{"leftPaddleY":0.2974441928331647,"rightPaddleY":0.4630225644506194,"ballX":0.02005480316573667,"ballY":0.006453561564965603}
