{"leftPaddleY":0.9651784207805154,"rightPaddleY":0.2891258373160111,"ballX":0.48369750543234724,"ballY":0.5266530282134849}
