{"leftPaddleY":0.10491315882298326,"rightPaddleY":0.5841367597978869,"ballX":0.4884880763262055,"ballY":0.12613439644517588}
