{"leftPaddleY":0.022589728606104895,"rightPaddleY":0.8116054145702614,"ballX":0.91123569342793,"ballY":0.8528238955230908}
