{"leftPaddleY":0.3276264096701933,"rightPaddleY":0.7355417153154301,"ballX":0.5866483331714306,"ballY":0.1780972581285378}
