{"leftPaddleY":0.9476981903337932,"rightPaddleY":0.5201794144191036,"ballX":0.7456905079715981,"ballY":0.6093040252712705}
