{"leftPaddleY":0.9335636634379738,"rightPaddleY":0.594441902172342,"ballX":0.20056604981571632,"ballY":0.8321743816136764}
