{"leftPaddleY":0.2860442259369531,"rightPaddleY":0.5918258881781816,"ballX":0.9631797418485342,"ballY":0.7902943738079219}
