{"leftPaddleY":0.3688378068165964,"rightPaddleY":0.4698484862128562,"ballX":0.8310244407203534,"ballY":0.6781693465380043}
