{"leftPaddleY":0.526329503380618,"rightPaddleY":0.32050193654389214,"ballX":0.15875458574865867,"ballY":0.19437598504641113}
