{"leftPaddleY":0.8727704393866947,"rightPaddleY":0.31904886826409595,"ballX":0.11568943927436089,"ballY":0.4731251189146671}
