{"leftPaddleY":0.4233743308923753,"rightPaddleY":0.711482206543839,"ballX":0.18369994994085992,"ballY":0.05811314401085572}
