{"leftPaddleY":0.029562974941182492,"rightPaddleY":0.6185892748193913,"ballX":0.30646908100151143,"ballY":0.2651047423051578}
