{"leftPaddleY":0.9009309263650394,"rightPaddleY":0.8279818844566122,"ballX":0.6328269929470648,"ballY":0.4580093472343812}
