{"leftPaddleY":0.4943835946525744,"rightPaddleY":0.35483968762826645,"ballX":0.4090810625838103,"ballY":0.739378218915161}
