{"leftPaddleY":0.9362313054726896,"rightPaddleY":0.307052664340373,"ballX":0.3683644177722578,"ballY":0.5988084056006164}
