{"leftPaddleY":0.4706041851840816,"rightPaddleY":0.10455473052968887,"ballX":0.29637948267066955,"ballY":0.017300344715237892}
