{"leftPaddleY":0.24443152825080403,"rightPaddleY":0.4331740612381532,"ballX":0.7531083583579317,"ballY":0.01954040894022439}
