{"leftPaddleY":0.4744731109436124,"rightPaddleY":0.07806377340275991,"ballX":0.41457470858394196,"ballY":0.3121115263434493}
