{"leftPaddleY":0.9144328640350718,"rightPaddleY":0.4644206620460658,"ballX":0.3872701189736138,"ballY":0.6200685071555019}
