{"leftPaddleY":0.9610969284912855,"rightPaddleY":0.006465187752477185,"ballX":0.9396289567624807,"ballY":0.12020565074838348}
