{"leftPaddleY":0.04232393376611408,"rightPaddleY":0.029948233680297205,"ballX":0.2638118245857972,"ballY":0.607688299269723}
