{"leftPaddleY":0.688910593553478,"rightPaddleY":0.6507996515651197,"ballX":0.24973442190886572,"ballY":0.45204163454453705}
