{"leftPaddleY":0.11606046384726945,"rightPaddleY":0.4780398510961448,"ballX":0.0350160728969149,"ballY":0.8036214653919185}
