{"leftPaddleY":0.01802911126170138,"rightPaddleY":0.4817917541587652,"ballX":0.36118237228486727,"ballY":0.8776159689127074}
