{"leftPaddleY":0.48105716107714125,"rightPaddleY":0.09022915168935905,"ballX":0.41942420657899077,"ballY":0.21358974881672924}
