{"leftPaddleY":0.6426631261176925,"rightPaddleY":0.4571257683830834,"ballX":0.6664306096954684,"ballY":0.9233596844027852}
