{"leftPaddleY":0.33120306721410936,"rightPaddleY":0.4177123924957238,"ballX":0.3930840515835152,"ballY":0.6318429954391882}
