{"leftPaddleY":0.04846772846084588,"rightPaddleY":0.6675678841334305,"ballX":0.8361515220694506,"ballY":0.044864847981707666}
