{"leftPaddleY":0.48268250516354033,"rightPaddleY":0.919436582903604,"ballX":0.9411323649138728,"ballY":0.9734907448835798}
