{"leftPaddleY":0.5741614682443458,"rightPaddleY":0.9362515812877497,"ballX":0.6256909014302398,"ballY":0.02654530085154038}
