{"leftPaddleY":0.3012346648458341,"rightPaddleY":0.9436376789121169,"ballX":0.756000864874135,"ballY":0.013554805264589928}
