{"leftPaddleY":0.47256637576952176,"rightPaddleY":0.44827674948098284,"ballX":0.583373928562696,"ballY":0.17007425394060344}
