{"leftPaddleY":0.7090022510129924,"rightPaddleY":0.5017515575212862,"ballX":0.8717784394595925,"ballY":0.08279780091641901}
