{"leftPaddleY":0.38757145145788136,"rightPaddleY":0.15084102755084647,"ballX":0.3002722161597045,"ballY":0.603383617763}
