{"leftPaddleY":0.08287686486802215,"rightPaddleY":0.6393439751343218,"ballX":0.5854227997326255,"ballY":0.44501010054158713}
