{"leftPaddleY":0.02366416593897457,"rightPaddleY":0.3446759911224841,"ballX":0.06378163491833169,"ballY":0.8630086639342268}
