{"leftPaddleY":0.8823229076828295,"rightPaddleY":0.7441357696334074,"ballX":0.151461428556475,"ballY":0.13438340397960077}
