{"leftPaddleY":0.2231935481248461,"rightPaddleY":0.9423110238798454,"ballX":0.535277467679175,"ballY":0.2256293966022232}
