{"leftPaddleY":0.45749933031489426,"rightPaddleY":0.8451431833670784,"ballX":0.3673296610090952,"ballY":0.13482468548603016}
