{"leftPaddleY":0.23584857104225215,"rightPaddleY":0.826396369417576,"ballX":0.24834750375021258,"ballY":0.3999327128976414}
