{"leftPaddleY":0.3137895119843736,"rightPaddleY":0.4884273427290844,"ballX":0.02531454080965741,"ballY":0.03846873810346008}
