{"leftPaddleY":0.7282067148508536,"rightPaddleY":0.6622148587131946,"ballX":0.46735035677728637,"ballY":0.4444805283912941}
