{"leftPaddleY":0.594348596388014,"rightPaddleY":0.8019003271637959,"ballX":0.9848183428853525,"ballY":0.776897328815073}
