{"leftPaddleY":0.6352350174722287,"rightPaddleY":0.7908599559016154,"ballX":0.7979728108843135,"ballY":0.8314932184984068}
