{"leftPaddleY":0.6904196132691652,"rightPaddleY":0.24329020492780362,"ballX":0.7999875671825272,"ballY":0.8453783784831005}
