{"leftPaddleY":0.7388931084387124,"rightPaddleY":0.4848757377802884,"ballX":0.7010984137936365,"ballY":0.7746267300533513}
