{"leftPaddleY":0.6917626819843846,"rightPaddleY":0.3928628840768978,"ballX":0.6155272442415134,"ballY":0.6266589107746243}
