{"leftPaddleY":0.28647574284309424,"rightPaddleY":0.08374524594391777,"ballX":0.6475207377943889,"ballY":0.1600155349880745}
