{"leftPaddleY":0.3307158500336106,"rightPaddleY":0.4799314745377009,"ballX":0.6433146938529279,"ballY":0.7983848560247261}
