{"leftPaddleY":0.10188746017373382,"rightPaddleY":0.0404297902904589,"ballX":0.2819996477707484,"ballY":0.758334296285027}
