{"leftPaddleY":0.34349382576326964,"rightPaddleY":0.8150719084554615,"ballX":0.8251054953133783,"ballY":0.5953662538897201}
