{"leftPaddleY":0.6543881593083287,"rightPaddleY":0.46382350527171873,"ballX":0.04759815720293095,"ballY":0.5782047232428067}
