{"leftPaddleY":0.6292182773975786,"rightPaddleY":0.7393375166379416,"ballX":0.8581687296174642,"ballY":0.4522786331079256}
