{"leftPaddleY":0.34215372428648916,"rightPaddleY":0.6350959340553523,"ballX":0.27432409147655684,"ballY":0.5982543522625021}
