{"leftPaddleY":0.9563357331971518,"rightPaddleY":0.15026357224392373,"ballX":0.14709115040979023,"ballY":0.3363762604461378}
