{"leftPaddleY":0.39313711682518787,"rightPaddleY":0.5321694722447924,"ballX":0.4870474526826169,"ballY":0.49559935296785085}
