{"leftPaddleY":0.4464830577253893,"rightPaddleY":0.9008117035514417,"ballX":0.35968947939672197,"ballY":0.5845648416225393}
