{"leftPaddleY":0.9416700961343418,"rightPaddleY":0.870104924502448,"ballX":0.9023352371865875,"ballY":0.9695890869450444}
