{"leftPaddleY":0.6098493729934094,"rightPaddleY":0.7530040722818501,"ballX":0.5131513607033563,"ballY":0.12410582962334826}
