{"leftPaddleY":0.2121554396039239,"rightPaddleY":0.8651071794975237,"ballX":0.4241000197238701,"ballY":0.5587165645286217}
