{"leftPaddleY":0.17206279164206276,"rightPaddleY":0.23989351189334815,"ballX":0.12699744570286786,"ballY":0.1971562446552238}
