{"leftPaddleY":0.8033101864705374,"rightPaddleY":0.47363529573897034,"ballX":0.5346439668612712,"ballY":0.12100397310456103}
