{"leftPaddleY":0.8549528038289298,"rightPaddleY":0.5997261561740311,"ballX":0.7716639649590579,"ballY":0.8630115270859384}
