{"leftPaddleY":0.6619005447098344,"rightPaddleY":0.05988433749883307,"ballX":0.9472061099107089,"ballY":0.8049116459468761}
