{"leftPaddleY":0.7458460729689802,"rightPaddleY":0.11442345625463451,"ballX":0.29505874142556854,"ballY":0.29231001355323116}
