{"leftPaddleY":0.003262641796100642,"rightPaddleY":0.4126973204033622,"ballX":0.4924237158091325,"ballY":0.9867782428295194}
