{"leftPaddleY":0.5306965418085082,"rightPaddleY":0.29747157071286384,"ballX":0.8565374755976117,"ballY":0.42171440213373473}
