{"leftPaddleY":0.4908497221889917,"rightPaddleY":0.8999537825186883,"ballX":0.5683375646203493,"ballY":0.37160845236233586}
