{"leftPaddleY":0.04995919528425897,"rightPaddleY":0.6889939515975352,"ballX":0.889405517848658,"ballY":0.44501698124762207}
