{"leftPaddleY":0.7161691905253924,"rightPaddleY":0.626316723423426,"ballX":0.9795382736032142,"ballY":0.5669611120356254}
