{"leftPaddleY":0.4033091822333949,"rightPaddleY":0.9072482767272666,"ballX":0.950154803147211,"ballY":0.5874568416064919}
