{"leftPaddleY":0.11000882835644703,"rightPaddleY":0.22379237038499286,"ballX":0.724276032197017,"ballY":0.7132919912122215}
