{"leftPaddleY":0.263646200714744,"rightPaddleY":0.7844499048190766,"ballX":0.9919712818931116,"ballY":0.5205851267099836}
