{"leftPaddleY":0.8935723605186271,"rightPaddleY":0.8891424461616718,"ballX":0.8201272729308116,"ballY":0.9708505071307438}
