{"leftPaddleY":0.5271443744164056,"rightPaddleY":0.23914188384016738,"ballX":0.4840335177251328,"ballY":0.5906737856821193}
