{"leftPaddleY":0.4545846705417113,"rightPaddleY":0.4518897180514992,"ballX":0.9288143129883462,"ballY":0.8954211501465446}
