{"leftPaddleY":0.11675935423625532,"rightPaddleY":0.12992056488827095,"ballX":0.7341712216828239,"ballY":0.7590563620642907}
