{"leftPaddleY":0.9347377149401919,"rightPaddleY":0.21096989545463238,"ballX":0.8704084113081494,"ballY":0.6823662803422248}
