{"leftPaddleY":0.3324639255417738,"rightPaddleY":0.5457648121630689,"ballX":0.5995847440473401,"ballY":0.6900975047382991}
