{"leftPaddleY":0.9534024974892991,"rightPaddleY":0.41826393842164117,"ballX":0.9457257536317352,"ballY":0.6412497042294839}
