{"leftPaddleY":0.02520397282920798,"rightPaddleY":0.521043950591563,"ballX":0.05816462373382489,"ballY":0.5773245048328941}
