{"leftPaddleY":0.9299173228084324,"rightPaddleY":0.12799472108974377,"ballX":0.9007557708488056,"ballY":0.09928584361200148}
