{"leftPaddleY":0.407788236764774,"rightPaddleY":0.013928314693639098,"ballX":0.9766589803220895,"ballY":0.577685491577091}
