{"leftPaddleY":0.4935728531775333,"rightPaddleY":0.6374831339422771,"ballX":0.3530578322663139,"ballY":0.31428867610064704}
