{"leftPaddleY":0.5881624941878123,"rightPaddleY":0.679783346415495,"ballX":0.18910383338966733,"ballY":0.4158368669512102}
