{"leftPaddleY":0.6314057606635566,"rightPaddleY":0.8632227825744578,"ballX":0.48402525060117324,"ballY":0.2412389086606223}
