{"leftPaddleY":0.4586158631841752,"rightPaddleY":0.9709296892807698,"ballX":0.5095653264678742,"ballY":0.6957561279659498}
