{"leftPaddleY":0.8472686239036388,"rightPaddleY":0.3902677068742269,"ballX":0.17566144384328994,"ballY":0.2779876728704573}
