{"leftPaddleY":0.3955498019632691,"rightPaddleY":0.9889538045886446,"ballX":0.2415044654887625,"ballY":0.06101366697504326}
