{"leftPaddleY":0.03630138479850695,"rightPaddleY":0.0865787183059823,"ballX":0.2814959438521317,"ballY":0.9611719219994354}
