{"leftPaddleY":0.5991187761764067,"rightPaddleY":0.8544152987948685,"ballX":0.5031382486201694,"ballY":0.44281380351427035}
