{"leftPaddleY":0.8104531544396332,"rightPaddleY":0.1742899895103856,"ballX":0.3626180904513975,"ballY":0.4095561653937561}
