{"leftPaddleY":0.30499030790662135,"rightPaddleY":0.016186241044615548,"ballX":0.1833593288019653,"ballY":0.5071432489450824}
