{"leftPaddleY":0.8851045014656832,"rightPaddleY":0.18987407275512985,"ballX":0.41802833564825553,"ballY":0.6269801517491429}
