{"leftPaddleY":0.3775427757616416,"rightPaddleY":0.7419080868671226,"ballX":0.14881387227807705,"ballY":0.39572262765563726}
