{"leftPaddleY":0.9898551590854205,"rightPaddleY":0.9680000894219121,"ballX":0.632860085542078,"ballY":0.46809272165627464}
