{"leftPaddleY":0.2739862871651718,"rightPaddleY":0.37052220400996305,"ballX":0.6579390953035716,"ballY":0.24027450564260544}
