{"leftPaddleY":0.6670092748448703,"rightPaddleY":0.6713901595900086,"ballX":0.12511604308670018,"ballY":0.7061244995073418}
