{"leftPaddleY":0.8728589253881421,"rightPaddleY":0.2899161489765964,"ballX":0.6197927722187033,"ballY":0.354896625991795}
