{"leftPaddleY":0.965576983569101,"rightPaddleY":0.9842830147193689,"ballX":0.5742456866732896,"ballY":0.5879955119510406}
