{"leftPaddleY":0.5782768702244853,"rightPaddleY":0.9502862891352937,"ballX":0.3997261802686401,"ballY":0.2938444025478012}
