{"leftPaddleY":0.24270712223051197,"rightPaddleY":0.9275809291559619,"ballX":0.9872681634367587,"ballY":0.7376884602627095}
