{"leftPaddleY":0.23513636319409192,"rightPaddleY":0.4089528544452473,"ballX":0.16434787933579909,"ballY":0.5829761306249075}
