{"leftPaddleY":0.8062708828012826,"rightPaddleY":0.33372964107543107,"ballX":0.4365168819158954,"ballY":0.44546907811320735}
