{"leftPaddleY":0.45103468662767043,"rightPaddleY":0.8571942560369247,"ballX":0.5624061984826358,"ballY":0.7752889509492372}
