{"leftPaddleY":0.593403345738018,"rightPaddleY":0.16582744386467405,"ballX":0.562538309347573,"ballY":0.8107511801632657}
