{"leftPaddleY":0.08153952875937578,"rightPaddleY":0.7388997238956871,"ballX":0.13563238757708723,"ballY":0.9051679375822186}
