{"leftPaddleY":0.18603015344840496,"rightPaddleY":0.0518466598186619,"ballX":0.7155850618298456,"ballY":0.40626488762245405}
