{"leftPaddleY":0.0411791791142102,"rightPaddleY":0.6371872099233649,"ballX":0.9277297068122528,"ballY":0.36949051865467814}
