{"leftPaddleY":0.5183761325348885,"rightPaddleY":0.5557404863132759,"ballX":0.6173223454387591,"ballY":0.9677217422746496}
