{"leftPaddleY":0.9718585463148973,"rightPaddleY":0.417591502207684,"ballX":0.32195085237275783,"ballY":0.832631299068559}
