{"leftPaddleY":0.26465057504908407,"rightPaddleY":0.8353390137872532,"ballX":0.33751544729756605,"ballY":0.9324816432284275}
