{"leftPaddleY":0.08626405309968338,"rightPaddleY":0.8977595794963222,"ballX":0.14108612090089984,"ballY":0.89895839478679}
