{"leftPaddleY":0.06686327078218439,"rightPaddleY":0.5228351041225963,"ballX":0.14490388796727605,"ballY":0.22492003342492484}
