{"leftPaddleY":0.47433113882409067,"rightPaddleY":0.49813634884389746,"ballX":0.8467193633165554,"ballY":0.6189989283531921}
