{"leftPaddleY":0.37107476398299066,"rightPaddleY":0.30040853166155035,"ballX":0.6285487045975502,"ballY":0.1643962129468516}
