{"leftPaddleY":0.7102857447983817,"rightPaddleY":0.44751405308673226,"ballX":0.16160792320556958,"ballY":0.9860867788796144}
