{"leftPaddleY":0.6424325282922835,"rightPaddleY":0.2831747555268991,"ballX":0.24236746705744439,"ballY":0.1560374386009464}
