{"leftPaddleY":0.6634089265378397,"rightPaddleY":0.626379711630649,"ballX":0.48050394549050823,"ballY":0.2924336767915132}
