{"leftPaddleY":0.3754913460356796,"rightPaddleY":0.3507523228180837,"ballX":0.4981141502264426,"ballY":0.3382956545393488}
