{"leftPaddleY":0.050805856837852895,"rightPaddleY":0.3033471305875854,"ballX":0.8289535368632531,"ballY":0.08326555212165664}
