{"leftPaddleY":0.6572701592399595,"rightPaddleY":0.603636499630189,"ballX":0.3353321511344933,"ballY":0.9464687415533529}
