{"leftPaddleY":0.8334309393215228,"rightPaddleY":0.2655763118961543,"ballX":0.30558845787587025,"ballY":0.2616270518347609}
