{"leftPaddleY":0.9336472307788364,"rightPaddleY":0.7196131619771654,"ballX":0.012807139646687267,"ballY":0.8072250792316198}
