{"leftPaddleY":0.4180986124258384,"rightPaddleY":0.3641351143515059,"ballX":0.3087618590921379,"ballY":0.9287967212959545}
