{"leftPaddleY":0.1796859141356366,"rightPaddleY":0.2837281493090912,"ballX":0.40568793619752097,"ballY":0.18036087499406203}
