{"leftPaddleY":0.01888698074459332,"rightPaddleY":0.919114730772396,"ballX":0.8651826414772318,"ballY":0.19009195126099837}
