{"leftPaddleY":0.469811915696285,"rightPaddleY":0.8070132007723277,"ballX":0.48305620153030066,"ballY":0.3207514626066443}
