{"leftPaddleY":0.5260354059016454,"rightPaddleY":0.6223805986221546,"ballX":0.6666330958357696,"ballY":0.9230447762123042}
