{"leftPaddleY":0.08144537035066489,"rightPaddleY":0.811637839184892,"ballX":0.700861638163204,"ballY":0.6789031440486907}
