{"leftPaddleY":0.4498271632745108,"rightPaddleY":0.4598184827890962,"ballX":0.9020263702627587,"ballY":0.6500094765498245}
