{"leftPaddleY":0.12911994617067382,"rightPaddleY":0.7433333486164506,"ballX":0.3386365867086906,"ballY":0.41994596646128524}
