{"leftPaddleY":0.34460221926033036,"rightPaddleY":0.3030614918344766,"ballX":0.009118675659781618,"ballY":0.3408860877387976}
