{"leftPaddleY":0.1327422264346299,"rightPaddleY":0.27707754823925523,"ballX":0.6198504115669244,"ballY":0.6832800232375379}
