{"leftPaddleY":0.44398962784985063,"rightPaddleY":0.9081462446841256,"ballX":0.30663701485279937,"ballY":0.11013247445023}
