{"leftPaddleY":0.9598174805245423,"rightPaddleY":0.39136738341744876,"ballX":0.5295992870178565,"ballY":0.8384653539921938}
