{"leftPaddleY":0.7284089705607726,"rightPaddleY":0.7158400550049687,"ballX":0.1418775337035944,"ballY":0.07925469785963647}
