{"leftPaddleY":0.5855778430462796,"rightPaddleY":0.5532045547453754,"ballX":0.4157154150985671,"ballY":0.553003843062245}
