{"leftPaddleY":0.4399065410859941,"rightPaddleY":0.4609868882607739,"ballX":0.8069509682375404,"ballY":0.4394501000348932}
