{"leftPaddleY":0.23785686550732962,"rightPaddleY":0.1264616233228328,"ballX":0.030924753801541346,"ballY":0.14049802794151625}
