{"leftPaddleY":0.7011930540440428,"rightPaddleY":0.6295803296689539,"ballX":0.06455358259374029,"ballY":0.5263425257469979}
