{"leftPaddleY":0.9564850920003357,"rightPaddleY":0.4827765480059359,"ballX":0.25991071760868384,"ballY":0.24996096358359246}
