{"leftPaddleY":0.8162739706627993,"rightPaddleY":0.739109307038796,"ballX":0.5615764234021752,"ballY":0.5044878831163355}
