{"leftPaddleY":0.7102819355975418,"rightPaddleY":0.7673889152755119,"ballX":0.17048574716548368,"ballY":0.19141352000713394}
