{"leftPaddleY":0.6934231564303396,"rightPaddleY":0.5903674719822619,"ballX":0.28025756167037474,"ballY":0.9534201477763845}
