{"leftPaddleY":0.15567500537992335,"rightPaddleY":0.25682166049358757,"ballX":0.5801009709896056,"ballY":0.7197072986692309}
