{"leftPaddleY":0.27017690647003784,"rightPaddleY":0.7998601034448872,"ballX":0.418837956323386,"ballY":0.8698859990470225}
