{"leftPaddleY":0.9782121673486716,"rightPaddleY":0.8838555337691955,"ballX":0.4683341727415182,"ballY":0.02969689507100754}
