{"leftPaddleY":0.8706890340999845,"rightPaddleY":0.3758978526910473,"ballX":0.7209035875170211,"ballY":0.8464579310756041}
