{"leftPaddleY":0.49154606279006235,"rightPaddleY":0.6639769608947965,"ballX":0.23972957069138195,"ballY":0.4252887505741568}
