{"leftPaddleY":0.8041039286720949,"rightPaddleY":0.6884248595179563,"ballX":0.6332247551364523,"ballY":0.016460910672909057}
