{"leftPaddleY":0.739798971239745,"rightPaddleY":0.06979962665113397,"ballX":0.7087459125613512,"ballY":0.5576918742493661}
