{"leftPaddleY":0.8962788168425718,"rightPaddleY":0.22286173225552652,"ballX":0.6229998703474747,"ballY":0.05683558567065003}
