{"leftPaddleY":0.8552480010035417,"rightPaddleY":0.6939697082012667,"ballX":0.9598288419348696,"ballY":0.833078000741844}
