{"leftPaddleY":0.15742279896782102,"rightPaddleY":0.1565757390584105,"ballX":0.23105361378136863,"ballY":0.07185532203398559}
