{"leftPaddleY":0.34108811664385963,"rightPaddleY":0.8930469583143446,"ballX":0.28614459421424465,"ballY":0.8585605367116851}
