{"leftPaddleY":0.2134229193741685,"rightPaddleY":0.8493952982365273,"ballX":0.6460377333492006,"ballY":0.21044536624094878}
