{"leftPaddleY":0.4977077906053192,"rightPaddleY":0.7887171617647732,"ballX":0.5505078666416038,"ballY":0.2098345494670315}
