{"leftPaddleY":0.375548060568619,"rightPaddleY":0.1364373259612162,"ballX":0.7317811198527578,"ballY":0.11445928615760646}
