{"leftPaddleY":0.3886115060876288,"rightPaddleY":0.16802157681773877,"ballX":0.5786091463811328,"ballY":0.15817874462043305}
