{"leftPaddleY":0.5849701827181795,"rightPaddleY":0.6820185065323549,"ballX":0.33455830211343657,"ballY":0.19012740713760967}
