{"leftPaddleY":0.5777828723639316,"rightPaddleY":0.9326404035136766,"ballX":0.7545110502384837,"ballY":0.9387830261096753}
