{"leftPaddleY":0.19176705497697952,"rightPaddleY":0.32286679156773596,"ballX":0.9088325646320374,"ballY":0.9837498231173253}
