{"leftPaddleY":0.2583802206379685,"rightPaddleY":0.4161843238314157,"ballX":0.8341758112882113,"ballY":0.2668151223598115}
