{"leftPaddleY":0.3424087256087417,"rightPaddleY":0.019438109943694975,"ballX":0.012547444217239334,"ballY":0.4546405813154636}
