{"leftPaddleY":0.017787923009285146,"rightPaddleY":0.32116673420453196,"ballX":0.3078336985905317,"ballY":0.4687101257367036}
