{"leftPaddleY":0.654188015776396,"rightPaddleY":0.09613428430807164,"ballX":0.2763548388209745,"ballY":0.5503719546349161}
