{"leftPaddleY":0.6751823663098725,"rightPaddleY":0.7934923187375685,"ballX":0.6385989877195452,"ballY":0.010364622974851922}
