{"leftPaddleY":0.6097692461679551,"rightPaddleY":0.4453239753254671,"ballX":0.3000005949344657,"ballY":0.23203629226995925}
