{"leftPaddleY":0.7515350112356702,"rightPaddleY":0.9230868599354942,"ballX":0.6006262019572077,"ballY":0.8078929943336414}
