{"leftPaddleY":0.8937498944836261,"rightPaddleY":0.19490854194171434,"ballX":0.4445718161909144,"ballY":0.06177184175512763}
