{"leftPaddleY":0.06275437761206673,"rightPaddleY":0.8999550981842782,"ballX":0.7023996241638449,"ballY":0.4784680501675922}
