{"leftPaddleY":0.3431032572821913,"rightPaddleY":0.7715010860356144,"ballX":0.9109078424569919,"ballY":0.2286559952451967}
