{"leftPaddleY":0.10471185699889857,"rightPaddleY":0.41727760580856255,"ballX":0.1376428488967762,"ballY":0.6811627307819021}
