{"leftPaddleY":0.4386843730361423,"rightPaddleY":0.042595579066423014,"ballX":0.4298906832922685,"ballY":0.3498546866365847}
