{"leftPaddleY":0.6463019782403877,"rightPaddleY":0.24928398565874205,"ballX":0.88387056793529,"ballY":0.23057732706095424}
