{"leftPaddleY":0.9221909435191599,"rightPaddleY":0.31789461686133824,"ballX":0.157973173193406,"ballY":0.02005634568405984}
