{"leftPaddleY":0.2846725608885431,"rightPaddleY":0.9699155329214931,"ballX":0.7304719011749403,"ballY":0.585379163520147}
