{"leftPaddleY":0.48957716350987446,"rightPaddleY":0.8650703863231288,"ballX":0.5481398906416359,"ballY":0.0917128266351651}
