{"leftPaddleY":0.6873668391141308,"rightPaddleY":0.9050725222108762,"ballX":0.7214098040077307,"ballY":0.5085806908832986}
