{"leftPaddleY":0.16011404873373591,"rightPaddleY":0.1708893665493326,"ballX":0.97543176180995,"ballY":0.7605150740648465}
