{"leftPaddleY":0.9930477286554034,"rightPaddleY":0.7579378410338544,"ballX":0.558882795143223,"ballY":0.5002247785721989}
