{"leftPaddleY":0.3725923893810221,"rightPaddleY":0.8315253672301643,"ballX":0.5369284930717858,"ballY":0.5670992361172329}
