{"leftPaddleY":0.22711149453915613,"rightPaddleY":0.03430245183707017,"ballX":0.2701501139324669,"ballY":0.04609588057089862}
