{"leftPaddleY":0.8910543947023846,"rightPaddleY":0.5189018469524984,"ballX":0.9026274410599114,"ballY":0.8630851700771173}
