{"leftPaddleY":0.07714834889581731,"rightPaddleY":0.8614339526061288,"ballX":0.09804750996189976,"ballY":0.4360068162310845}
