{"leftPaddleY":0.9330065553303956,"rightPaddleY":0.6969357589876992,"ballX":0.3248392736508113,"ballY":0.5693703754292991}
