{"leftPaddleY":0.21035256832765023,"rightPaddleY":0.6140366420695373,"ballX":0.2993788344096202,"ballY":0.14281379794504168}
