{"leftPaddleY":0.6477360252547244,"rightPaddleY":0.5220947614430584,"ballX":0.1513506417157858,"ballY":0.8234864481148552}
