{"leftPaddleY":0.7923906890350209,"rightPaddleY":0.11475667440591097,"ballX":0.34278602218448706,"ballY":0.21645573826030517}
