{"leftPaddleY":0.2736305965273744,"rightPaddleY":0.7084345469719816,"ballX":0.9818977916826823,"ballY":0.5682302834822376}
