{"leftPaddleY":0.5495514825877985,"rightPaddleY":0.17794401771215906,"ballX":0.46884450907776154,"ballY":0.64859697965077}
