{"leftPaddleY":0.4018486685841076,"rightPaddleY":0.24770699379795774,"ballX":0.5707034949933686,"ballY":0.057121498173446444}
