{"leftPaddleY":0.9587113943948845,"rightPaddleY":0.33729549086956306,"ballX":0.9649473584470022,"ballY":0.4189148919430011}
