{"leftPaddleY":0.5995725845124937,"rightPaddleY":0.11996053402081719,"ballX":0.045482148899405016,"ballY":0.555785324737338}
