{"leftPaddleY":0.5088960442714494,"rightPaddleY":0.369750817571617,"ballX":0.04058031905882415,"ballY":0.30745128714571635}
