{"leftPaddleY":0.05442499328115838,"rightPaddleY":0.10636994201348095,"ballX":0.29238044824595927,"ballY":0.30032912486292873}
