{"leftPaddleY":0.01063180819853178,"rightPaddleY":0.405841666061252,"ballX":0.8035279458174269,"ballY":0.5031239588877555}
