{"leftPaddleY":0.79203315379984,"rightPaddleY":0.8165482513555516,"ballX":0.2897179046663421,"ballY":0.7050634301916278}
