{"leftPaddleY":0.3048485493107551,"rightPaddleY":0.015948893130958947,"ballX":0.20057385832236888,"ballY":0.6500268638552296}
