{"leftPaddleY":0.98285487740282,"rightPaddleY":0.9627375786849868,"ballX":0.773139951979206,"ballY":0.6105761400325831}
