{"leftPaddleY":0.845535226557675,"rightPaddleY":0.23260907792388696,"ballX":0.10232060908516728,"ballY":0.1003681314630916}
