{"leftPaddleY":0.14372655754304214,"rightPaddleY":0.37692381879247555,"ballX":0.9757489794142783,"ballY":0.003407618264149365}
