{"leftPaddleY":0.2825046399113257,"rightPaddleY":0.6171938302558377,"ballX":0.2703429741379496,"ballY":0.13687992298784626}
