{"leftPaddleY":0.6800400272892906,"rightPaddleY":0.48906134007592156,"ballX":0.13467166734380656,"ballY":0.9674753945225395}
