{"leftPaddleY":0.9015047750246045,"rightPaddleY":0.42092431476777115,"ballX":0.9145680268220023,"ballY":0.21913843828056564}
