{"leftPaddleY":0.932015569233487,"rightPaddleY":0.4215014592949245,"ballX":0.3732641387437993,"ballY":0.6896606909635121}
