{"leftPaddleY":0.6563920986825846,"rightPaddleY":0.37524667587142063,"ballX":0.5574804326298824,"ballY":0.7867944074674491}
