{"leftPaddleY":0.4275677841451065,"rightPaddleY":0.5078104096049422,"ballX":0.8676047663089032,"ballY":0.4430842254172603}
