{"leftPaddleY":0.7804997382736572,"rightPaddleY":0.26891100103192234,"ballX":0.4581465789202052,"ballY":0.581194636840372}
