{"leftPaddleY":0.46583758373352374,"rightPaddleY":0.3947519346156398,"ballX":0.42131205813211603,"ballY":0.9238630108909093}
