{"leftPaddleY":0.8086106773908636,"rightPaddleY":0.298114338223913,"ballX":0.2198102314570576,"ballY":0.9211800775877094}
