{"leftPaddleY":0.5455581812992846,"rightPaddleY":0.03577502259024238,"ballX":0.1375884628685638,"ballY":0.34233618945150873}
