{"leftPaddleY":0.2840136963809267,"rightPaddleY":0.48550593183395724,"ballX":0.9668667495480141,"ballY":0.0743563961554526}
