{"leftPaddleY":0.9474616477903902,"rightPaddleY":0.835740091549327,"ballX":0.40204914937802655,"ballY":0.9998201713600678}
