{"leftPaddleY":0.8146662683704903,"rightPaddleY":0.6344523439024481,"ballX":0.8441603594791662,"ballY":0.2971948469159548}
