{"leftPaddleY":0.06872559587995077,"rightPaddleY":0.05686408804730818,"ballX":0.18041146490881269,"ballY":0.23104567714748675}
