{"leftPaddleY":0.015193443681152179,"rightPaddleY":0.7713358528245893,"ballX":0.7992491370404327,"ballY":0.196638425691428}
