{"leftPaddleY":0.7201584056043158,"rightPaddleY":0.8850337888757884,"ballX":0.7810875936846382,"ballY":0.7378264331601778}
