{"leftPaddleY":0.6832570724452875,"rightPaddleY":0.29333364565840947,"ballX":0.2299351290968548,"ballY":0.3402965212895063}
