{"leftPaddleY":0.2583659369251238,"rightPaddleY":0.4925916744547872,"ballX":0.718429650996765,"ballY":0.24610030292804755}
