{"leftPaddleY":0.10079056231170373,"rightPaddleY":0.15419343430443133,"ballX":0.5059582320338962,"ballY":0.8838823038514543}
