{"leftPaddleY":0.23048846295354167,"rightPaddleY":0.961097739935555,"ballX":0.7070919154726018,"ballY":0.07082598485503758}
