{"leftPaddleY":0.9185148220936433,"rightPaddleY":0.6616736014563347,"ballX":0.32558721638493154,"ballY":0.966229782712571}
