{"leftPaddleY":0.9912055484704682,"rightPaddleY":0.24077876535317638,"ballX":0.4081436172241059,"ballY":0.009489045201108616}
