{"leftPaddleY":0.6571413023598064,"rightPaddleY":0.6033426056233328,"ballX":0.8003718426655099,"ballY":0.5011065734679485}
