{"leftPaddleY":0.18042683710115098,"rightPaddleY":0.26335787851887904,"ballX":0.4470799041838641,"ballY":0.06624258719081469}
