{"leftPaddleY":0.34126332542498167,"rightPaddleY":0.05721948427989601,"ballX":0.0656781542238056,"ballY":0.6082039966776707}
