{"leftPaddleY":0.1689896977794673,"rightPaddleY":0.057678696169665096,"ballX":0.11359735932345236,"ballY":0.051345101399813076}
