{"leftPaddleY":0.3167625041740539,"rightPaddleY":0.16455413832274798,"ballX":0.9506414668955547,"ballY":0.7442127306732463}
