{"leftPaddleY":0.49747214504780124,"rightPaddleY":0.4245535323744865,"ballX":0.726660292310969,"ballY":0.24385679645920827}
