{"leftPaddleY":0.8807282270330047,"rightPaddleY":0.9530761791730483,"ballX":0.8289940162878217,"ballY":0.6343606685690747}
