{"leftPaddleY":0.3852744905860582,"rightPaddleY":0.762341414869777,"ballX":0.7751477914501828,"ballY":0.03732609100890241}
