{"leftPaddleY":0.3617772447310271,"rightPaddleY":0.02769244417662802,"ballX":0.17817216469139446,"ballY":0.323018022736974}
