{"leftPaddleY":0.7204105574900254,"rightPaddleY":0.07031603708316753,"ballX":0.02811240707731821,"ballY":0.2159538702847529}
