{"leftPaddleY":0.1944115424045387,"rightPaddleY":0.13600564484162483,"ballX":0.2553287004098639,"ballY":0.07716052364258298}
