{"leftPaddleY":0.9597815339347424,"rightPaddleY":0.7132068866524808,"ballX":0.1641233765695947,"ballY":0.2439717320606954}
