{"leftPaddleY":0.9453570360493325,"rightPaddleY":0.7538223681032482,"ballX":0.3082041106571349,"ballY":0.5921328332575766}
