{"leftPaddleY":0.38360890771569955,"rightPaddleY":0.16521706341154227,"ballX":0.2681762748098385,"ballY":0.01206740403639601}
