{"leftPaddleY":0.07082607800951993,"rightPaddleY":0.9661723871179255,"ballX":0.05199155701460299,"ballY":0.08127614358245157}
