{"leftPaddleY":0.35470545162762734,"rightPaddleY":0.9813203694440955,"ballX":0.4139932420808839,"ballY":0.2739570895479315}
