{"leftPaddleY":0.6166415128333917,"rightPaddleY":0.13048017266824743,"ballX":0.8064535813771839,"ballY":0.9512011954443245}
