{"leftPaddleY":0.6945323854311309,"rightPaddleY":0.5580795990515376,"ballX":0.7425426667356809,"ballY":0.6530314934609928}
