{"leftPaddleY":0.12168772296308242,"rightPaddleY":0.6342841609706656,"ballX":0.5158579016023541,"ballY":0.7967210209507714}
