{"leftPaddleY":0.9489031516504807,"rightPaddleY":0.1084000919101931,"ballX":0.15053459248490844,"ballY":0.768068212487854}
