{"leftPaddleY":0.9303435742050681,"rightPaddleY":0.38281848328869367,"ballX":0.17361939867718063,"ballY":0.9231664119598688}
