{"leftPaddleY":0.011938648929380024,"rightPaddleY":0.8132431311545811,"ballX":0.7445190845701505,"ballY":0.7559546615671723}
