{"leftPaddleY":0.6286673415736163,"rightPaddleY":0.6142285481328347,"ballX":0.9627778060268255,"ballY":0.4177918349216641}
