{"leftPaddleY":0.8986750275328352,"rightPaddleY":0.1275910398633895,"ballX":0.32556704199505576,"ballY":0.023450602920891586}
