{"leftPaddleY":0.4666020538605706,"rightPaddleY":0.10456543215003572,"ballX":0.7641527161492885,"ballY":0.11436708727985816}
