{"leftPaddleY":0.7574004886224591,"rightPaddleY":0.5530257841460317,"ballX":0.36474609853283696,"ballY":0.5617202984093933}
