{"leftPaddleY":0.46303053591162974,"rightPaddleY":0.7906197501841776,"ballX":0.39892443649928294,"ballY":0.8515969141524674}
