{"leftPaddleY":0.47511735011909323,"rightPaddleY":0.2711555398754307,"ballX":0.2521961587174831,"ballY":0.8952317347986409}
