{"leftPaddleY":0.13213032728283117,"rightPaddleY":0.45400105122173834,"ballX":0.017918763549880267,"ballY":0.8379215052762072}
