{"leftPaddleY":0.12550737084730115,"rightPaddleY":0.6447621764032567,"ballX":0.9187375595785895,"ballY":0.4932865371945402}
