{"leftPaddleY":0.06389318030011382,"rightPaddleY":0.6252036322222968,"ballX":0.7775177202949143,"ballY":0.15072982618410066}
