{"leftPaddleY":0.6909976071561502,"rightPaddleY":0.21606242800950437,"ballX":0.25290070625421196,"ballY":0.6958193219242585}
