{"leftPaddleY":0.3733676023663113,"rightPaddleY":0.038727882281205675,"ballX":0.731516211455522,"ballY":0.9180198824906481}
