{"leftPaddleY":0.07775773704112227,"rightPaddleY":0.16616062834821252,"ballX":0.2612333950312575,"ballY":0.32043111820425935}
