{"leftPaddleY":0.7481779212309092,"rightPaddleY":0.5239393898961628,"ballX":0.01913294813080369,"ballY":0.5952812574158394}
