{"leftPaddleY":0.28036143247088025,"rightPaddleY":0.24338511150150355,"ballX":0.85323399935139,"ballY":0.7666962806030179}
