{"leftPaddleY":0.21524669743260286,"rightPaddleY":0.5632419064839209,"ballX":0.6729865739222567,"ballY":0.8446455213838563}
