{"leftPaddleY":0.42506110875342357,"rightPaddleY":0.4990590667296764,"ballX":0.4570016968414829,"ballY":0.14239893277616103}
