{"leftPaddleY":0.3793585542310926,"rightPaddleY":0.4719328452063432,"ballX":0.5353905932362114,"ballY":0.3620706171523239}
