{"leftPaddleY":0.7698553842954582,"rightPaddleY":0.6929301883418129,"ballX":0.5374745491908135,"ballY":0.98644158832452}
