{"leftPaddleY":0.43318797939373127,"rightPaddleY":0.8563785609156532,"ballX":0.9677949458702659,"ballY":0.6098308296028128}
