{"leftPaddleY":0.35753359201887736,"rightPaddleY":0.8358001057263212,"ballX":0.4952020872392043,"ballY":0.23813290866162393}
