{"leftPaddleY":0.40013985678336617,"rightPaddleY":0.7092550522665411,"ballX":0.5009504075416251,"ballY":0.9564599263632844}
