{"leftPaddleY":0.22119134353594058,"rightPaddleY":0.7262220632674146,"ballX":0.25018259819204325,"ballY":0.00835856658876138}
