{"leftPaddleY":0.7411936887684015,"rightPaddleY":0.5793561746558827,"ballX":0.6153580363763337,"ballY":0.6275454614433817}
