{"leftPaddleY":0.8839563148391287,"rightPaddleY":0.815535876795047,"ballX":0.7485956211997926,"ballY":0.2009194231206389}
