{"leftPaddleY":0.6256117140152199,"rightPaddleY":0.9830297866341458,"ballX":0.6432996956776825,"ballY":0.1284443374617071}
