{"leftPaddleY":0.8237158440114635,"rightPaddleY":0.8884896990787068,"ballX":0.8751755399260135,"ballY":0.6380266928976486}
