{"leftPaddleY":0.7651698106128128,"rightPaddleY":0.5014302447992622,"ballX":0.1589486261123567,"ballY":0.4192193167436078}
