{"leftPaddleY":0.1694461107359741,"rightPaddleY":0.5416505454251268,"ballX":0.3050331019959225,"ballY":0.5200207839581881}
