{"leftPaddleY":0.10080933572769218,"rightPaddleY":0.29760714313877457,"ballX":0.4466720083064929,"ballY":0.28933283121575354}
