{"leftPaddleY":0.27976512935227166,"rightPaddleY":0.5275665767818365,"ballX":0.5813085180966645,"ballY":0.4389375199387078}
