{"leftPaddleY":0.3513332348691557,"rightPaddleY":0.9163024808096225,"ballX":0.1376683188564526,"ballY":0.4602385954417931}
