{"leftPaddleY":0.4140982388095813,"rightPaddleY":0.11335032490288964,"ballX":0.30759615886975855,"ballY":0.5760238481690113}
