{"leftPaddleY":0.6716514935478641,"rightPaddleY":0.6024614302399722,"ballX":0.5048753697155812,"ballY":0.31498626808688207}
