{"leftPaddleY":0.17703967460158906,"rightPaddleY":0.2990488092271491,"ballX":0.08586645603363088,"ballY":0.6368607625575087}
