{"leftPaddleY":0.24993436589300397,"rightPaddleY":0.1779343511754673,"ballX":0.4066698108607228,"ballY":0.4652778936813386}
