{"leftPaddleY":0.05471603851448032,"rightPaddleY":0.8881866760401071,"ballX":0.5369416770967939,"ballY":0.3907474449730693}
