{"leftPaddleY":0.4455583208939215,"rightPaddleY":0.6006324185189342,"ballX":0.2626290928743658,"ballY":0.3910242822773878}
