{"leftPaddleY":0.7538650813849771,"rightPaddleY":0.26064411813478894,"ballX":0.13617290539573648,"ballY":0.8748222668792758}
