{"leftPaddleY":0.2600992907906844,"rightPaddleY":0.6165230402355163,"ballX":0.21801342148618663,"ballY":0.14430914988330715}
