{"leftPaddleY":0.8339876056331154,"rightPaddleY":0.8037773963271304,"ballX":0.6634851303561947,"ballY":0.07498869790918561}
