{"leftPaddleY":0.8766438299026401,"rightPaddleY":0.5432578957547477,"ballX":0.0984970460094574,"ballY":0.2202367395538733}
