{"leftPaddleY":0.1975432209323425,"rightPaddleY":0.20905615507943914,"ballX":0.04883434112639812,"ballY":0.767206671718979}
