{"leftPaddleY":0.16765083517413926,"rightPaddleY":0.89103798304958,"ballX":0.5109777853323696,"ballY":0.5739004925954797}
