{"leftPaddleY":0.22282527423964887,"rightPaddleY":0.5930198137773345,"ballX":0.18909226126152429,"ballY":0.1879459893739122}
