{"leftPaddleY":0.9590897669382674,"rightPaddleY":0.36358817813345967,"ballX":0.2845452002180677,"ballY":0.6613434765129058}
