{"leftPaddleY":0.61161372601226,"rightPaddleY":0.6170370393203352,"ballX":0.3221669010506389,"ballY":0.9245125383592759}
