{"leftPaddleY":0.9473578690206597,"rightPaddleY":0.3199828715891365,"ballX":0.973549006328624,"ballY":0.10237961542162283}
