{"leftPaddleY":0.9018020289337687,"rightPaddleY":0.19946475733781444,"ballX":0.6120117138610078,"ballY":0.6923643947087098}
