{"leftPaddleY":0.634884506718234,"rightPaddleY":0.8103827571637309,"ballX":0.07416578143864479,"ballY":0.8077636415809026}
