{"leftPaddleY":0.15738095556918738,"rightPaddleY":0.04608977562332211,"ballX":0.7597616502512728,"ballY":0.9573442270655821}
