{"leftPaddleY":0.1571306371931471,"rightPaddleY":0.05454393316608146,"ballX":0.7692344912832124,"ballY":0.26619828414531793}
