{"leftPaddleY":0.6456480343947965,"rightPaddleY":0.1613832126925036,"ballX":0.7967480009148646,"ballY":0.7279463196834015}
