{"leftPaddleY":0.1939017314929459,"rightPaddleY":0.4580841431638492,"ballX":0.13985172293534373,"ballY":0.8955557454989108}
