{"leftPaddleY":0.08063128765103934,"rightPaddleY":0.383084797931949,"ballX":0.5418012796946535,"ballY":0.7069312616255627}
