{"leftPaddleY":0.2602186618394343,"rightPaddleY":0.4523120854515931,"ballX":0.8885692773626435,"ballY":0.9382544641547594}
