{"leftPaddleY":0.6684058104027581,"rightPaddleY":0.805756580139685,"ballX":0.11380359013122185,"ballY":0.6258180054723596}
