{"leftPaddleY":0.34807551548027504,"rightPaddleY":0.2289232034486259,"ballX":0.8271521144548295,"ballY":0.9512399588317831}
