{"leftPaddleY":0.6741137188416759,"rightPaddleY":0.9723383613011346,"ballX":0.9707736755167535,"ballY":0.9793079910044923}
