{"leftPaddleY":0.4902630192707996,"rightPaddleY":0.18389444463288399,"ballX":0.8989937334731661,"ballY":0.29053593654116455}
