{"leftPaddleY":0.31144886475158146,"rightPaddleY":0.4575411974688717,"ballX":0.6982324156120716,"ballY":0.6929894649713809}
