{"leftPaddleY":0.40874078053739277,"rightPaddleY":0.7393615716536536,"ballX":0.6926646451221893,"ballY":0.7268144305106493}
