{"leftPaddleY":0.6417138991670174,"rightPaddleY":0.3097856241720684,"ballX":0.29036971311409127,"ballY":0.9185433376726678}
