{"leftPaddleY":0.6121669797242488,"rightPaddleY":0.18364687714829386,"ballX":0.6790560237540028,"ballY":0.6856514620461582}
