{"leftPaddleY":0.8834565535972589,"rightPaddleY":0.49348666140325886,"ballX":0.11508592048402536,"ballY":0.8257220175724327}
