{"leftPaddleY":0.16192270132551498,"rightPaddleY":0.6675221165506896,"ballX":0.06246244649304995,"ballY":0.33825161234986584}
