{"leftPaddleY":0.0464382854220035,"rightPaddleY":0.9176438641556431,"ballX":0.521509080058115,"ballY":0.3861166944995911}
