{"leftPaddleY":0.924474293143791,"rightPaddleY":0.28610720963064123,"ballX":0.653286518906536,"ballY":0.9991781692242532}
