{"leftPaddleY":0.3371204875035209,"rightPaddleY":0.7362843127004212,"ballX":0.9288602835486887,"ballY":0.9336766487449439}
