{"leftPaddleY":0.1625136539603296,"rightPaddleY":0.8075170777794108,"ballX":0.6798781521236776,"ballY":0.9877454988139257}
