{"leftPaddleY":0.13294640893639945,"rightPaddleY":0.24591122056240186,"ballX":0.6774010394755513,"ballY":0.2999912129190039}
