{"leftPaddleY":0.08408709304887231,"rightPaddleY":0.191042327401458,"ballX":0.8272154621878506,"ballY":0.2532148770098089}
