{"leftPaddleY":0.7673852499179894,"rightPaddleY":0.4183344124747916,"ballX":0.8131963287768906,"ballY":0.1588630389176264}
