{"leftPaddleY":0.26125656998045105,"rightPaddleY":0.4333114812307305,"ballX":0.8028052469781013,"ballY":0.07550884445055384}
