{"leftPaddleY":0.056161201633961995,"rightPaddleY":0.9559365743266538,"ballX":0.10178658236206796,"ballY":0.09332544377183583}
