{"leftPaddleY":0.17849538059744896,"rightPaddleY":0.042649927077337335,"ballX":0.8239291263293654,"ballY":0.20512067271434095}
