{"leftPaddleY":0.8534576023817236,"rightPaddleY":0.7776787986178125,"ballX":0.1917841120717163,"ballY":0.6682365368207492}
