{"leftPaddleY":0.26935057787949723,"rightPaddleY":0.8947240666594442,"ballX":0.8884607103497851,"ballY":0.9721573967397464}
