{"leftPaddleY":0.7250230166503011,"rightPaddleY":0.7558000716218949,"ballX":0.5065024016819348,"ballY":0.9759739536002967}
