{"leftPaddleY":0.7784425391265852,"rightPaddleY":0.8527725057197063,"ballX":0.28482035058443345,"ballY":0.29958844220509295}
