{"leftPaddleY":0.07029767610730091,"rightPaddleY":0.10479748430804792,"ballX":0.0025162009535520413,"ballY":0.5133618218678562}
