{"leftPaddleY":0.06519295198368671,"rightPaddleY":0.9037610220127493,"ballX":0.07312988165879272,"ballY":0.1239604413858116}
