{"leftPaddleY":0.1622955065878312,"rightPaddleY":0.5616383538580171,"ballX":0.8029336701058665,"ballY":0.6075013012436601}
