{"leftPaddleY":0.2305754789416254,"rightPaddleY":0.3406898394553063,"ballX":0.25453707146605364,"ballY":0.10958310611495083}
