{"leftPaddleY":0.7071734335938996,"rightPaddleY":0.36803154952105377,"ballX":0.45321522907898465,"ballY":0.8365743552825972}
