{"leftPaddleY":0.5734202762507179,"rightPaddleY":0.29523945700154614,"ballX":0.687119722784504,"ballY":0.5855039737248067}
