{"leftPaddleY":0.7157111495439885,"rightPaddleY":0.8588747844315423,"ballX":0.6851773332864435,"ballY":0.41665779567550715}
