{"leftPaddleY":0.44833126242989374,"rightPaddleY":0.4995170403424984,"ballX":0.3624205185054195,"ballY":0.867634962842728}
