{"leftPaddleY":0.3647832474839427,"rightPaddleY":0.5695329315483337,"ballX":0.42254001963230886,"ballY":0.15956539248934448}
