{"leftPaddleY":0.9386450433595745,"rightPaddleY":0.4760105378664245,"ballX":0.19794952508591077,"ballY":0.42840953283101146}
