{"leftPaddleY":0.22463235654806668,"rightPaddleY":0.09873833885308385,"ballX":0.018313397399033184,"ballY":0.35659642592374263}
