{"leftPaddleY":0.16456516151179967,"rightPaddleY":0.7643107891258314,"ballX":0.5944107778421848,"ballY":0.14381041705719325}
