{"leftPaddleY":0.7261144588220886,"rightPaddleY":0.048949283668434464,"ballX":0.7683577918355368,"ballY":0.5896849362408176}
