{"leftPaddleY":0.4394984705723012,"rightPaddleY":0.08172836337134497,"ballX":0.8188282946527072,"ballY":0.5173191952742655}
