{"leftPaddleY":0.7923340032375277,"rightPaddleY":0.9671424308999889,"ballX":0.7638662854544491,"ballY":0.013863510375133855}
