{"leftPaddleY":0.6738662096926928,"rightPaddleY":0.43922995025617834,"ballX":0.587188297185297,"ballY":0.9557841364814791}
