{"leftPaddleY":0.7143808527491684,"rightPaddleY":0.27663591441884683,"ballX":0.5552193314511141,"ballY":0.512535167585708}
