{"leftPaddleY":0.5436696006605112,"rightPaddleY":0.15087566514349993,"ballX":0.12992623686380433,"ballY":0.8163929420849467}
