{"leftPaddleY":0.9655462887218064,"rightPaddleY":0.34992325968095733,"ballX":0.8747863302316442,"ballY":0.9376745768145212}
