{"leftPaddleY":0.9993779570467107,"rightPaddleY":0.6648210489434642,"ballX":0.03406335515195826,"ballY":0.8046513506917319}
