{"leftPaddleY":0.20722381879073534,"rightPaddleY":0.05134202785513744,"ballX":0.9326022024653833,"ballY":0.3438921784791108}
