{"leftPaddleY":0.772185176468844,"rightPaddleY":0.8886616883637197,"ballX":0.28290461314115756,"ballY":0.9719934722374248}
