{"leftPaddleY":0.355396776030204,"rightPaddleY":0.4313587551430188,"ballX":0.4632861026482193,"ballY":0.19012867150761475}
