{"leftPaddleY":0.7476090456654557,"rightPaddleY":0.9931224172598566,"ballX":0.13823353549137724,"ballY":0.8219604644231518}
