{"leftPaddleY":0.9169893400731519,"rightPaddleY":0.16328593723406634,"ballX":0.8544233015176127,"ballY":0.13304471905010284}
