{"leftPaddleY":0.6227501670191629,"rightPaddleY":0.5488172698695819,"ballX":0.6715229454475126,"ballY":0.45822326915034506}
