{"leftPaddleY":0.2740491753201177,"rightPaddleY":0.15143523007524884,"ballX":0.40081023674446836,"ballY":0.9345428475149985}
