{"leftPaddleY":0.23181283346093293,"rightPaddleY":0.2990135277959215,"ballX":0.33722795493829494,"ballY":0.6668844168040395}
