{"leftPaddleY":0.9778521195965488,"rightPaddleY":0.8227104117811603,"ballX":0.021998939468174775,"ballY":0.709455296957605}
