{"leftPaddleY":0.8972315781418939,"rightPaddleY":0.008329362070896058,"ballX":0.34383405885022794,"ballY":0.16227101305618147}
