{"leftPaddleY":0.5317843597631886,"rightPaddleY":0.6178711978809532,"ballX":0.1699972663556661,"ballY":0.26134480907238977}
