{"leftPaddleY":0.9002324999404434,"rightPaddleY":0.8309905128132312,"ballX":0.4376746644942461,"ballY":0.5039409095162917}
