{"leftPaddleY":0.8631420382369074,"rightPaddleY":0.03508360116559957,"ballX":0.508204572326499,"ballY":0.03349761181603084}
