{"leftPaddleY":0.6040700988548792,"rightPaddleY":0.8841339988806446,"ballX":0.36745384906106476,"ballY":0.18782217499036266}
