{"leftPaddleY":0.10870307187544495,"rightPaddleY":0.677022075282914,"ballX":0.8520990492632222,"ballY":0.5965971313328768}
