{"leftPaddleY":0.4677775781027167,"rightPaddleY":0.5408125726748672,"ballX":0.9274385853864823,"ballY":0.5350960728565782}
