{"leftPaddleY":0.33211206639585844,"rightPaddleY":0.6290357644306258,"ballX":0.10579856427850887,"ballY":0.7440816146088861}
