{"leftPaddleY":0.39244411038653837,"rightPaddleY":0.23851489027616668,"ballX":0.2061588518333979,"ballY":0.7307292487599681}
