{"leftPaddleY":0.8829950163453,"rightPaddleY":0.9983585150110236,"ballX":0.9359710147548221,"ballY":0.2884040880840653}
