{"leftPaddleY":0.39999417640845025,"rightPaddleY":0.8411600782194342,"ballX":0.2753093222444777,"ballY":0.22977058823755758}
