{"leftPaddleY":0.3287753306411405,"rightPaddleY":0.3483920656876501,"ballX":0.07090452662129815,"ballY":0.6165108950953838}
