{"leftPaddleY":0.30270978503067897,"rightPaddleY":0.8315295028091091,"ballX":0.09369879784450023,"ballY":0.26376206380436285}
