{"leftPaddleY":0.2634408629460664,"rightPaddleY":0.31965333614531277,"ballX":0.44687541150430365,"ballY":0.8343585276741559}
