{"leftPaddleY":0.5458635256192922,"rightPaddleY":0.9688208688437414,"ballX":0.21900715719620134,"ballY":0.48750182223520394}
