{"leftPaddleY":0.5926481960159038,"rightPaddleY":0.9287525363128478,"ballX":0.9673629803663066,"ballY":0.8517151225735319}
