{"leftPaddleY":0.0001102895101177399,"rightPaddleY":0.5404770901622465,"ballX":0.4490069687457361,"ballY":0.6889848243067069}
