{"leftPaddleY":0.016275727395782397,"rightPaddleY":0.382058875420936,"ballX":0.014335921500686138,"ballY":0.01207690596157225}
