{"leftPaddleY":0.14791409416371282,"rightPaddleY":0.570220985220063,"ballX":0.5219771100041238,"ballY":0.8931338113101747}
