{"leftPaddleY":0.3880962171466705,"rightPaddleY":0.4190965702416844,"ballX":0.024181414087538853,"ballY":0.9290984703665315}
