{"leftPaddleY":0.4573936749965752,"rightPaddleY":0.0025258977717332303,"ballX":0.1201425250884368,"ballY":0.6407306320269246}
