{"leftPaddleY":0.9015937553963527,"rightPaddleY":0.6940799983762961,"ballX":0.8595197270756958,"ballY":0.10746542865752441}
