{"leftPaddleY":0.41275630456302514,"rightPaddleY":0.44853030104801717,"ballX":0.439921881757078,"ballY":0.2843044647438717}
