{"leftPaddleY":0.6985899017641491,"rightPaddleY":0.2222264678556352,"ballX":0.503182511710886,"ballY":0.909355355173223}
