{"leftPaddleY":0.12439044609225061,"rightPaddleY":0.6477442411155521,"ballX":0.5018744389179849,"ballY":0.14313458404757787}
