{"leftPaddleY":0.20008964512643368,"rightPaddleY":0.9545633500852911,"ballX":0.8563614001642437,"ballY":0.5510466456514257}
