{"leftPaddleY":0.018129600239232435,"rightPaddleY":0.9141483075865392,"ballX":0.14483538179883002,"ballY":0.6697828176851822}
