{"leftPaddleY":0.9040184449362701,"rightPaddleY":0.028498198627824968,"ballX":0.8679379988575278,"ballY":0.6822940843221136}
