{"leftPaddleY":0.47272074247776985,"rightPaddleY":0.17553434923203945,"ballX":0.8230201520689324,"ballY":0.09407476661570353}
