{"leftPaddleY":0.7479683241098178,"rightPaddleY":0.1138499461144317,"ballX":0.5244776454299843,"ballY":0.9782282583199378}
