{"leftPaddleY":0.9637794592053813,"rightPaddleY":0.3685938511403343,"ballX":0.5189104472963261,"ballY":0.44245012533500927}
