{"leftPaddleY":0.37381554253652666,"rightPaddleY":0.6873665310485387,"ballX":0.9871539235204464,"ballY":0.7290664744448208}
