{"leftPaddleY":0.6200102253670782,"rightPaddleY":0.3343073583894356,"ballX":0.20534322100229382,"ballY":0.8160956319707988}
