{"leftPaddleY":0.1565642020635991,"rightPaddleY":0.9022019250447185,"ballX":0.1556112683811253,"ballY":0.6662861256032806}
