{"leftPaddleY":0.4481881352452368,"rightPaddleY":0.9452457445285449,"ballX":0.05734861815611861,"ballY":0.8559358907710111}
