{"leftPaddleY":0.48524253575618614,"rightPaddleY":0.04011256414679806,"ballX":0.25233291281389314,"ballY":0.6174583266262057}
