{"leftPaddleY":0.7473644581338662,"rightPaddleY":0.6033361853186618,"ballX":0.15509257550444924,"ballY":0.14769526969559768}
