{"leftPaddleY":0.6855605148358255,"rightPaddleY":0.016647665346731167,"ballX":0.4671983357252849,"ballY":0.2877394924830499}
