{"leftPaddleY":0.6418014939037514,"rightPaddleY":0.1863542707656385,"ballX":0.21843974246622383,"ballY":0.8838523972892576}
