{"leftPaddleY":0.531076697227223,"rightPaddleY":0.9441629133126229,"ballX":0.5170736923979059,"ballY":0.2739912783716577}
