{"leftPaddleY":0.3793769855506361,"rightPaddleY":0.1407272797262326,"ballX":0.03496323687876441,"ballY":0.5798002258767138}
