{"leftPaddleY":0.9989277997390035,"rightPaddleY":0.7062070371181774,"ballX":0.5501705767150558,"ballY":0.6241868721094219}
