{"leftPaddleY":0.6289507683824659,"rightPaddleY":0.7483513435572687,"ballX":0.3159999066493907,"ballY":0.5182638444610135}
