{"leftPaddleY":0.5174842772784245,"rightPaddleY":0.11348141554010703,"ballX":0.3519761519013086,"ballY":0.7812287565012812}
