{"leftPaddleY":0.3512378359712722,"rightPaddleY":0.41274889264745707,"ballX":0.08059148914442207,"ballY":0.17157340306350988}
