{"leftPaddleY":0.40224143503920007,"rightPaddleY":0.6308190414472568,"ballX":0.7451058240163756,"ballY":0.4779357615966241}
