{"leftPaddleY":0.46979346985244924,"rightPaddleY":0.9280892502340976,"ballX":0.009004384589935617,"ballY":0.7493821233928952}
