{"leftPaddleY":0.5930769669347803,"rightPaddleY":0.899093822044394,"ballX":0.020800589453474582,"ballY":0.30658813475585583}
