{"leftPaddleY":0.4795572545928981,"rightPaddleY":0.7630743101002012,"ballX":0.7808502772527237,"ballY":0.07010070657348973}
