{"leftPaddleY":0.2455233345853735,"rightPaddleY":0.2496613078005423,"ballX":0.338180554886766,"ballY":0.610279215070066}
