{"leftPaddleY":0.5037655681970412,"rightPaddleY":0.08426154326016602,"ballX":0.2276057656214976,"ballY":0.8348664214864211}
