{"leftPaddleY":0.17382880777598356,"rightPaddleY":0.029064463113595805,"ballX":0.5422751072718874,"ballY":0.03317809999382337}
