{"leftPaddleY":0.05956112711764495,"rightPaddleY":0.3566431250666762,"ballX":0.5413579803512123,"ballY":0.33499363485825595}
