{"leftPaddleY":0.21876509475826972,"rightPaddleY":0.17053948550497663,"ballX":0.5909927890607233,"ballY":0.8745686872211056}
