{"leftPaddleY":0.7942463536273071,"rightPaddleY":0.40187577555548015,"ballX":0.0823524308844701,"ballY":0.0615273316956622}
