{"leftPaddleY":0.9082797010961886,"rightPaddleY":0.46188511879501326,"ballX":0.06562602683027777,"ballY":0.5682262782819886}
