{"leftPaddleY":0.01401549352862294,"rightPaddleY":0.5792223414005545,"ballX":0.19153046523272266,"ballY":0.8535989453375216}
