{"leftPaddleY":0.7175784240154154,"rightPaddleY":0.7691738039136463,"ballX":0.14229807718300783,"ballY":0.834223584596621}
