{"leftPaddleY":0.3754550949297885,"rightPaddleY":0.8014665849183104,"ballX":0.7847448936643272,"ballY":0.8219268656318636}
