{"leftPaddleY":0.47477697494697546,"rightPaddleY":0.27945324447361053,"ballX":0.356524615692271,"ballY":0.006369879550438457}
