{"leftPaddleY":0.886145054523395,"rightPaddleY":0.9117603815008717,"ballX":0.8661994425345453,"ballY":0.3900431116576681}
