{"leftPaddleY":0.64757596096,"rightPaddleY":0.605541253186715,"ballX":0.24647497544346586,"ballY":0.21032230866321658}
