{"leftPaddleY":0.8692927384186352,"rightPaddleY":0.9977579174747775,"ballX":0.15298239846249856,"ballY":0.28439645672089475}
