{"leftPaddleY":0.5015593485915182,"rightPaddleY":0.7710020906713982,"ballX":0.14207112905953875,"ballY":0.33006541709324}
