{"leftPaddleY":0.8176039778108041,"rightPaddleY":0.5290620967677065,"ballX":0.4682245413242982,"ballY":0.45948838684211135}
