{"leftPaddleY":0.3020305875543714,"rightPaddleY":0.27651087215244485,"ballX":0.9691316255571913,"ballY":0.04053344239366242}
