{"leftPaddleY":0.18424185078555222,"rightPaddleY":0.1709641756637413,"ballX":0.49740330814826755,"ballY":0.9257336669776535}
