{"leftPaddleY":0.07071471739834807,"rightPaddleY":0.7959337115537689,"ballX":0.9911201593509332,"ballY":0.6605475768699088}
