{"leftPaddleY":0.9577583027994566,"rightPaddleY":0.8451984842256033,"ballX":0.11638019029034792,"ballY":0.210581089236574}
