{"leftPaddleY":0.29022202306876627,"rightPaddleY":0.10760470776472697,"ballX":0.18275995424705888,"ballY":0.22061429659138018}
