{"leftPaddleY":0.8131331977569772,"rightPaddleY":0.22569731881849323,"ballX":0.26859547577332643,"ballY":0.6839103757588821}
