{"leftPaddleY":0.6209994183901733,"rightPaddleY":0.8038043959767666,"ballX":0.8861530713606599,"ballY":0.29032649521484416}
