{"leftPaddleY":0.8096073531154684,"rightPaddleY":0.16185485082703302,"ballX":0.5432322197547331,"ballY":0.6139658574543901}
