{"leftPaddleY":0.051588699487207505,"rightPaddleY":0.4493730721759698,"ballX":0.5835614907951354,"ballY":0.3502242756193535}
