{"leftPaddleY":0.7067235644923199,"rightPaddleY":0.057411190693083855,"ballX":0.42305156579147735,"ballY":0.7329366571217208}
