{"leftPaddleY":0.3591253914970389,"rightPaddleY":0.6722343800134551,"ballX":0.5319449210745808,"ballY":0.3741991241450227}
