{"leftPaddleY":0.26044589820869973,"rightPaddleY":0.07165870705811571,"ballX":0.011466287993838803,"ballY":0.34602176336031043}
