{"leftPaddleY":0.1832175158334825,"rightPaddleY":0.08232049804090508,"ballX":0.5215357598811562,"ballY":0.6252100271911417}
