{"leftPaddleY":0.8828698922725979,"rightPaddleY":0.14575981046122635,"ballX":0.5885156138904575,"ballY":0.33952212566818013}
