{"leftPaddleY":0.15977118919420868,"rightPaddleY":0.750885097707137,"ballX":0.7735054529511922,"ballY":0.9937592346712659}
