{"leftPaddleY":0.3269897077904641,"rightPaddleY":0.7661421733622547,"ballX":0.7782277033011261,"ballY":0.26559844819401673}
