{"leftPaddleY":0.9486638742767584,"rightPaddleY":0.17402645124518026,"ballX":0.4705427887987525,"ballY":0.2920752740911514}
