{"leftPaddleY":0.555374167817169,"rightPaddleY":0.1467528206367148,"ballX":0.7433200102512115,"ballY":0.4452153268977778}
