{"leftPaddleY":0.04884699548989543,"rightPaddleY":0.8250925175917397,"ballX":0.9277739390441055,"ballY":0.29911003429524685}
