{"leftPaddleY":0.5458006256438582,"rightPaddleY":0.5859263901401107,"ballX":0.916926107405209,"ballY":0.5912693883656928}
