{"leftPaddleY":0.8076697808997053,"rightPaddleY":0.5872325337377242,"ballX":0.2943409422310535,"ballY":0.11988926441008019}
