{"leftPaddleY":0.9158868097925961,"rightPaddleY":0.9941222622365304,"ballX":0.32872980289471954,"ballY":0.11786594300085096}
