{"leftPaddleY":0.2408743450452233,"rightPaddleY":0.4737251727815336,"ballX":0.24546497535617087,"ballY":0.35841482687719645}
