{"leftPaddleY":0.34401241582689274,"rightPaddleY":0.4792725793919918,"ballX":0.3997003236215765,"ballY":0.8501665260419277}
