{"leftPaddleY":0.07278868191571347,"rightPaddleY":0.26748250496514564,"ballX":0.40237618200514613,"ballY":0.8418887591707}
