{"leftPaddleY":0.9129453806791555,"rightPaddleY":0.914833436484284,"ballX":0.4617900277641071,"ballY":0.25134309157918006}
