{"leftPaddleY":0.5923218675328604,"rightPaddleY":0.5971536271970078,"ballX":0.3780128500431832,"ballY":0.6646060250281215}
