{"leftPaddleY":0.38065361343135806,"rightPaddleY":0.22277668134347434,"ballX":0.5597876252186303,"ballY":0.4763102957372008}
