{"leftPaddleY":0.7263214712105301,"rightPaddleY":0.657744487772027,"ballX":0.8420117351811139,"ballY":0.0034776829637109337}
