{"leftPaddleY":0.33654754949911414,"rightPaddleY":0.929554262483722,"ballX":0.8808710641745017,"ballY":0.8731119968264764}
