{"leftPaddleY":0.14661447626085622,"rightPaddleY":0.48658085558332625,"ballX":0.2798489161900786,"ballY":0.20632519536377059}
