{"leftPaddleY":0.150259551779756,"rightPaddleY":0.9914017697547107,"ballX":0.5367868768316498,"ballY":0.50320932819503}
