{"leftPaddleY":0.4437472562418202,"rightPaddleY":0.9367110752000598,"ballX":0.4874497424994556,"ballY":0.12495186283561803}
