{"leftPaddleY":0.7069508109661412,"rightPaddleY":0.04485612235924819,"ballX":0.7793398029345142,"ballY":0.9494612908739004}
