{"leftPaddleY":0.35277837813366836,"rightPaddleY":0.8141822754325094,"ballX":0.33441142408458957,"ballY":0.44431370683365246}
