{"leftPaddleY":0.3201757130717168,"rightPaddleY":0.37603828041913967,"ballX":0.11987522876964189,"ballY":0.19015417432987586}
