{"leftPaddleY":0.515554941018557,"rightPaddleY":0.48905785411248526,"ballX":0.16362247406741195,"ballY":0.673217124261893}
