{"leftPaddleY":0.6021119851614744,"rightPaddleY":0.6964447359039349,"ballX":0.5388334388252162,"ballY":0.09093194030020534}
