{"leftPaddleY":0.4204321696230548,"rightPaddleY":0.7073916810221501,"ballX":0.14447548648960987,"ballY":0.530926749109738}
