{"leftPaddleY":0.9302968742967336,"rightPaddleY":0.03180020248989703,"ballX":0.526800818967308,"ballY":0.28425833705942277}
