{"leftPaddleY":0.1514282851642409,"rightPaddleY":0.48628935165833354,"ballX":0.7968718337733732,"ballY":0.6727788690341985}
