{"leftPaddleY":0.3419283988236612,"rightPaddleY":0.16017389457684375,"ballX":0.1505197554923981,"ballY":0.959393163975516}
