{"leftPaddleY":0.6466957679049311,"rightPaddleY":0.9054649540419332,"ballX":0.6665265620733245,"ballY":0.7072988033055924}
