{"leftPaddleY":0.9536312297900931,"rightPaddleY":0.25972960484729163,"ballX":0.024886894506000398,"ballY":0.9673402478529232}
