{"leftPaddleY":0.35508088741303495,"rightPaddleY":0.8413039093668071,"ballX":0.27422216072308037,"ballY":0.559408340138956}
