{"leftPaddleY":0.4601020039166468,"rightPaddleY":0.1621446735611528,"ballX":0.2613183300621046,"ballY":0.8350295676717241}
