{"leftPaddleY":0.5747625968348943,"rightPaddleY":0.5476372174772208,"ballX":0.8960898987678212,"ballY":0.8302683687798971}
