{"leftPaddleY":0.7073661162680482,"rightPaddleY":0.822510437503095,"ballX":0.2134176966211866,"ballY":0.4040907872447077}
