{"leftPaddleY":0.829896298309443,"rightPaddleY":0.15717181735924574,"ballX":0.8744066621236424,"ballY":0.5934249356004027}
