{"leftPaddleY":0.9842417033400356,"rightPaddleY":0.09504695407694141,"ballX":0.670369671450651,"ballY":0.17984083578822838}
