{"leftPaddleY":0.5705376948419869,"rightPaddleY":0.9047666009677799,"ballX":0.06343910095180742,"ballY":0.8434035787009503}
