{"leftPaddleY":0.690738126072588,"rightPaddleY":0.8548972995802705,"ballX":0.2421208964176147,"ballY":0.13080537126295005}
