{"leftPaddleY":0.1622405013321,"rightPaddleY":0.9040413180937569,"ballX":0.9437753956533367,"ballY":0.4398577629968143}
