{"leftPaddleY":0.17036859147436034,"rightPaddleY":0.6254800440984102,"ballX":0.7988697995488109,"ballY":0.8859041864529065}
