{"leftPaddleY":0.3227584573079074,"rightPaddleY":0.4839832535647174,"ballX":0.9354418091512455,"ballY":0.5201697946289386}
