{"leftPaddleY":0.09906497327338604,"rightPaddleY":0.1529925166311399,"ballX":0.4661387523620602,"ballY":0.18594255317688918}
