{"leftPaddleY":0.6295104416341091,"rightPaddleY":0.15832244707524185,"ballX":0.7231508047212819,"ballY":0.22073405138023666}
