{"leftPaddleY":0.5455421271034849,"rightPaddleY":0.6301551219250404,"ballX":0.9554313246101905,"ballY":0.5365957689782}
