{"leftPaddleY":0.14115078103607887,"rightPaddleY":0.0025496956496675505,"ballX":0.04054902144633441,"ballY":0.1989984967632315}
