{"leftPaddleY":0.36805953347208575,"rightPaddleY":0.039820263964669284,"ballX":0.9192562605986068,"ballY":0.041466545159869944}
