{"leftPaddleY":0.3003530097512812,"rightPaddleY":0.5719118771152933,"ballX":0.7175215047492762,"ballY":0.013973522251443077}
