{"leftPaddleY":0.07727585302110591,"rightPaddleY":0.13678899384048537,"ballX":0.7336053309726965,"ballY":0.15561579884881202}
