{"leftPaddleY":0.835834282638249,"rightPaddleY":0.6922886809543035,"ballX":0.9606001727101939,"ballY":0.45329022211840797}
