{"leftPaddleY":0.6669745778346962,"rightPaddleY":0.9175835116801859,"ballX":0.04687921140264893,"ballY":0.6910317680895912}
