{"leftPaddleY":0.5529988487266007,"rightPaddleY":0.7964147204770722,"ballX":0.008273918476357363,"ballY":0.9921959057388434}
