{"leftPaddleY":0.2501150924421069,"rightPaddleY":0.6380418203893982,"ballX":0.7292822288541976,"ballY":0.2920866318697073}
