{"leftPaddleY":0.5923498973846288,"rightPaddleY":0.600653185188581,"ballX":0.4581748540416739,"ballY":0.9085427217310298}
