{"leftPaddleY":0.9042607491702616,"rightPaddleY":0.9263223285971542,"ballX":0.6408894611494236,"ballY":0.5227554150868433}
