{"leftPaddleY":0.05465452810960852,"rightPaddleY":0.4078744395813156,"ballX":0.463820723894781,"ballY":0.7413016172209402}
