{"leftPaddleY":0.5974915911653714,"rightPaddleY":0.9192285909023161,"ballX":0.31494863391700667,"ballY":0.5560713435795505}
