{"leftPaddleY":0.8940614863721686,"rightPaddleY":0.8561940333365755,"ballX":0.18679394940785354,"ballY":0.8548758967694695}
