{"leftPaddleY":0.5800458683113358,"rightPaddleY":0.4391780903429888,"ballX":0.7084908546899639,"ballY":0.7259579035363116}
