{"leftPaddleY":0.7778011808963641,"rightPaddleY":0.4079515777746567,"ballX":0.36188909472456166,"ballY":0.7066588801180884}
