{"leftPaddleY":0.14785782088963645,"rightPaddleY":0.9286464558356563,"ballX":0.6908840167488395,"ballY":0.6669819981538996}
