{"leftPaddleY":0.7726771970680902,"rightPaddleY":0.9413265157260325,"ballX":0.8537066974329253,"ballY":0.22877347883116964}
