{"leftPaddleY":0.6917666084160288,"rightPaddleY":0.5946560364597905,"ballX":0.92022747169673,"ballY":0.2618264465562348}
