{"leftPaddleY":0.657196368295472,"rightPaddleY":0.7428423718445007,"ballX":0.23858469963849202,"ballY":0.3089296816594757}
