{"leftPaddleY":0.6221452174911066,"rightPaddleY":0.7094509536307773,"ballX":0.08995560401569835,"ballY":0.01565297892244134}
