{"leftPaddleY":0.03682833309756741,"rightPaddleY":0.3773628276291014,"ballX":0.9358689924260881,"ballY":0.9249378280155898}
