{"leftPaddleY":0.6326919154149112,"rightPaddleY":0.8666706874939767,"ballX":0.5707525393327341,"ballY":0.559020562274927}
