{"leftPaddleY":0.6596965480961591,"rightPaddleY":0.8098156621018948,"ballX":0.6974287971158549,"ballY":0.05436754069998989}
