{"leftPaddleY":0.35419815501887486,"rightPaddleY":0.22143717565967885,"ballX":0.9615032455298995,"ballY":0.16471084095674263}
