{"leftPaddleY":0.9038743657259134,"rightPaddleY":0.38471231616259827,"ballX":0.8097652090846098,"ballY":0.7636424728295591}
