{"leftPaddleY":0.4877019807748841,"rightPaddleY":0.7351663982845721,"ballX":0.5607521286424234,"ballY":0.07133903586543612}
