{"leftPaddleY":0.23181202122985542,"rightPaddleY":0.7824215445479378,"ballX":0.42171376730801763,"ballY":0.7561632930668848}
