{"leftPaddleY":0.8361527063321714,"rightPaddleY":0.15860849495395624,"ballX":0.8630165135299219,"ballY":0.4010949127093443}
