{"leftPaddleY":0.46931967127709195,"rightPaddleY":0.7879707811873886,"ballX":0.5894396260417767,"ballY":0.05252839959070735}
