{"leftPaddleY":0.9102841456169686,"rightPaddleY":0.7378431928668485,"ballX":0.27553863143810475,"ballY":0.948287052251678}
