{"leftPaddleY":0.9178988457306448,"rightPaddleY":0.16122158519543725,"ballX":0.11838720884048806,"ballY":0.6142617018793922}
