{"leftPaddleY":0.2247642868274777,"rightPaddleY":0.5561277760757184,"ballX":0.4374677851144657,"ballY":0.29952121403793996}
