{"leftPaddleY":0.7159786182415374,"rightPaddleY":0.7386027895512853,"ballX":0.5752179782066928,"ballY":0.9476802479992812}
