{"leftPaddleY":0.34213080644023774,"rightPaddleY":0.2384322040600074,"ballX":0.297983198063462,"ballY":0.6433963940961701}
