{"leftPaddleY":0.10107893004019121,"rightPaddleY":0.7622372014950249,"ballX":0.15071112947367554,"ballY":0.29772184152845715}
