{"leftPaddleY":0.38403834934590236,"rightPaddleY":0.9803826607526896,"ballX":0.8250751670746597,"ballY":0.09462859104021312}
