{"leftPaddleY":0.5542870651199124,"rightPaddleY":0.03929665296372168,"ballX":0.9474103887825832,"ballY":0.5004496320583376}
