{"leftPaddleY":0.3309279921234232,"rightPaddleY":0.06623133313018707,"ballX":0.10472068165513708,"ballY":0.8166692739865831}
