{"leftPaddleY":0.22246227484612063,"rightPaddleY":0.010480411370647,"ballX":0.19064826125943624,"ballY":0.5183586149936249}
