{"leftPaddleY":0.9999928783060041,"rightPaddleY":0.6310380918711518,"ballX":0.38355064581536447,"ballY":0.27459201341529593}
