{"leftPaddleY":0.6660268188952377,"rightPaddleY":0.9131337359097401,"ballX":0.12861545990613588,"ballY":0.12405823742149263}
