{"leftPaddleY":0.9220643593500948,"rightPaddleY":0.8355126404202609,"ballX":0.05162786796306796,"ballY":0.40140502183977306}
