{"leftPaddleY":0.23285775511830947,"rightPaddleY":0.2335530075005374,"ballX":0.28617606968835696,"ballY":0.3432652214481907}
