{"leftPaddleY":0.9874591643764216,"rightPaddleY":0.9260499074677803,"ballX":0.9349570274676526,"ballY":0.7009750574765747}
