{"leftPaddleY":0.7891719887040878,"rightPaddleY":0.7679073105418929,"ballX":0.01069927430142789,"ballY":0.6742142492319465}
