{"leftPaddleY":0.4989575780357348,"rightPaddleY":0.21042902940505348,"ballX":0.6265567012368028,"ballY":0.4480896675755379}
