{"leftPaddleY":0.7692318185608427,"rightPaddleY":0.8037847189593167,"ballX":0.29291751625963297,"ballY":0.9282974722737034}
