{"leftPaddleY":0.1752729235602169,"rightPaddleY":0.5696186011707098,"ballX":0.9447319184372314,"ballY":0.9933564608313196}
