{"leftPaddleY":0.347038386739399,"rightPaddleY":0.4246433247945979,"ballX":0.1669957752448354,"ballY":0.12444919606819857}
