{"leftPaddleY":0.33418674462955283,"rightPaddleY":0.3691392940704837,"ballX":0.21452203293009137,"ballY":0.09541794579681659}
