{"leftPaddleY":0.7549436777155946,"rightPaddleY":0.6867417389910906,"ballX":0.25156028910051714,"ballY":0.03644401305976472}
