{"leftPaddleY":0.8470705425315186,"rightPaddleY":0.5551804969713737,"ballX":0.5094068293494688,"ballY":0.3753056972686852}
