{"leftPaddleY":0.7305947508280065,"rightPaddleY":0.8484617174522922,"ballX":0.36900774302629036,"ballY":0.5069419983142921}
