{"leftPaddleY":0.5963508983858815,"rightPaddleY":0.5020230248604054,"ballX":0.665501187133207,"ballY":0.9766502264597519}
