{"leftPaddleY":0.07661500966031387,"rightPaddleY":0.41550093341570304,"ballX":0.4811277253637378,"ballY":0.5041366543986039}
