{"leftPaddleY":0.08211792901480068,"rightPaddleY":0.6668850267920683,"ballX":0.9996171100833372,"ballY":0.8649302077954454}
