{"leftPaddleY":0.7138174587658702,"rightPaddleY":0.1607793886352509,"ballX":0.593821690479646,"ballY":0.7166879159262781}
