{"leftPaddleY":0.7363638984008267,"rightPaddleY":0.6334016087044914,"ballX":0.6580876872069125,"ballY":0.42031927965378624}
