{"leftPaddleY":0.8110563668184847,"rightPaddleY":0.8667236520663807,"ballX":0.649390574221316,"ballY":0.616571005840742}
