{"leftPaddleY":0.21329638407148846,"rightPaddleY":0.30278086935152715,"ballX":0.2510529906938179,"ballY":0.8687839633733505}
