{"leftPaddleY":0.9566354563798101,"rightPaddleY":0.9768101412661582,"ballX":0.18882171882317975,"ballY":0.06281459640804346}
