{"leftPaddleY":0.7662045117342728,"rightPaddleY":0.1927335364066644,"ballX":0.5554680016346477,"ballY":0.25034430684849607}
