{"leftPaddleY":0.45812475774009775,"rightPaddleY":0.7526896953984108,"ballX":0.12406438120190055,"ballY":0.11778545147429735}
