{"leftPaddleY":0.3176858958920048,"rightPaddleY":0.42715891067277706,"ballX":0.8222301595838186,"ballY":0.6209319683706395}
