{"leftPaddleY":0.9595989948273246,"rightPaddleY":0.41138961880922387,"ballX":0.22733829032426908,"ballY":0.7065587328122149}
