{"leftPaddleY":0.5058554260704012,"rightPaddleY":0.07454757821097839,"ballX":0.7083634287653132,"ballY":0.3253272506356211}
