{"leftPaddleY":0.00021731875144182858,"rightPaddleY":0.2663848971078355,"ballX":0.9224777901728539,"ballY":0.3539917002851122}
