{"leftPaddleY":0.5742412098646418,"rightPaddleY":0.5405178445908536,"ballX":0.7616330667684745,"ballY":0.8640938643969506}
