{"leftPaddleY":0.44398406479678787,"rightPaddleY":0.7701056682269405,"ballX":0.4653850167253479,"ballY":0.9264589679662024}
