{"leftPaddleY":0.5854557463730751,"rightPaddleY":0.2082817482451495,"ballX":0.4030686942260725,"ballY":0.775230769402833}
