{"leftPaddleY":0.4573446581831568,"rightPaddleY":0.14429359003450223,"ballX":0.7564142539427321,"ballY":0.42030529024574004}
