{"leftPaddleY":0.18728104537477025,"rightPaddleY":0.3208346050390548,"ballX":0.6826459847419019,"ballY":0.4350906328745521}
