{"leftPaddleY":0.8458738623300116,"rightPaddleY":0.7705585844481943,"ballX":0.7528782137181133,"ballY":0.362884287755459}
