{"leftPaddleY":0.05401439876507136,"rightPaddleY":0.3081216704866326,"ballX":0.5170822193526894,"ballY":0.08429870445657336}
