{"leftPaddleY":0.571396707008152,"rightPaddleY":0.3531204403224385,"ballX":0.5448637013224907,"ballY":0.06851377234585178}
