{"leftPaddleY":0.6918955623834457,"rightPaddleY":0.3547665183882794,"ballX":0.376325318996482,"ballY":0.1620388273839935}
