{"leftPaddleY":0.00451875648963612,"rightPaddleY":0.5057525160918709,"ballX":0.4884309428749018,"ballY":0.15237661562765434}
