{"leftPaddleY":0.05393575310391891,"rightPaddleY":0.4403486736348191,"ballX":0.07239108897878252,"ballY":0.09818173325480331}
