{"leftPaddleY":0.5973885003262569,"rightPaddleY":0.5645739950009879,"ballX":0.4011897945962636,"ballY":0.5439025598875195}
