{"leftPaddleY":0.5543376566808694,"rightPaddleY":0.5783047466757318,"ballX":0.6827616801018569,"ballY":0.4988948899041342}
