{"leftPaddleY":0.16730057488686464,"rightPaddleY":0.6253230604369203,"ballX":0.9522120174872349,"ballY":0.585409831521692}
