{"leftPaddleY":0.30892480834588143,"rightPaddleY":0.8921896072562703,"ballX":0.09251841648785883,"ballY":0.47187850272958654}
