{"leftPaddleY":0.4990474347817265,"rightPaddleY":0.7197371681823858,"ballX":0.3951241240733225,"ballY":0.25621706631731334}
