{"leftPaddleY":0.2994076914985489,"rightPaddleY":0.8134210849347961,"ballX":0.5809231692985504,"ballY":0.28001961893163546}
