{"leftPaddleY":0.5640091621816592,"rightPaddleY":0.15218820255261425,"ballX":0.7282748042079145,"ballY":0.12635216842652336}
