{"leftPaddleY":0.8531596391415728,"rightPaddleY":0.6144731402720417,"ballX":0.7096018752612401,"ballY":0.24597120819047938}
