{"leftPaddleY":0.06679419839448889,"rightPaddleY":0.2647871225211688,"ballX":0.6940413357818616,"ballY":0.1258675877360252}
