{"leftPaddleY":0.9250660794243908,"rightPaddleY":0.692497830941951,"ballX":0.8798668113398267,"ballY":0.7622405783250042}
