{"leftPaddleY":0.9947828216840336,"rightPaddleY":0.9736421569130554,"ballX":0.6145587587502249,"ballY":0.0888855750865388}
