{"leftPaddleY":0.9879838697895871,"rightPaddleY":0.6023109887858388,"ballX":0.13297757831705814,"ballY":0.07630192248594875}
