{"leftPaddleY":0.5650291862065763,"rightPaddleY":0.5390673798388529,"ballX":0.2555893484135012,"ballY":0.17768267214872466}
