{"leftPaddleY":0.3517521889041621,"rightPaddleY":0.3505766821637334,"ballX":0.5603200402058449,"ballY":0.10269541969555573}
