{"leftPaddleY":0.0787648323939447,"rightPaddleY":0.6354578190191756,"ballX":0.23195160692819355,"ballY":0.2045613948163974}
