{"leftPaddleY":0.6835732360472249,"rightPaddleY":0.6144650011324256,"ballX":0.1079220582087781,"ballY":0.7885074761926868}
