{"leftPaddleY":0.6514282730935016,"rightPaddleY":0.6029016550215767,"ballX":0.6452497834032452,"ballY":0.8031491567141746}
