{"leftPaddleY":0.22651843125566773,"rightPaddleY":0.43300887638666746,"ballX":0.5063729594489061,"ballY":0.6640378063323946}
