{"leftPaddleY":0.23005175274489106,"rightPaddleY":0.4372868717346233,"ballX":0.755683413310507,"ballY":0.9515609712731594}
