{"leftPaddleY":0.6407690234647486,"rightPaddleY":0.36307016924840313,"ballX":0.7820000577812983,"ballY":0.927623972338595}
