{"leftPaddleY":0.5058327272431395,"rightPaddleY":0.5782157617973334,"ballX":0.9189422444930193,"ballY":0.18338562891212104}
