{"leftPaddleY":0.564797558127938,"rightPaddleY":0.5396084179767936,"ballX":0.48198072945401615,"ballY":0.4848504466251761}
