{"leftPaddleY":0.6727706867472102,"rightPaddleY":0.3612706008270757,"ballX":0.993557584799138,"ballY":0.32829158743917836}
