{"leftPaddleY":0.8635079505178491,"rightPaddleY":0.6322933131696817,"ballX":0.043230439993803216,"ballY":0.07870764106194265}
