{"leftPaddleY":0.7282539404671801,"rightPaddleY":0.43901595788396086,"ballX":0.8803442105047288,"ballY":0.38495347270409425}
