{"leftPaddleY":0.5369898619648217,"rightPaddleY":0.5650388735636178,"ballX":0.11044481928487883,"ballY":0.858138602058207}
