{"leftPaddleY":0.5967036920522812,"rightPaddleY":0.5516262148286637,"ballX":0.24652424293900485,"ballY":0.14151622949237916}
