{"leftPaddleY":0.6571556938986497,"rightPaddleY":0.24422888738789977,"ballX":0.21149505327515294,"ballY":0.3195423410570391}
