{"leftPaddleY":0.8098334381132328,"rightPaddleY":0.9197826795383027,"ballX":0.22923746196801056,"ballY":0.8825530037013214}
