{"leftPaddleY":0.5661965843642827,"rightPaddleY":0.9573172734775051,"ballX":0.5788248914542085,"ballY":0.8442383233394836}
