{"leftPaddleY":0.22218710982454842,"rightPaddleY":0.8576946815204572,"ballX":0.6874699581679473,"ballY":0.7584276969961776}
