{"leftPaddleY":0.8771771622065297,"rightPaddleY":0.6585523905154057,"ballX":0.5425749387092947,"ballY":0.14133376941061296}
