{"leftPaddleY":0.8217278238208675,"rightPaddleY":0.16586820144003134,"ballX":0.3644097611084247,"ballY":0.05597724827099177}
