{"leftPaddleY":0.5348632504510651,"rightPaddleY":0.38030214757057657,"ballX":0.7147456784332767,"ballY":0.6752633521954867}
