{"leftPaddleY":0.308105408818163,"rightPaddleY":0.05705127844094435,"ballX":0.5192232962902545,"ballY":0.05943180876220332}
