{"leftPaddleY":0.5210438274704288,"rightPaddleY":0.8286516169574549,"ballX":0.18658512239129357,"ballY":0.885247983798883}
