{"leftPaddleY":0.9486625937381432,"rightPaddleY":0.7812180220924828,"ballX":0.44916725030055477,"ballY":0.5019605909973377}
