{"leftPaddleY":0.594849358847993,"rightPaddleY":0.6411983155874862,"ballX":0.8941411128640155,"ballY":0.1394406727059418}
