{"leftPaddleY":0.25343542851271555,"rightPaddleY":0.06977209437619968,"ballX":0.7881799615670168,"ballY":0.22814118591198645}
