{"leftPaddleY":0.9644784868629334,"rightPaddleY":0.12554023556076846,"ballX":0.6607294388843775,"ballY":0.00007587466420567032}
