{"leftPaddleY":0.6985880942638224,"rightPaddleY":0.1257594901092444,"ballX":0.8769899703610095,"ballY":0.709955123516782}
