{"leftPaddleY":0.6650270175717354,"rightPaddleY":0.06111901508923322,"ballX":0.09971640288393374,"ballY":0.43617595087204825}
