{"leftPaddleY":0.27590811541152954,"rightPaddleY":0.36527988920953675,"ballX":0.7021867927995907,"ballY":0.3058140062072252}
