{"leftPaddleY":0.7972705113482608,"rightPaddleY":0.6824230847577728,"ballX":0.9938051254653285,"ballY":0.4221008521179603}
