{"leftPaddleY":0.23635355315831086,"rightPaddleY":0.45287365547331637,"ballX":0.9073696234702099,"ballY":0.6365948682442771}
