{"leftPaddleY":0.4684545293844969,"rightPaddleY":0.18386303117073316,"ballX":0.6507685703091234,"ballY":0.4796404823038692}
