{"leftPaddleY":0.13016911655175192,"rightPaddleY":0.299384621069971,"ballX":0.6420553311428829,"ballY":0.3350023186320727}
