{"leftPaddleY":0.6284200942063297,"rightPaddleY":0.5351575332121539,"ballX":0.6180677986699,"ballY":0.2543605573891117}
