{"leftPaddleY":0.09096162919834455,"rightPaddleY":0.7370131828670574,"ballX":0.16564206625078137,"ballY":0.8624669525173261}
