{"leftPaddleY":0.7723163581343138,"rightPaddleY":0.8338760423250309,"ballX":0.30197533973651125,"ballY":0.4060935595231685}
