{"leftPaddleY":0.6809103563333474,"rightPaddleY":0.2517711076385774,"ballX":0.41389230306340347,"ballY":0.7402900057742008}
