{"leftPaddleY":0.2087889297639335,"rightPaddleY":0.844666334972042,"ballX":0.2835544038419714,"ballY":0.9174992032591645}
