{"leftPaddleY":0.2965420008438966,"rightPaddleY":0.9540069857045861,"ballX":0.9956172231796789,"ballY":0.33305710137061784}
