{"leftPaddleY":0.09989993145950725,"rightPaddleY":0.3099199064539107,"ballX":0.52540374058375,"ballY":0.5435292853092546}
