{"leftPaddleY":0.8079211711414874,"rightPaddleY":0.619943879959016,"ballX":0.11131928688015123,"ballY":0.8432579168112349}
