{"leftPaddleY":0.32897376555769575,"rightPaddleY":0.928022597372797,"ballX":0.2716734013392201,"ballY":0.1601102094101017}
