{"leftPaddleY":0.7442743154119255,"rightPaddleY":0.9427326919212756,"ballX":0.9837392141336916,"ballY":0.9147954176660987}
