{"leftPaddleY":0.11643254476298144,"rightPaddleY":0.5691236482523335,"ballX":0.5138370291321779,"ballY":0.052112357942385744}
