{"leftPaddleY":0.6580839807114347,"rightPaddleY":0.013596129488609372,"ballX":0.8855296634888584,"ballY":0.55316692644191}
