{"leftPaddleY":0.4229318961938752,"rightPaddleY":0.46800689725679956,"ballX":0.5682588953621343,"ballY":0.46434360248872336}
