{"leftPaddleY":0.3031699809277014,"rightPaddleY":0.5153201842834235,"ballX":0.4781357334017308,"ballY":0.9787718458055101}
