{"leftPaddleY":0.3055571929638943,"rightPaddleY":0.7293163461664451,"ballX":0.4760009409639274,"ballY":0.2420249433486102}
