{"leftPaddleY":0.5736914609767224,"rightPaddleY":0.4928882352161328,"ballX":0.8473500616449845,"ballY":0.9603199043901619}
