{"leftPaddleY":0.42475052686913645,"rightPaddleY":0.7681133333551301,"ballX":0.8323945571622186,"ballY":0.43181036427149555}
