{"leftPaddleY":0.2337407428025968,"rightPaddleY":0.28768492362050674,"ballX":0.9284186291905008,"ballY":0.005007869653811705}
