{"leftPaddleY":0.10083845117004096,"rightPaddleY":0.9437467715493542,"ballX":0.6442783981026649,"ballY":0.4608525084361147}
