{"leftPaddleY":0.22365534011269186,"rightPaddleY":0.492383661699939,"ballX":0.7655868130251813,"ballY":0.9250536081436469}
