{"leftPaddleY":0.7668021302959858,"rightPaddleY":0.34346097505745493,"ballX":0.09910532908970887,"ballY":0.679779672474596}
