{"leftPaddleY":0.6395276821103111,"rightPaddleY":0.5783917802270803,"ballX":0.3812875248376951,"ballY":0.7618267496035941}
