{"leftPaddleY":0.37214768818346816,"rightPaddleY":0.8894744748810018,"ballX":0.65752705709395,"ballY":0.6411209574457375}
