{"leftPaddleY":0.15531780883730456,"rightPaddleY":0.983605774263366,"ballX":0.14926355535712799,"ballY":0.8706038591664218}
