{"leftPaddleY":0.04178904488620526,"rightPaddleY":0.9311094328141065,"ballX":0.22036637782591592,"ballY":0.25323911235988444}
