{"leftPaddleY":0.5908729056026538,"rightPaddleY":0.5786463652713069,"ballX":0.8117512492933056,"ballY":0.9193485085466796}
