{"leftPaddleY":0.7382345980126579,"rightPaddleY":0.11242531446930383,"ballX":0.27981392748430955,"ballY":0.42647058625164924}
