{"leftPaddleY":0.004188994399335455,"rightPaddleY":0.2284789478618076,"ballX":0.8677964824945171,"ballY":0.7934118330247724}
