{"leftPaddleY":0.271647239451471,"rightPaddleY":0.06582088928653068,"ballX":0.04647604171136784,"ballY":0.7476102610806147}
