{"leftPaddleY":0.9425397017063754,"rightPaddleY":0.6364736474326724,"ballX":0.988983162101339,"ballY":0.59641696104873}
