{"leftPaddleY":0.07371738799491259,"rightPaddleY":0.8464427854206047,"ballX":0.7434045238128586,"ballY":0.39825391746196204}
