{"leftPaddleY":0.4854347782084361,"rightPaddleY":0.20966557160955052,"ballX":0.304519988907031,"ballY":0.38314173550510433}
