{"leftPaddleY":0.5304177953829621,"rightPaddleY":0.681179203579507,"ballX":0.38053710582349515,"ballY":0.2562081007683871}
