{"leftPaddleY":0.08974512826871012,"rightPaddleY":0.6909745629107211,"ballX":0.18645851247994208,"ballY":0.45675249554452735}
