{"leftPaddleY":0.7219438839957937,"rightPaddleY":0.29317263055188625,"ballX":0.7110428765109625,"ballY":0.17667128369037086}
