{"leftPaddleY":0.46424042293686496,"rightPaddleY":0.9771898623106998,"ballX":0.16752465133749397,"ballY":0.9238891524109316}
