{"leftPaddleY":0.21962306193826928,"rightPaddleY":0.3517814094878301,"ballX":0.7004652139016124,"ballY":0.6863811691977293}
