{"leftPaddleY":0.4150685603892605,"rightPaddleY":0.6579103057130709,"ballX":0.47394746459982584,"ballY":0.665585358281373}
