{"leftPaddleY":0.3228617514321459,"rightPaddleY":0.1782373263055622,"ballX":0.9639681943310617,"ballY":0.49260605106598143}
