{"leftPaddleY":0.21383091976583585,"rightPaddleY":0.12144320247394427,"ballX":0.8619108395461134,"ballY":0.9891292360610516}
