{"leftPaddleY":0.31977106780390774,"rightPaddleY":0.34825382667517174,"ballX":0.49995676532844324,"ballY":0.12663938686592222}
