{"leftPaddleY":0.6153910671530268,"rightPaddleY":0.3469307448706109,"ballX":0.4272612512452239,"ballY":0.47434100147999586}
