{"leftPaddleY":0.36266631024770984,"rightPaddleY":0.6342756219411845,"ballX":0.7114177461595653,"ballY":0.8931669819335613}
