{"leftPaddleY":0.7254057053480191,"rightPaddleY":0.028319927064512848,"ballX":0.15844876448675482,"ballY":0.16033360984397346}
