{"leftPaddleY":0.14154603554649633,"rightPaddleY":0.4250415020398422,"ballX":0.5920093112412854,"ballY":0.6907950956477997}
