{"leftPaddleY":0.746233011253326,"rightPaddleY":0.7361306528998629,"ballX":0.2959823367376603,"ballY":0.8878423322010972}
