{"leftPaddleY":0.5315448376658225,"rightPaddleY":0.35152613219384016,"ballX":0.8209795945412068,"ballY":0.8210712973196121}
