{"leftPaddleY":0.3073175408634924,"rightPaddleY":0.2557735807606205,"ballX":0.49614227772697533,"ballY":0.9124703154600933}
