{"leftPaddleY":0.24471459568370504,"rightPaddleY":0.5509694183645636,"ballX":0.11342765194118312,"ballY":0.39442439959955505}
