{"leftPaddleY":0.5751290997047659,"rightPaddleY":0.7484172346715879,"ballX":0.3569317302403321,"ballY":0.7765032214749774}
