{"leftPaddleY":0.992774502979812,"rightPaddleY":0.798675626749114,"ballX":0.2735699103883911,"ballY":0.8668856224654107}
