{"leftPaddleY":0.16432076358240583,"rightPaddleY":0.08383042567861945,"ballX":0.10727352304123672,"ballY":0.7769832017898853}
