{"leftPaddleY":0.03388959223817948,"rightPaddleY":0.12295740234812133,"ballX":0.5287229873910483,"ballY":0.366559624164133}
