{"leftPaddleY":0.8606672972322971,"rightPaddleY":0.294212032910161,"ballX":0.6210868859436331,"ballY":0.019672376955780377}
