{"leftPaddleY":0.3885405398305627,"rightPaddleY":0.7583792075170424,"ballX":0.21035582791194138,"ballY":0.5953809693543124}
