{"leftPaddleY":0.9047798377623666,"rightPaddleY":0.1388355095978697,"ballX":0.30313057687061945,"ballY":0.04272825042062451}
