{"leftPaddleY":0.9524687507015945,"rightPaddleY":0.5689076540123995,"ballX":0.708406411587115,"ballY":0.39460084574276894}
