{"leftPaddleY":0.5832915206240749,"rightPaddleY":0.584356239202736,"ballX":0.09482341176938697,"ballY":0.4809160017896069}
