{"leftPaddleY":0.8693688975277462,"rightPaddleY":0.4080086959791119,"ballX":0.28144901275756773,"ballY":0.826623829693603}
