{"leftPaddleY":0.7565047767133596,"rightPaddleY":0.5467979864549523,"ballX":0.04804893939418725,"ballY":0.38249166940261053}
