{"leftPaddleY":0.3352294054318077,"rightPaddleY":0.8239625854304454,"ballX":0.26897521121663387,"ballY":0.34702123112789135}
