{"leftPaddleY":0.16050589153536626,"rightPaddleY":0.23893428735282124,"ballX":0.5350471536394176,"ballY":0.29090758838435243}
