{"leftPaddleY":0.026152202553977252,"rightPaddleY":0.53312813203826,"ballX":0.009049645251783967,"ballY":0.18076042916530205}
