{"leftPaddleY":0.6698657481679365,"rightPaddleY":0.9842619352304076,"ballX":0.5901387024303758,"ballY":0.8657161482991705}
