{"leftPaddleY":0.5575407753605218,"rightPaddleY":0.5060324352526901,"ballX":0.9357656808588715,"ballY":0.4297839076710423}
