{"leftPaddleY":0.07922031159503513,"rightPaddleY":0.08162421091861627,"ballX":0.29145595606122876,"ballY":0.9408261250238197}
