{"leftPaddleY":0.9706282306867663,"rightPaddleY":0.09097091254161456,"ballX":0.1772498729767957,"ballY":0.042396434415878856}
