{"leftPaddleY":0.7983759423285477,"rightPaddleY":0.12521174633952664,"ballX":0.04893032233588324,"ballY":0.32048870857767653}
