{"leftPaddleY":0.5647875080094882,"rightPaddleY":0.8728381658614647,"ballX":0.8802356424670151,"ballY":0.07433704527168225}
