{"leftPaddleY":0.4294456505034191,"rightPaddleY":0.4774260391559893,"ballX":0.4500307929879755,"ballY":0.0514157489351789}
