{"leftPaddleY":0.6688265570022908,"rightPaddleY":0.9545746481107928,"ballX":0.381453213896708,"ballY":0.5459500948615297}
