{"leftPaddleY":0.6258947332110818,"rightPaddleY":0.7021878639748277,"ballX":0.7653844040504222,"ballY":0.41174467138425563}
