{"leftPaddleY":0.5706676454871747,"rightPaddleY":0.9169936483847438,"ballX":0.5190665805467978,"ballY":0.6086884529605995}
