{"leftPaddleY":0.12729104310759015,"rightPaddleY":0.0196278526423626,"ballX":0.049859638972631085,"ballY":0.28897477433873364}
