{"leftPaddleY":0.7389151799373805,"rightPaddleY":0.28190436922448897,"ballX":0.45075928738135784,"ballY":0.3915569214691105}
