{"leftPaddleY":0.7004188751282718,"rightPaddleY":0.4437179412649563,"ballX":0.8516613360864272,"ballY":0.7586030940708194}
