{"leftPaddleY":0.4878723707402377,"rightPaddleY":0.977830294334265,"ballX":0.6714040198280479,"ballY":0.6692930036794872}
