{"leftPaddleY":0.5912762100029602,"rightPaddleY":0.4664756750674925,"ballX":0.8921854026196846,"ballY":0.5140384824742585}
