{"leftPaddleY":0.9478203207843097,"rightPaddleY":0.36647418522471176,"ballX":0.11849844533042093,"ballY":0.07133962429769547}
