{"leftPaddleY":0.4302994990960189,"rightPaddleY":0.8727976297502895,"ballX":0.9422998647864088,"ballY":0.5176647828951637}
