{"leftPaddleY":0.14074481164371339,"rightPaddleY":0.39227166818330567,"ballX":0.6794645930939913,"ballY":0.708781084577863}
