{"leftPaddleY":0.24436481128332382,"rightPaddleY":0.467865160348832,"ballX":0.2978632600285618,"ballY":0.1985759529094712}
