{"leftPaddleY":0.7610026759191421,"rightPaddleY":0.08917851936308806,"ballX":0.4029657366572102,"ballY":0.2705006948600971}
