{"leftPaddleY":0.8890801645206194,"rightPaddleY":0.32132641211891455,"ballX":0.30740943634239953,"ballY":0.5839306904943362}
