{"leftPaddleY":0.015678942887883355,"rightPaddleY":0.21573651132101576,"ballX":0.48413242717170174,"ballY":0.27299926776147365}
