{"leftPaddleY":0.3735709284853679,"rightPaddleY":0.6264283346060564,"ballX":0.7065536680862761,"ballY":0.05638767874242917}
