{"leftPaddleY":0.753356265026625,"rightPaddleY":0.7109073949028649,"ballX":0.9286986006336424,"ballY":0.23108250567343677}
