{"leftPaddleY":0.5867422986408871,"rightPaddleY":0.7175917290423781,"ballX":0.4610185786264922,"ballY":0.829713122916827}
