{"leftPaddleY":0.9198068167254968,"rightPaddleY":0.24467350127994683,"ballX":0.15604664247111863,"ballY":0.366952251740774}
