{"leftPaddleY":0.6394045260762452,"rightPaddleY":0.8221247412533486,"ballX":0.23907328237239986,"ballY":0.754660657552226}
