{"leftPaddleY":0.6783533408565021,"rightPaddleY":0.47102983550034017,"ballX":0.5497634907316047,"ballY":0.4138331206544481}
