{"leftPaddleY":0.4593952202714696,"rightPaddleY":0.49450965033621963,"ballX":0.03082396371372327,"ballY":0.8683463670475713}
