{"leftPaddleY":0.6644878287030302,"rightPaddleY":0.7799397569802414,"ballX":0.5624569695514235,"ballY":0.7180941856800288}
