{"leftPaddleY":0.45273954609711853,"rightPaddleY":0.042655854382517074,"ballX":0.876743997432716,"ballY":0.11776922337898545}
