{"leftPaddleY":0.3356774890430179,"rightPaddleY":0.7630204304284763,"ballX":0.1719587030827062,"ballY":0.0910741801565283}
