{"leftPaddleY":0.2910226041132796,"rightPaddleY":0.2664662037981502,"ballX":0.5505679968068885,"ballY":0.1874756857540067}
