{"leftPaddleY":0.6004077018587929,"rightPaddleY":0.8811641466443816,"ballX":0.2560271316381899,"ballY":0.37262582701741587}
