{"leftPaddleY":0.37475533594784216,"rightPaddleY":0.7228098702495134,"ballX":0.500095885590581,"ballY":0.7811791703610089}
