{"leftPaddleY":0.15179629765989924,"rightPaddleY":0.6158715247012634,"ballX":0.6439674298369906,"ballY":0.22787106805596255}
