{"leftPaddleY":0.21008099341982467,"rightPaddleY":0.8452612076490269,"ballX":0.5237103545698076,"ballY":0.9471532954406187}
