{"leftPaddleY":0.9002823354159456,"rightPaddleY":0.11316305923595464,"ballX":0.5826111210260874,"ballY":0.9982490381535064}
