{"leftPaddleY":0.7364438173766612,"rightPaddleY":0.6966440847136924,"ballX":0.5415640577390535,"ballY":0.04012209197558452}
