{"leftPaddleY":0.305079784030843,"rightPaddleY":0.5659775591795315,"ballX":0.17840633161827033,"ballY":0.6382409921041087}
