{"leftPaddleY":0.9172412985410894,"rightPaddleY":0.08440199929747742,"ballX":0.23333825940681335,"ballY":0.2358289234002829}
