{"leftPaddleY":0.8314937432174225,"rightPaddleY":0.3030399667823669,"ballX":0.9676392881557645,"ballY":0.211024340439339}
