{"leftPaddleY":0.06481580671776313,"rightPaddleY":0.9987145133262442,"ballX":0.7328326193573195,"ballY":0.12374743781310735}
