{"leftPaddleY":0.2467457941434058,"rightPaddleY":0.7132921187663188,"ballX":0.696510394323229,"ballY":0.09342019656839126}
