{"leftPaddleY":0.6183639637945623,"rightPaddleY":0.6334367691143477,"ballX":0.01755149507868204,"ballY":0.7165430525305433}
