{"leftPaddleY":0.5358337204121095,"rightPaddleY":0.030369545917001306,"ballX":0.6889706818377349,"ballY":0.8157960353275812}
