{"leftPaddleY":0.7335402769357842,"rightPaddleY":0.9597153223870979,"ballX":0.30516906567252605,"ballY":0.2075324941304805}
