{"leftPaddleY":0.89495429568268,"rightPaddleY":0.395848277617384,"ballX":0.6561449582952537,"ballY":0.709131929653701}
