{"leftPaddleY":0.6154399048019474,"rightPaddleY":0.7409202134484661,"ballX":0.6939650574488786,"ballY":0.9548020094644638}
