{"leftPaddleY":0.1924623661760749,"rightPaddleY":0.6308229461047803,"ballX":0.9098895627919749,"ballY":0.8379042302558345}
