{"leftPaddleY":0.875263190424019,"rightPaddleY":0.1443921793778764,"ballX":0.7968067989578373,"ballY":0.5386542126362907}
