{"leftPaddleY":0.7035634740370409,"rightPaddleY":0.8913865547716957,"ballX":0.9992132558030516,"ballY":0.4220561277578943}
