{"leftPaddleY":0.7259960336055417,"rightPaddleY":0.287315842088671,"ballX":0.05022128034644513,"ballY":0.8031182567773278}
