{"leftPaddleY":0.763695567738373,"rightPaddleY":0.8578044408743254,"ballX":0.936548135574772,"ballY":0.1079790855790841}
