{"leftPaddleY":0.9988374984897868,"rightPaddleY":0.8173154111128493,"ballX":0.796408280781638,"ballY":0.24592833413054938}
