{"leftPaddleY":0.6766148036429055,"rightPaddleY":0.33299646204110883,"ballX":0.18891976733511445,"ballY":0.9767446044309028}
