{"leftPaddleY":0.7858276810288632,"rightPaddleY":0.4995389578817108,"ballX":0.10180500254548898,"ballY":0.21965559676348562}
