{"leftPaddleY":0.8213042835198631,"rightPaddleY":0.20120316972159807,"ballX":0.5839777180492289,"ballY":0.3662940929062826}
