{"leftPaddleY":0.4800248259102964,"rightPaddleY":0.5685655852592343,"ballX":0.0041673648862584085,"ballY":0.045746777316467126}
