{"leftPaddleY":0.5840161947578257,"rightPaddleY":0.041328191156061546,"ballX":0.39121378627291126,"ballY":0.5534292135714312}
