{"leftPaddleY":0.2269340324293565,"rightPaddleY":0.2977878465343856,"ballX":0.6829976995012271,"ballY":0.7550215965829276}
