{"leftPaddleY":0.608468063630079,"rightPaddleY":0.519566688952579,"ballX":0.7694754529307004,"ballY":0.6358759160545043}
