{"leftPaddleY":0.39188483078444675,"rightPaddleY":0.13885038051360754,"ballX":0.4133613334754837,"ballY":0.09037262985442912}
