{"leftPaddleY":0.6659402702621321,"rightPaddleY":0.9837816275472385,"ballX":0.34066919814544105,"ballY":0.6789965476503933}
