{"leftPaddleY":0.1949834545583958,"rightPaddleY":0.4818756119943766,"ballX":0.9011664833632538,"ballY":0.24691568384674595}
