{"leftPaddleY":0.005487297197372061,"rightPaddleY":0.04295897651166751,"ballX":0.9340134978665685,"ballY":0.8132316720297181}
