{"leftPaddleY":0.32718067000710577,"rightPaddleY":0.26674154531350985,"ballX":0.6920850838008156,"ballY":0.19882176200179602}
