{"leftPaddleY":0.09653100931010015,"rightPaddleY":0.38907679916999344,"ballX":0.7526651879040291,"ballY":0.4431250370495515}
