{"leftPaddleY":0.29528065976537166,"rightPaddleY":0.09637902744404389,"ballX":0.8513542202317825,"ballY":0.10252001029034184}
