{"leftPaddleY":0.6321302609093642,"rightPaddleY":0.3808288712012165,"ballX":0.8537369294705666,"ballY":0.8273518423108775}
