{"leftPaddleY":0.1133401165753832,"rightPaddleY":0.5404556663413386,"ballX":0.15928651790086262,"ballY":0.8714982553417169}
