{"leftPaddleY":0.42306525294560726,"rightPaddleY":0.6984294917823806,"ballX":0.18021290739993545,"ballY":0.19067556616674497}
