{"leftPaddleY":0.16408323047296508,"rightPaddleY":0.7120415975670461,"ballX":0.1723998127057513,"ballY":0.9828018315130649}
