{"leftPaddleY":0.7407162935438855,"rightPaddleY":0.9945325881642826,"ballX":0.18380055756074573,"ballY":0.9305220313188947}
