{"leftPaddleY":0.353821808116674,"rightPaddleY":0.23840359086484897,"ballX":0.3990030336162489,"ballY":0.08482018848445472}
