{"leftPaddleY":0.5547119934335185,"rightPaddleY":0.3615292144342154,"ballX":0.2893448194021873,"ballY":0.07621560959291539}
