{"leftPaddleY":0.15669116246985426,"rightPaddleY":0.16147830385168732,"ballX":0.25689220618303155,"ballY":0.9915803467885472}
