{"leftPaddleY":0.7727607781243594,"rightPaddleY":0.20602010957181263,"ballX":0.7845071550374391,"ballY":0.8803440066091283}
