{"leftPaddleY":0.7035384186457418,"rightPaddleY":0.7321002774976556,"ballX":0.26402835475650877,"ballY":0.9321399001426534}
