{"leftPaddleY":0.18616342013709286,"rightPaddleY":0.958404349168755,"ballX":0.9217219796617118,"ballY":0.09301297740547375}
