{"leftPaddleY":0.29000036609440183,"rightPaddleY":0.9046037604762968,"ballX":0.04668019844197391,"ballY":0.9339846127018123}
