{"leftPaddleY":0.8408957788104138,"rightPaddleY":0.6363699259779884,"ballX":0.27783140377915916,"ballY":0.5889485693621094}
