{"leftPaddleY":0.6652793635619612,"rightPaddleY":0.001280648836718757,"ballX":0.5667006306786598,"ballY":0.4542908276390438}
