{"leftPaddleY":0.2455611469765587,"rightPaddleY":0.32083804807353733,"ballX":0.7595046918931144,"ballY":0.4078179493934916}
