{"leftPaddleY":0.9982680099739096,"rightPaddleY":0.3197903877868546,"ballX":0.8923266450442471,"ballY":0.4701873740480062}
