{"leftPaddleY":0.9472089883408913,"rightPaddleY":0.8804436525036491,"ballX":0.2611652991630182,"ballY":0.3786206810823545}
