{"leftPaddleY":0.3301804808564823,"rightPaddleY":0.6731872694323859,"ballX":0.949095458637789,"ballY":0.7546009976248778}
