{"leftPaddleY":0.24468974236373076,"rightPaddleY":0.2964181559899795,"ballX":0.8567086473986615,"ballY":0.4655509132114472}
