{"leftPaddleY":0.7083036126914987,"rightPaddleY":0.7376703109348534,"ballX":0.4895424205753196,"ballY":0.0782488204519396}
