{"leftPaddleY":0.02873248877499334,"rightPaddleY":0.2613939516060015,"ballX":0.395583838667781,"ballY":0.42971933015514413}
