{"leftPaddleY":0.36213606298927425,"rightPaddleY":0.5097161708995755,"ballX":0.7493387927188978,"ballY":0.7097785807689635}
