{"leftPaddleY":0.9756318732059462,"rightPaddleY":0.2868063861857753,"ballX":0.926680408572819,"ballY":0.8602598319405251}
