{"leftPaddleY":0.1373724641091858,"rightPaddleY":0.9034869824618388,"ballX":0.5146118675836637,"ballY":0.02607716784239066}
