{"leftPaddleY":0.6895476209906614,"rightPaddleY":0.49979633829111264,"ballX":0.5007335417200361,"ballY":0.08664554303298311}
