{"leftPaddleY":0.2757407109596859,"rightPaddleY":0.7790159715982834,"ballX":0.6023452609597203,"ballY":0.09216321929392955}
