{"leftPaddleY":0.07070279238189531,"rightPaddleY":0.4090489760526184,"ballX":0.3569081669338347,"ballY":0.10178452663829599}
