{"leftPaddleY":0.5882468226133221,"rightPaddleY":0.5798713913215985,"ballX":0.3609970397498886,"ballY":0.7588186925037128}
