{"leftPaddleY":0.8735171937618218,"rightPaddleY":0.36174275844205117,"ballX":0.5349017022415595,"ballY":0.17617158422291854}
