{"leftPaddleY":0.22294757639113244,"rightPaddleY":0.5192264728934085,"ballX":0.46218661869356503,"ballY":0.6184059086816803}
