{"leftPaddleY":0.12562179198604603,"rightPaddleY":0.674444282779869,"ballX":0.2711749198746422,"ballY":0.9764155704549967}
