{"leftPaddleY":0.7910993393109282,"rightPaddleY":0.2739253634686684,"ballX":0.311461418090758,"ballY":0.83953220331155}
