{"leftPaddleY":0.8437214948767655,"rightPaddleY":0.2785204078562947,"ballX":0.5775145947229436,"ballY":0.2137296508803876}
