{"leftPaddleY":0.3588346616168864,"rightPaddleY":0.03495236771710731,"ballX":0.4058443760859872,"ballY":0.6132541376021288}
