{"leftPaddleY":0.0820818023229865,"rightPaddleY":0.6339619035412772,"ballX":0.029767321528789876,"ballY":0.6774422139625806}
