{"leftPaddleY":0.14542492043074756,"rightPaddleY":0.9538075267277576,"ballX":0.8489219609710452,"ballY":0.853414907280993}
