{"leftPaddleY":0.1513917454541797,"rightPaddleY":0.16683259528640745,"ballX":0.5772672245543259,"ballY":0.7780674723706297}
