{"leftPaddleY":0.7889989898103317,"rightPaddleY":0.8748349905324593,"ballX":0.5444458346353575,"ballY":0.07419014922765185}
