{"leftPaddleY":0.14789910168929082,"rightPaddleY":0.816454212585015,"ballX":0.7345687107375675,"ballY":0.04626461509390604}
