{"leftPaddleY":0.48840469128260106,"rightPaddleY":0.28077276948814694,"ballX":0.46959815154830037,"ballY":0.2784231659165209}
