{"leftPaddleY":0.3655581638582263,"rightPaddleY":0.16406392795364316,"ballX":0.9844512144270648,"ballY":0.8385725539950969}
