{"leftPaddleY":0.18199176403895892,"rightPaddleY":0.3406431852995915,"ballX":0.8833338374614534,"ballY":0.9246788712861722}
