{"leftPaddleY":0.17222411279379252,"rightPaddleY":0.05837894092887455,"ballX":0.9349981304519348,"ballY":0.4489419839598169}
