{"leftPaddleY":0.1393530677792458,"rightPaddleY":0.659606231958465,"ballX":0.7161956110889259,"ballY":0.6669422686396786}
