{"leftPaddleY":0.9965884489108403,"rightPaddleY":0.6903293831055897,"ballX":0.350404289465067,"ballY":0.49467408549990993}
