{"leftPaddleY":0.5010604938636029,"rightPaddleY":0.818424598468566,"ballX":0.7750273292524104,"ballY":0.1490224917970236}
