{"leftPaddleY":0.3532304923102794,"rightPaddleY":0.17810376703062056,"ballX":0.6186245662034247,"ballY":0.3075210202668794}
