{"leftPaddleY":0.7113497780872938,"rightPaddleY":0.40281791572323994,"ballX":0.2559249866501939,"ballY":0.18541091761071762}
