{"leftPaddleY":0.481370973330765,"rightPaddleY":0.4020952099533026,"ballX":0.9600805939030845,"ballY":0.3304614456143202}
