{"leftPaddleY":0.7666233157839787,"rightPaddleY":0.18236547472248474,"ballX":0.16753525801243335,"ballY":0.06992054528757463}
