{"leftPaddleY":0.7716528238437936,"rightPaddleY":0.28645410128217796,"ballX":0.8107590405246871,"ballY":0.9749531042541081}
