{"leftPaddleY":0.5790545244306872,"rightPaddleY":0.5620193777431572,"ballX":0.366171739452635,"ballY":0.8134868319437377}
