{"leftPaddleY":0.3183027351113422,"rightPaddleY":0.38960708699736746,"ballX":0.37645548931430256,"ballY":0.6034610953571742}
