{"leftPaddleY":0.9386117030142357,"rightPaddleY":0.30051865389843574,"ballX":0.6076792809728437,"ballY":0.8199987479005951}
