{"leftPaddleY":0.7742413560648042,"rightPaddleY":0.3540817687853545,"ballX":0.14558836674823486,"ballY":0.13000206352231028}
