{"leftPaddleY":0.7806137376744178,"rightPaddleY":0.4809881928346018,"ballX":0.6116637218661467,"ballY":0.06704624832340644}
