{"leftPaddleY":0.6785508896899856,"rightPaddleY":0.3694981753005703,"ballX":0.24860467802581626,"ballY":0.334755284458264}
