{"leftPaddleY":0.6460195326385426,"rightPaddleY":0.9209604399488089,"ballX":0.585380347909014,"ballY":0.8269066207961764}
