{"leftPaddleY":0.07186445277680259,"rightPaddleY":0.10780319337252524,"ballX":0.552773261513284,"ballY":0.9121471020223312}
