{"leftPaddleY":0.5214437549406477,"rightPaddleY":0.9546996143146685,"ballX":0.5290782988575754,"ballY":0.9768776815446598}
