{"leftPaddleY":0.15259632295789777,"rightPaddleY":0.502714760726735,"ballX":0.813638394905956,"ballY":0.014133190304910538}
