{"leftPaddleY":0.8194057773697059,"rightPaddleY":0.10633676994973522,"ballX":0.5856364364148462,"ballY":0.39647683798788663}
