{"leftPaddleY":0.1376376362421997,"rightPaddleY":0.08370476162580057,"ballX":0.965435931627608,"ballY":0.5210867155433807}
