{"leftPaddleY":0.27144000643266347,"rightPaddleY":0.5363992777910656,"ballX":0.8406719697539959,"ballY":0.079391225300644}
