{"leftPaddleY":0.6094411171489943,"rightPaddleY":0.809377728100262,"ballX":0.5877550881829822,"ballY":0.5865336216788568}
