{"leftPaddleY":0.8847960976514863,"rightPaddleY":0.4837865583926747,"ballX":0.2700893057633402,"ballY":0.694551930580709}
