{"leftPaddleY":0.02062992598306361,"rightPaddleY":0.22859294828186066,"ballX":0.77848189134638,"ballY":0.09201681533825623}
