{"leftPaddleY":0.694259588016624,"rightPaddleY":0.9536361537084346,"ballX":0.3563312027922818,"ballY":0.15868567748634002}
