{"leftPaddleY":0.46673395269420975,"rightPaddleY":0.8013050676833805,"ballX":0.6604763884966822,"ballY":0.9022239262215882}
