{"leftPaddleY":0.19660621968741623,"rightPaddleY":0.8509793158477046,"ballX":0.6110104372936295,"ballY":0.5347884978789259}
