{"leftPaddleY":0.8436583985084971,"rightPaddleY":0.5892730789376908,"ballX":0.9475281825409476,"ballY":0.6897492906867098}
