{"leftPaddleY":0.2642253160792371,"rightPaddleY":0.838204047874953,"ballX":0.16897637384304381,"ballY":0.9138274651363598}
