{"leftPaddleY":0.8875830792086885,"rightPaddleY":0.44007529389102695,"ballX":0.8334552523795149,"ballY":0.09860506101947489}
