{"leftPaddleY":0.7036812665767179,"rightPaddleY":0.14090646160823164,"ballX":0.8882298217866524,"ballY":0.2153232695791007}
