{"leftPaddleY":0.854594918982564,"rightPaddleY":0.3759005807434836,"ballX":0.7027166924880156,"ballY":0.7564097607830452}
