{"leftPaddleY":0.9931763131460251,"rightPaddleY":0.5458980080299194,"ballX":0.03914915576483227,"ballY":0.5779864993100953}
