{"leftPaddleY":0.49133668920749135,"rightPaddleY":0.3938749087450859,"ballX":0.8488211133283069,"ballY":0.2133002464703198}
