{"leftPaddleY":0.9027409045147469,"rightPaddleY":0.938762115470805,"ballX":0.056724266926900385,"ballY":0.004878277386219308}
