{"leftPaddleY":0.6930148074289424,"rightPaddleY":0.24611955375181865,"ballX":0.733831028670099,"ballY":0.08594870052645012}
