{"leftPaddleY":0.04703074804712138,"rightPaddleY":0.05044942383685076,"ballX":0.34148378550292086,"ballY":0.23226043651144757}
