{"leftPaddleY":0.17251879797326045,"rightPaddleY":0.7312621978305859,"ballX":0.5591257989458949,"ballY":0.3622514713812941}
