{"leftPaddleY":0.6157989328741891,"rightPaddleY":0.6107090439833733,"ballX":0.7817705043882528,"ballY":0.24296310265650709}
