{"leftPaddleY":0.27709147320998856,"rightPaddleY":0.15232597214716634,"ballX":0.16231877145027226,"ballY":0.07048037024095158}
