{"leftPaddleY":0.08576749769657466,"rightPaddleY":0.96687913319918,"ballX":0.7088974954244115,"ballY":0.5040553361052883}
