{"leftPaddleY":0.7489361659103216,"rightPaddleY":0.5849641083039977,"ballX":0.43957206001475935,"ballY":0.030377385676477308}
