{"leftPaddleY":0.4978162396475105,"rightPaddleY":0.20057215177614807,"ballX":0.30742454498098076,"ballY":0.9617130330040142}
