{"leftPaddleY":0.7828174692191329,"rightPaddleY":0.3254353153353949,"ballX":0.8238994309153473,"ballY":0.1908757824667344}
