{"leftPaddleY":0.8315159803578481,"rightPaddleY":0.20991986685394115,"ballX":0.21719169703971533,"ballY":0.4791585356233767}
