{"leftPaddleY":0.12079291001852455,"rightPaddleY":0.43824637052108323,"ballX":0.3278076976645616,"ballY":0.39822628237888136}
