{"leftPaddleY":0.0951243088332829,"rightPaddleY":0.642505107730222,"ballX":0.3803037070946684,"ballY":0.31891398496965734}
