{"leftPaddleY":0.546048006770699,"rightPaddleY":0.6709008027003603,"ballX":0.5717264503858125,"ballY":0.1855482640985015}
