{"leftPaddleY":0.9394350716186173,"rightPaddleY":0.4229506545343894,"ballX":0.4796482964770334,"ballY":0.9502476527289814}
