{"leftPaddleY":0.363734511450421,"rightPaddleY":0.14393427998183927,"ballX":0.10188763254807627,"ballY":0.6747625402891245}
