{"leftPaddleY":0.09147004478651298,"rightPaddleY":0.9571364719906624,"ballX":0.8813839687861745,"ballY":0.9553523755967475}
