{"leftPaddleY":0.11810273989247069,"rightPaddleY":0.36819404980863535,"ballX":0.24388238822748085,"ballY":0.2763361183450971}
