{"leftPaddleY":0.9432124240971353,"rightPaddleY":0.1588220444563081,"ballX":0.3229459930782619,"ballY":0.36237402882064185}
