{"leftPaddleY":0.9992028806245955,"rightPaddleY":0.3239519329909979,"ballX":0.15224291544735466,"ballY":0.7888187568921387}
