{"leftPaddleY":0.7161039723280608,"rightPaddleY":0.5282284844793048,"ballX":0.6519529898771691,"ballY":0.8406337907315671}
