{"leftPaddleY":0.8208157422842058,"rightPaddleY":0.15731762985770223,"ballX":0.2375869914190717,"ballY":0.28028984615614044}
