{"leftPaddleY":0.8543131744363711,"rightPaddleY":0.8802188009649409,"ballX":0.23440617453919718,"ballY":0.11005925668449}
