{"leftPaddleY":0.15489613902381213,"rightPaddleY":0.41121367488586946,"ballX":0.6709822066350234,"ballY":0.18694235335461756}
