{"leftPaddleY":0.2052527399223984,"rightPaddleY":0.4338159950351911,"ballX":0.8017388517437476,"ballY":0.9556006805730477}
