{"leftPaddleY":0.2173788544706774,"rightPaddleY":0.96683011574509,"ballX":0.9663165289519198,"ballY":0.43436876596061713}
