{"leftPaddleY":0.986042065699827,"rightPaddleY":0.3848997797953075,"ballX":0.7127936980037425,"ballY":0.8683507803734067}
