{"leftPaddleY":0.4142084036947694,"rightPaddleY":0.9304857161836363,"ballX":0.10508275448525121,"ballY":0.832978339747527}
