{"leftPaddleY":0.11227796552940474,"rightPaddleY":0.09884103411219737,"ballX":0.8370203797766493,"ballY":0.1682421173551898}
