{"leftPaddleY":0.5980865109168394,"rightPaddleY":0.251522560000755,"ballX":0.19336109957792144,"ballY":0.8500527623194046}
