{"leftPaddleY":0.14214911240640796,"rightPaddleY":0.17963081290948546,"ballX":0.6234558166734674,"ballY":0.2802315185625121}
