{"leftPaddleY":0.8608075724514307,"rightPaddleY":0.7969338617236711,"ballX":0.41160342709818104,"ballY":0.7187470522347438}
