{"leftPaddleY":0.6713640054319424,"rightPaddleY":0.1456843129062762,"ballX":0.8300108402044203,"ballY":0.8167574264496549}
