{"leftPaddleY":0.23208553449651567,"rightPaddleY":0.5308963601140227,"ballX":0.6492539395068563,"ballY":0.4474193438348803}
