{"leftPaddleY":0.5116409048994714,"rightPaddleY":0.4603056659916072,"ballX":0.7703540576506468,"ballY":0.4376719478024365}
