{"leftPaddleY":0.17762959226518857,"rightPaddleY":0.10917571683516514,"ballX":0.7195186506367949,"ballY":0.42474347267830037}
