{"leftPaddleY":0.6470988840666996,"rightPaddleY":0.2713457382255412,"ballX":0.4032515232714375,"ballY":0.4307568922824249}
