{"leftPaddleY":0.7533021951689797,"rightPaddleY":0.9957155747904899,"ballX":0.659198175978872,"ballY":0.16570178650956371}
