{"leftPaddleY":0.3032626978188291,"rightPaddleY":0.5914238661479276,"ballX":0.2485508358084624,"ballY":0.61808993914742}
