{"leftPaddleY":0.05358681625718532,"rightPaddleY":0.5606008732316519,"ballX":0.37253532546606244,"ballY":0.9289171404557964}
