{"leftPaddleY":0.09679673729130449,"rightPaddleY":0.676580613163494,"ballX":0.9168396201682957,"ballY":0.4672852908856536}
