{"leftPaddleY":0.09842617479854898,"rightPaddleY":0.39218727034885115,"ballX":0.8231929535713125,"ballY":0.9532812679386787}
