{"leftPaddleY":0.6938778744014712,"rightPaddleY":0.21989209381387648,"ballX":0.2801623120443898,"ballY":0.39400333163435813}
