{"leftPaddleY":0.7174450088757872,"rightPaddleY":0.4576512361024178,"ballX":0.5693879505029348,"ballY":0.529690699685199}
