{"leftPaddleY":0.18543917031738652,"rightPaddleY":0.5079526854206878,"ballX":0.11582536990685027,"ballY":0.8776026101805422}
