{"leftPaddleY":0.4190460078905885,"rightPaddleY":0.35335669736737385,"ballX":0.7547039002291382,"ballY":0.7661450950449765}
