{"leftPaddleY":0.8162892597483555,"rightPaddleY":0.9651567661793263,"ballX":0.6873604877723284,"ballY":0.056910058831080884}
