{"leftPaddleY":0.09863780748812101,"rightPaddleY":0.16869600096054782,"ballX":0.5359792964170517,"ballY":0.34683702874770744}
