{"leftPaddleY":0.9679151312577701,"rightPaddleY":0.5788382016841348,"ballX":0.5361757765066584,"ballY":0.5082324635013475}
