{"leftPaddleY":0.13651228656254005,"rightPaddleY":0.7108082121317698,"ballX":0.6967855315655991,"ballY":0.1438790204496756}
