{"leftPaddleY":0.19684086150448804,"rightPaddleY":0.0911344263696755,"ballX":0.849630472958657,"ballY":0.6695591525428864}
