{"leftPaddleY":0.004510451602378113,"rightPaddleY":0.8147885990001196,"ballX":0.12088789953906943,"ballY":0.5974228690782913}
