{"leftPaddleY":0.6047813865362611,"rightPaddleY":0.473616550131602,"ballX":0.2773828846613172,"ballY":0.2991521316984313}
