{"leftPaddleY":0.19352329106612506,"rightPaddleY":0.1632174485323587,"ballX":0.9588540755692202,"ballY":0.8227529099542518}
