{"leftPaddleY":0.1751167317645323,"rightPaddleY":0.5155269020972193,"ballX":0.46210474932362533,"ballY":0.2252771200053533}
