{"leftPaddleY":0.41822922162720977,"rightPaddleY":0.5250330220281408,"ballX":0.08477959854271423,"ballY":0.3007870992391093}
