{"leftPaddleY":0.8462880082276221,"rightPaddleY":0.7688501497342244,"ballX":0.6294230227734083,"ballY":0.5023365830612482}
