{"leftPaddleY":0.61840445874922,"rightPaddleY":0.37870710271357705,"ballX":0.5590938935266125,"ballY":0.07264457483280974}
