{"leftPaddleY":0.41197746144236597,"rightPaddleY":0.7005230536274768,"ballX":0.8215839026385227,"ballY":0.5275829783823679}
