{"leftPaddleY":0.05292286402355253,"rightPaddleY":0.7648688743188042,"ballX":0.4001533091093998,"ballY":0.9386371156132999}
