{"leftPaddleY":0.09147526382423747,"rightPaddleY":0.6817649087808654,"ballX":0.3523404542118254,"ballY":0.980948303033005}
