{"leftPaddleY":0.8014750437299937,"rightPaddleY":0.9699607724114776,"ballX":0.4182263275353863,"ballY":0.762060017033537}
