{"leftPaddleY":0.623243874651844,"rightPaddleY":0.5270254154543703,"ballX":0.5528690821606362,"ballY":0.38974736792160936}
