{"leftPaddleY":0.6952237224669325,"rightPaddleY":0.2808323337447204,"ballX":0.20971883290693974,"ballY":0.6767406894802958}
