{"leftPaddleY":0.9470145741822501,"rightPaddleY":0.7051166386420911,"ballX":0.9004415502253631,"ballY":0.5542149986521098}
