{"leftPaddleY":0.32168226853214665,"rightPaddleY":0.7409433014315622,"ballX":0.8867512272776332,"ballY":0.45713349485723975}
