{"leftPaddleY":0.9545406301910082,"rightPaddleY":0.2900207401812462,"ballX":0.5282973270510268,"ballY":0.6688679779662814}
