{"leftPaddleY":0.2649732197611884,"rightPaddleY":0.3995355711333347,"ballX":0.49325243807875807,"ballY":0.4114750304928693}
