{"leftPaddleY":0.5835856985587454,"rightPaddleY":0.22127871839363084,"ballX":0.8803241235388917,"ballY":0.0015550096683558568}
