{"leftPaddleY":0.2457542228135074,"rightPaddleY":0.5457799519726706,"ballX":0.763090298906985,"ballY":0.6928417418446569}
