{"leftPaddleY":0.018290114164875044,"rightPaddleY":0.706851888001497,"ballX":0.02215592047327402,"ballY":0.6376060165123836}
