{"leftPaddleY":0.4186811011480389,"rightPaddleY":0.4265266193004501,"ballX":0.14805191082535615,"ballY":0.955497834127703}
