{"leftPaddleY":0.2872808905489409,"rightPaddleY":0.6588495765291227,"ballX":0.9163639426286874,"ballY":0.24832202362142683}
