{"leftPaddleY":0.24450736882305624,"rightPaddleY":0.3668503986861419,"ballX":0.39357481124553884,"ballY":0.8968473404582482}
