{"leftPaddleY":0.7769868834780227,"rightPaddleY":0.8568948563301205,"ballX":0.43684905008914865,"ballY":0.9146180404575925}
