{"leftPaddleY":0.6961514048537987,"rightPaddleY":0.9215645032919,"ballX":0.7221268408335998,"ballY":0.7294426119219215}
