{"leftPaddleY":0.7749517254238352,"rightPaddleY":0.8552314447846223,"ballX":0.1601022518044561,"ballY":0.9374227267067737}
