{"leftPaddleY":0.04338371776120491,"rightPaddleY":0.506106471425925,"ballX":0.8501932651892031,"ballY":0.44804106685011197}
