{"leftPaddleY":0.2834311125607962,"rightPaddleY":0.6938680386360563,"ballX":0.5746401918059705,"ballY":0.2795200126364407}
