{"leftPaddleY":0.9195358007924535,"rightPaddleY":0.8854498480690803,"ballX":0.10229902381373365,"ballY":0.14643394203111815}
