{"leftPaddleY":0.8893212196900689,"rightPaddleY":0.33783871073763866,"ballX":0.7807703181127135,"ballY":0.5126900270497797}
