{"leftPaddleY":0.3148994365344952,"rightPaddleY":0.6366414426813558,"ballX":0.34366429462585407,"ballY":0.9493092959885185}
