{"leftPaddleY":0.12011992368646539,"rightPaddleY":0.24243088019510475,"ballX":0.017102779065712684,"ballY":0.7054759915427382}
