{"leftPaddleY":0.29982924516437226,"rightPaddleY":0.4926714535718165,"ballX":0.8302850925571774,"ballY":0.4489058073940102}
