{"leftPaddleY":0.4532575003289625,"rightPaddleY":0.5913008432197847,"ballX":0.4682278762728271,"ballY":0.04595820505619959}
