{"leftPaddleY":0.07848885761614935,"rightPaddleY":0.5982262212587199,"ballX":0.9769549699447682,"ballY":0.16487556399917308}
