{"leftPaddleY":0.16184308075098086,"rightPaddleY":0.5818165186397453,"ballX":0.10242895098870128,"ballY":0.4705534599628564}
