{"leftPaddleY":0.6567256053913426,"rightPaddleY":0.4880642412703948,"ballX":0.7219311945177792,"ballY":0.251938772522524}
