{"leftPaddleY":0.9748968537787418,"rightPaddleY":0.180519721527296,"ballX":0.4552811283279562,"ballY":0.781585822487907}
