{"leftPaddleY":0.3232709959519259,"rightPaddleY":0.5667881589981146,"ballX":0.279911420686259,"ballY":0.4015352974872772}
