{"leftPaddleY":0.536469284908435,"rightPaddleY":0.3860963115598104,"ballX":0.05384194306804964,"ballY":0.9771928228569817}
