{"leftPaddleY":0.9064874927353463,"rightPaddleY":0.854032187675086,"ballX":0.7201226779542169,"ballY":0.8229753594380275}
