{"leftPaddleY":0.25616856936252386,"rightPaddleY":0.08819723695244314,"ballX":0.9166789984499387,"ballY":0.9143666473439527}
