{"leftPaddleY":0.27627998918587904,"rightPaddleY":0.84501721571807,"ballX":0.538256804360348,"ballY":0.5590855103640583}
