{"leftPaddleY":0.1258236231705257,"rightPaddleY":0.36878105587719884,"ballX":0.6226804674038136,"ballY":0.4768387017135099}
