{"leftPaddleY":0.4987035442889708,"rightPaddleY":0.3774030237893332,"ballX":0.27758935335576884,"ballY":0.8558560321385771}
