{"leftPaddleY":0.3026444423931096,"rightPaddleY":0.7362410585862365,"ballX":0.6577500321685261,"ballY":0.8350535440111888}
