{"leftPaddleY":0.24607852487672313,"rightPaddleY":0.08687749189750366,"ballX":0.4812799277202949,"ballY":0.8396152824423944}
