{"leftPaddleY":0.2351650538692978,"rightPaddleY":0.0923068999704229,"ballX":0.15998260277372403,"ballY":0.4979033780651091}
