{"leftPaddleY":0.5758438257628611,"rightPaddleY":0.6601056728926891,"ballX":0.6851975525844491,"ballY":0.9751038725922909}
