{"leftPaddleY":0.29218747361941666,"rightPaddleY":0.20727209494822035,"ballX":0.9119538169735195,"ballY":0.5120870120489983}
