{"leftPaddleY":0.3493538760616438,"rightPaddleY":0.2654844221779277,"ballX":0.02655890988356028,"ballY":0.0703881776968391}
