{"leftPaddleY":0.0986381249522072,"rightPaddleY":0.11399094103215217,"ballX":0.8644878565773774,"ballY":0.3232815794251107}
