{"leftPaddleY":0.697752664907627,"rightPaddleY":0.7084916477398913,"ballX":0.5775354500130963,"ballY":0.93507163929473}
