{"leftPaddleY":0.0575182543739118,"rightPaddleY":0.15424490385256723,"ballX":0.33458913784327887,"ballY":0.826137532894397}
