{"leftPaddleY":0.6329503959611145,"rightPaddleY":0.9983674435435045,"ballX":0.40307313476345336,"ballY":0.0393476058731136}
