{"leftPaddleY":0.5722193787242711,"rightPaddleY":0.9478049135514984,"ballX":0.10095084630285536,"ballY":0.842113258887792}
