{"leftPaddleY":0.7498183610227711,"rightPaddleY":0.009793317112221277,"ballX":0.2866196589509053,"ballY":0.5267473946477338}
