{"leftPaddleY":0.02890691075828541,"rightPaddleY":0.300857647433556,"ballX":0.7833842678393578,"ballY":0.6513807753718931}
