{"leftPaddleY":0.08832078637384418,"rightPaddleY":0.7292160149653032,"ballX":0.7796321928134493,"ballY":0.9591459106462555}
