{"leftPaddleY":0.013355141667407268,"rightPaddleY":0.8307168938057139,"ballX":0.5168051441032855,"ballY":0.9917456466821688}
