{"leftPaddleY":0.9889801191118629,"rightPaddleY":0.46298042615995155,"ballX":0.6366208157110964,"ballY":0.4887197371234853}
