{"leftPaddleY":0.3127917560465997,"rightPaddleY":0.8736680955032096,"ballX":0.6266698859480916,"ballY":0.9693876118292798}
