{"leftPaddleY":0.30147593609996026,"rightPaddleY":0.5921140375632736,"ballX":0.9053129288026373,"ballY":0.43224620801582236}
