{"leftPaddleY":0.2465889066314669,"rightPaddleY":0.6258982642880073,"ballX":0.5912319582466834,"ballY":0.2432422685261742}
