{"leftPaddleY":0.5937268494603711,"rightPaddleY":0.08045567681948987,"ballX":0.9767163750486513,"ballY":0.9731971423682685}
