{"leftPaddleY":0.701527276967465,"rightPaddleY":0.7451209661307407,"ballX":0.11884459379826454,"ballY":0.9865181081796557}
