{"leftPaddleY":0.7936108362626347,"rightPaddleY":0.12011337182800574,"ballX":0.907266736960276,"ballY":0.5118326123274325}
