{"leftPaddleY":0.3545815390752774,"rightPaddleY":0.9222983132825604,"ballX":0.7774459816381196,"ballY":0.021944822447826202}
