{"leftPaddleY":0.11116773291482715,"rightPaddleY":0.7756795661997198,"ballX":0.054348462337232804,"ballY":0.14846546871789815}
