{"leftPaddleY":0.6274605573760799,"rightPaddleY":0.6538868074741649,"ballX":0.09396914522305194,"ballY":0.16732515555732647}
