{"leftPaddleY":0.9791556138864725,"rightPaddleY":0.7130299273513485,"ballX":0.5983985080288302,"ballY":0.9732615735188278}
