{"leftPaddleY":0.5373014548693194,"rightPaddleY":0.34883299995835015,"ballX":0.867681208609007,"ballY":0.9312032256678855}
