{"leftPaddleY":0.5039061740766568,"rightPaddleY":0.1367355646761361,"ballX":0.9029763195181061,"ballY":0.08318666712185989}
