{"leftPaddleY":0.08478962679911388,"rightPaddleY":0.8982973524050134,"ballX":0.27072830106707624,"ballY":0.729636221725896}
