{"leftPaddleY":0.4703642335031149,"rightPaddleY":0.7092424458342116,"ballX":0.9978935598181049,"ballY":0.003788742074347685}
