{"leftPaddleY":0.22624983763356007,"rightPaddleY":0.06229250472271621,"ballX":0.5850068146765982,"ballY":0.6131692317273179}
