{"leftPaddleY":0.6907654766913589,"rightPaddleY":0.5634580760887449,"ballX":0.5871151353430416,"ballY":0.5479278927596732}
