{"leftPaddleY":0.7756204582039719,"rightPaddleY":0.46533397434421453,"ballX":0.07729419686302753,"ballY":0.5539247601547294}
