{"leftPaddleY":0.5394340557192224,"rightPaddleY":0.9827510205853836,"ballX":0.1005203811765847,"ballY":0.3543282357281468}
