{"leftPaddleY":0.6386708511258344,"rightPaddleY":0.021652305272352023,"ballX":0.5134666990799188,"ballY":0.05265718560797152}
