{"leftPaddleY":0.5888889638013662,"rightPaddleY":0.17494614699250416,"ballX":0.8219622296986216,"ballY":0.3912321612610925}
