{"leftPaddleY":0.83147618586067,"rightPaddleY":0.901884609844187,"ballX":0.0359021366497687,"ballY":0.5299776200704867}
