{"leftPaddleY":0.07361385540791215,"rightPaddleY":0.5931258956166294,"ballX":0.09469113055492717,"ballY":0.38787960422162426}
