{"leftPaddleY":0.132141207036459,"rightPaddleY":0.5708687297015812,"ballX":0.8832089495695588,"ballY":0.07281908936702994}
