{"leftPaddleY":0.28922745074670936,"rightPaddleY":0.8659387113159084,"ballX":0.5571158401846118,"ballY":0.6269331608023322}
