{"leftPaddleY":0.2084782134187919,"rightPaddleY":0.3340144324748702,"ballX":0.6546254854463693,"ballY":0.7038367244356447}
