{"leftPaddleY":0.9099426121163638,"rightPaddleY":0.6627728407157032,"ballX":0.07095436722481033,"ballY":0.8198276549350467}
