{"leftPaddleY":0.8094982264290391,"rightPaddleY":0.023218021310128654,"ballX":0.7365873359713814,"ballY":0.8129465350947696}
