{"leftPaddleY":0.15201214408729763,"rightPaddleY":0.5832476593274522,"ballX":0.9372655707760933,"ballY":0.35089372215400216}
