{"leftPaddleY":0.5270649629933756,"rightPaddleY":0.7665010038845518,"ballX":0.2925797652974256,"ballY":0.2102881830461031}
