{"leftPaddleY":0.06441259624972102,"rightPaddleY":0.11795156733873008,"ballX":0.9952332203387189,"ballY":0.3298384611740615}
