{"leftPaddleY":0.21634682333382352,"rightPaddleY":0.9355171347454427,"ballX":0.604901874681518,"ballY":0.5892136289369433}
