{"leftPaddleY":0.18765594363457477,"rightPaddleY":0.6102190355431567,"ballX":0.8482203507889141,"ballY":0.9925479188029477}
