{"leftPaddleY":0.46894810814732824,"rightPaddleY":0.5105877239005002,"ballX":0.46649203779062687,"ballY":0.7888059266794503}
