{"leftPaddleY":0.7774011928472113,"rightPaddleY":0.6582921762078625,"ballX":0.32032828677363084,"ballY":0.04397668198683253}
