{"leftPaddleY":0.024660995200393217,"rightPaddleY":0.38633986318151115,"ballX":0.05455695477943315,"ballY":0.8712383270540291}
