{"leftPaddleY":0.1128956356340584,"rightPaddleY":0.9774441704280722,"ballX":0.299004014968988,"ballY":0.37569782902759125}
