{"leftPaddleY":0.26862924235476304,"rightPaddleY":0.735136063026457,"ballX":0.07173346397711866,"ballY":0.7522657888737869}
