{"leftPaddleY":0.5509084171629229,"rightPaddleY":0.3036325363902556,"ballX":0.17549031192043518,"ballY":0.6142277911415681}
