{"leftPaddleY":0.8886062638490413,"rightPaddleY":0.7010252234639966,"ballX":0.5715472302350378,"ballY":0.06182797395765889}
