{"leftPaddleY":0.6331806863011092,"rightPaddleY":0.760795332241706,"ballX":0.8388986814249367,"ballY":0.5615490540856519}
