{"leftPaddleY":0.6872611653632265,"rightPaddleY":0.042517208789784953,"ballX":0.08895119346091512,"ballY":0.3254986484545179}
