{"leftPaddleY":0.8876184693607563,"rightPaddleY":0.5799887176858011,"ballX":0.28996651636664,"ballY":0.32361757619605885}
