{"leftPaddleY":0.6713341038695007,"rightPaddleY":0.2936004610974974,"ballX":0.03628873347275749,"ballY":0.7065285547269293}
