{"leftPaddleY":0.05937067947915382,"rightPaddleY":0.11592146991839085,"ballX":0.982224562853209,"ballY":0.08393120775384266}
