{"leftPaddleY":0.6701520186310858,"rightPaddleY":0.09320855204156467,"ballX":0.2026061716434621,"ballY":0.11315331462110503}
