{"leftPaddleY":0.07879977759062418,"rightPaddleY":0.9505892521167365,"ballX":0.9715460343573499,"ballY":0.11219651338164846}
