{"leftPaddleY":0.15797817407944845,"rightPaddleY":0.9423156325836514,"ballX":0.39143803465330335,"ballY":0.7633022181481249}
