{"leftPaddleY":0.5217751226598565,"rightPaddleY":0.5826264379966507,"ballX":0.6225203054013639,"ballY":0.9564868944143031}
