{"leftPaddleY":0.9171008922458886,"rightPaddleY":0.5942303983395477,"ballX":0.612666549111015,"ballY":0.6025893607585587}
