{"leftPaddleY":0.6763126245939577,"rightPaddleY":0.1778175955719924,"ballX":0.3895355820535772,"ballY":0.33751374184984956}
