{"leftPaddleY":0.7477260475186949,"rightPaddleY":0.8715424576998284,"ballX":0.8878203395484743,"ballY":0.879494489932533}
