{"leftPaddleY":0.9527271618437556,"rightPaddleY":0.7916225388795031,"ballX":0.16103109281837652,"ballY":0.3231844077396385}
