{"leftPaddleY":0.28187869953696093,"rightPaddleY":0.4623789596203262,"ballX":0.8620574293701048,"ballY":0.4522290135409947}
