{"leftPaddleY":0.8911389407036768,"rightPaddleY":0.1449334039185785,"ballX":0.7254867221703426,"ballY":0.737258244208482}
