{"leftPaddleY":0.5997385126135286,"rightPaddleY":0.561484861481502,"ballX":0.06828498167379765,"ballY":0.28755366239524577}
