{"leftPaddleY":0.07461268971362653,"rightPaddleY":0.5508216620914482,"ballX":0.41384756302280346,"ballY":0.8171606433382905}
