{"leftPaddleY":0.17581483517512217,"rightPaddleY":0.5028000992998856,"ballX":0.9510547770190638,"ballY":0.15680959457673993}
