{"leftPaddleY":0.768456097081228,"rightPaddleY":0.7191984259612378,"ballX":0.5734490867114191,"ballY":0.08331618012054642}
