{"leftPaddleY":0.4838893111736373,"rightPaddleY":0.69870504917536,"ballX":0.5470829352758991,"ballY":0.8052042128299005}
