{"leftPaddleY":0.6967014529446092,"rightPaddleY":0.36181889709532267,"ballX":0.482933328684708,"ballY":0.01406520347391193}
