{"leftPaddleY":0.5162214146279593,"rightPaddleY":0.18482174717775388,"ballX":0.9959852360982032,"ballY":0.7399549115043624}
