{"leftPaddleY":0.23148248536421998,"rightPaddleY":0.3764513495598195,"ballX":0.9629701629438977,"ballY":0.959135053713341}
