{"leftPaddleY":0.14071211140436593,"rightPaddleY":0.0025724581616721844,"ballX":0.7664353448799686,"ballY":0.29564985236362307}
