{"leftPaddleY":0.23774506904933684,"rightPaddleY":0.37860936830651143,"ballX":0.744956239918685,"ballY":0.428269596532391}
