{"leftPaddleY":0.29719785375246555,"rightPaddleY":0.4053210508417955,"ballX":0.496709011875497,"ballY":0.31837869757350307}
