{"leftPaddleY":0.7094049393379278,"rightPaddleY":0.351399564612145,"ballX":0.5368654975474478,"ballY":0.643987801175002}
