{"leftPaddleY":0.9443512154090262,"rightPaddleY":0.23910520936173196,"ballX":0.8746187917067503,"ballY":0.35453189058497336}
