{"leftPaddleY":0.7249257626359877,"rightPaddleY":0.41565882919384206,"ballX":0.1683365107094941,"ballY":0.35892055259220257}
