{"leftPaddleY":0.8617889769520756,"rightPaddleY":0.9658157880559961,"ballX":0.38448752511345813,"ballY":0.1635607509763083}
