{"leftPaddleY":0.5437023178581613,"rightPaddleY":0.4235905765062689,"ballX":0.9685431066119934,"ballY":0.8090845192401643}
