{"leftPaddleY":0.05784976304471365,"rightPaddleY":0.8289331311687294,"ballX":0.17151176211666444,"ballY":0.6100466332963806}
