{"leftPaddleY":0.1258099266756643,"rightPaddleY":0.7172014555589643,"ballX":0.2992643483245252,"ballY":0.8045965548135893}
