{"leftPaddleY":0.04658221337153987,"rightPaddleY":0.3440111279858418,"ballX":0.5956970466181356,"ballY":0.26113765400689737}
