{"leftPaddleY":0.605139870351993,"rightPaddleY":0.8564383861676322,"ballX":0.9642398942908081,"ballY":0.30941035060522365}
