{"leftPaddleY":0.5407560433133766,"rightPaddleY":0.28269080612323316,"ballX":0.9717745578413882,"ballY":0.9033055487316958}
