{"leftPaddleY":0.6656635468465486,"rightPaddleY":0.8828570269355669,"ballX":0.4603656461187899,"ballY":0.17658909651032528}
