{"leftPaddleY":0.4417922625032297,"rightPaddleY":0.5638317192340376,"ballX":0.1484732682495381,"ballY":0.6284224249871126}
