{"leftPaddleY":0.8587605973738628,"rightPaddleY":0.11736293136080253,"ballX":0.20359059385891587,"ballY":0.8201956747836664}
