{"leftPaddleY":0.8056012634879561,"rightPaddleY":0.9019822497323549,"ballX":0.8720402753196335,"ballY":0.9353741305854392}
