{"leftPaddleY":0.7277023357799215,"rightPaddleY":0.15744476471795146,"ballX":0.8073382757087808,"ballY":0.5901293560611218}
