{"leftPaddleY":0.5845703661946844,"rightPaddleY":0.04807977960957023,"ballX":0.4951731115312375,"ballY":0.39431892553361225}
