{"leftPaddleY":0.16852932904309942,"rightPaddleY":0.45386565170352694,"ballX":0.3837366507170464,"ballY":0.7564639774604844}
