{"leftPaddleY":0.44373934537122106,"rightPaddleY":0.15753939483042978,"ballX":0.34815674992683326,"ballY":0.06328138116821477}
