{"leftPaddleY":0.478712809593877,"rightPaddleY":0.308972052806931,"ballX":0.20207961995438883,"ballY":0.5576314375087367}
