{"leftPaddleY":0.9807388136320773,"rightPaddleY":0.8519497747608135,"ballX":0.16928916194567462,"ballY":0.6013033964949918}
