{"leftPaddleY":0.6752715635383397,"rightPaddleY":0.24746213765617567,"ballX":0.9898649815070958,"ballY":0.44667107185661037}
