{"leftPaddleY":0.5453365297978154,"rightPaddleY":0.18652262613502582,"ballX":0.13964310656778625,"ballY":0.922155452706784}
