{"leftPaddleY":0.18910733073400793,"rightPaddleY":0.39710015964534057,"ballX":0.9573061562360297,"ballY":0.6209290613551631}
