{"leftPaddleY":0.3982600532534377,"rightPaddleY":0.6135275710243873,"ballX":0.21175430868910838,"ballY":0.8294567865523295}
