{"leftPaddleY":0.6293774619104154,"rightPaddleY":0.6524201042542401,"ballX":0.772038824783455,"ballY":0.7177657842358611}
