{"leftPaddleY":0.5171125426246219,"rightPaddleY":0.7582317910173415,"ballX":0.3668664230219432,"ballY":0.1158982209340753}
