{"leftPaddleY":0.5141780684152741,"rightPaddleY":0.405509279250294,"ballX":0.6326916002157503,"ballY":0.8174159004035874}
