{"leftPaddleY":0.842930518486065,"rightPaddleY":0.07024446446049108,"ballX":0.6030386095350987,"ballY":0.05520013526216211}
