{"leftPaddleY":0.44309485483972105,"rightPaddleY":0.5801121122703586,"ballX":0.615094104024821,"ballY":0.5715961540559902}
