{"leftPaddleY":0.3017467482242504,"rightPaddleY":0.15720679511664878,"ballX":0.7196725652286325,"ballY":0.8006415047794878}
