{"leftPaddleY":0.632515934430706,"rightPaddleY":0.4040000554411234,"ballX":0.2534973819592304,"ballY":0.09116193618134932}
