{"leftPaddleY":0.037418644062774994,"rightPaddleY":0.7533858219304218,"ballX":0.6041215470808735,"ballY":0.25595270383211294}
