{"leftPaddleY":0.21715935580393386,"rightPaddleY":0.08363423502870108,"ballX":0.9631065494097555,"ballY":0.64797030004174}
