{"leftPaddleY":0.9498844916884498,"rightPaddleY":0.40500171963952736,"ballX":0.9766954110319322,"ballY":0.7235266039160609}
