{"leftPaddleY":0.3642293916501041,"rightPaddleY":0.53836499929185,"ballX":0.3243364943157289,"ballY":0.9350764834283789}
