{"leftPaddleY":0.45254847895931294,"rightPaddleY":0.6401361712611989,"ballX":0.15539367254235026,"ballY":0.19281250372710296}
