{"leftPaddleY":0.8464365462185058,"rightPaddleY":0.12124043730394328,"ballX":0.5472378204214583,"ballY":0.6210164409436822}
