{"leftPaddleY":0.21564436117650365,"rightPaddleY":0.967186694075039,"ballX":0.8121415113166263,"ballY":0.03630054500617071}
