{"leftPaddleY":0.13512948324164656,"rightPaddleY":0.7385637242527325,"ballX":0.257225980361508,"ballY":0.9038792258737885}
