{"leftPaddleY":0.6092884628224263,"rightPaddleY":0.6587158623440348,"ballX":0.7104789572260276,"ballY":0.3128675271587183}
