{"leftPaddleY":0.07278566253889739,"rightPaddleY":0.44080434311172256,"ballX":0.3678544326219424,"ballY":0.051248035871801094}
