{"leftPaddleY":0.25619149615860176,"rightPaddleY":0.17992696296132796,"ballX":0.34213127092092477,"ballY":0.009156100838944137}
