{"leftPaddleY":0.4176774289273674,"rightPaddleY":0.9672771637571557,"ballX":0.9378338447617576,"ballY":0.6019853556606484}
