{"leftPaddleY":0.24754687032227318,"rightPaddleY":0.2026624750033846,"ballX":0.5808677105734196,"ballY":0.6561195199097086}
