{"leftPaddleY":0.6939107654470199,"rightPaddleY":0.261439125101974,"ballX":0.1514367949874389,"ballY":0.3418651555624459}
