{"leftPaddleY":0.04818231516595624,"rightPaddleY":0.6168963947601578,"ballX":0.6352935182388583,"ballY":0.19866583776792293}
