{"leftPaddleY":0.42521754215593116,"rightPaddleY":0.8768857282881785,"ballX":0.5384101399137465,"ballY":0.13492449434528073}
