{"leftPaddleY":0.5408443636499106,"rightPaddleY":0.11325807220927826,"ballX":0.21305408419880573,"ballY":0.5566753163430891}
