{"leftPaddleY":0.16090073572070868,"rightPaddleY":0.5763564557916185,"ballX":0.9577908703109551,"ballY":0.7448429126092299}
