{"leftPaddleY":0.3285498729911124,"rightPaddleY":0.9576364458569486,"ballX":0.5537496742648595,"ballY":0.17617314084987235}
