{"leftPaddleY":0.3036872089469949,"rightPaddleY":0.9937409949912539,"ballX":0.05434962427858799,"ballY":0.2909600805463511}
