{"leftPaddleY":0.8199845775438767,"rightPaddleY":0.2301008971485366,"ballX":0.16230995552872993,"ballY":0.7015118641334356}
