{"leftPaddleY":0.4526382373109234,"rightPaddleY":0.7556735377324707,"ballX":0.3041886831789958,"ballY":0.929124843976168}
