{"leftPaddleY":0.9604319856321464,"rightPaddleY":0.042809134819198076,"ballX":0.6235519043568112,"ballY":0.4236766376732072}
