{"leftPaddleY":0.049086445024840615,"rightPaddleY":0.1312553328638279,"ballX":0.055823058289918,"ballY":0.7345832642249818}
