{"leftPaddleY":0.5481508801491106,"rightPaddleY":0.893889075825559,"ballX":0.9739941816802922,"ballY":0.3207575272249993}
