{"leftPaddleY":0.15955292386328854,"rightPaddleY":0.8874473814366308,"ballX":0.25304539768769424,"ballY":0.0678880081399325}
