{"leftPaddleY":0.30611149175026237,"rightPaddleY":0.7651183296787489,"ballX":0.8030595849862336,"ballY":0.1480756424454483}
