{"leftPaddleY":0.6986704461975577,"rightPaddleY":0.21024367470357863,"ballX":0.4655056721624401,"ballY":0.15937779900350743}
