{"leftPaddleY":0.5435838202286107,"rightPaddleY":0.7626666173593547,"ballX":0.5337877169265308,"ballY":0.24293740334776917}
