{"leftPaddleY":0.6316055069872024,"rightPaddleY":0.04730385889190649,"ballX":0.0014868394475680165,"ballY":0.7401429654010699}
