{"leftPaddleY":0.2936884879311772,"rightPaddleY":0.9875899123167767,"ballX":0.8510877915404425,"ballY":0.8153649007589807}
