{"leftPaddleY":0.7330249453519979,"rightPaddleY":0.4313443326558556,"ballX":0.2719497403926251,"ballY":0.5257423548243612}
