{"leftPaddleY":0.46411610166090556,"rightPaddleY":0.48279780254520105,"ballX":0.7501349084167933,"ballY":0.6944022368595502}
