{"leftPaddleY":0.8070955921478591,"rightPaddleY":0.40441305344833234,"ballX":0.5314229880254351,"ballY":0.7645902607467269}
