{"leftPaddleY":0.08395304464918997,"rightPaddleY":0.0025441573946259005,"ballX":0.7550965573308979,"ballY":0.9954019273863182}
