{"leftPaddleY":0.7258805041666124,"rightPaddleY":0.990096997496148,"ballX":0.8230275163901746,"ballY":0.00985606189683985}
