{"leftPaddleY":0.5405852114499164,"rightPaddleY":0.6440433519753974,"ballX":0.09152094406177412,"ballY":0.9367289380536282}
