{"leftPaddleY":0.8639010047466109,"rightPaddleY":0.4055334368859648,"ballX":0.32068647033902925,"ballY":0.9622180242850438}
