{"leftPaddleY":0.013611559603376504,"rightPaddleY":0.05693382916336781,"ballX":0.31850533563044603,"ballY":0.29963180590050603}
