{"leftPaddleY":0.5393940914072172,"rightPaddleY":0.9941508602717452,"ballX":0.3970916572511994,"ballY":0.5225986544704043}
