{"leftPaddleY":0.9286544056615933,"rightPaddleY":0.1267408734874276,"ballX":0.7126613638158793,"ballY":0.2853751084817555}
