{"leftPaddleY":0.2645077613228986,"rightPaddleY":0.14499878831317084,"ballX":0.2420460562414946,"ballY":0.3386948432941176}
