{"leftPaddleY":0.8302352668734013,"rightPaddleY":0.907196464223897,"ballX":0.6002707351100367,"ballY":0.9488960672599143}
