{"leftPaddleY":0.5894119743897085,"rightPaddleY":0.5817383039664226,"ballX":0.598948162930567,"ballY":0.17712184785742477}
