{"leftPaddleY":0.27189807589411374,"rightPaddleY":0.7945146268174887,"ballX":0.7826151837664679,"ballY":0.7464066535039935}
