{"leftPaddleY":0.3149849002633572,"rightPaddleY":0.517077176474089,"ballX":0.013093645874669544,"ballY":0.991897322453409}
