{"leftPaddleY":0.5569220544075623,"rightPaddleY":0.4416855761057564,"ballX":0.7428971078555606,"ballY":0.02705774401415092}
