{"leftPaddleY":0.09308389740403251,"rightPaddleY":0.12876419320744753,"ballX":0.28292931158943074,"ballY":0.8584154356279956}
