{"leftPaddleY":0.18431533019091864,"rightPaddleY":0.8653177636310397,"ballX":0.485970164321386,"ballY":0.6029963424987173}
