{"leftPaddleY":0.4390672450837179,"rightPaddleY":0.9896078218455283,"ballX":0.7819553231228813,"ballY":0.2904415051162762}
