{"leftPaddleY":0.510224275522784,"rightPaddleY":0.3483520411744372,"ballX":0.8330142085896279,"ballY":0.3283947782109064}
