{"leftPaddleY":0.23676679050335792,"rightPaddleY":0.9478175133386193,"ballX":0.7273665951930482,"ballY":0.14768579623893016}
