{"leftPaddleY":0.5665384277767227,"rightPaddleY":0.5641774714750145,"ballX":0.13878085117316455,"ballY":0.7891138256434305}
