{"leftPaddleY":0.6680895646638632,"rightPaddleY":0.2171185380817381,"ballX":0.2781676018275108,"ballY":0.7226910963386141}
