{"leftPaddleY":0.13238822671300796,"rightPaddleY":0.6834585591399435,"ballX":0.22538873638598647,"ballY":0.9527743860983879}
