{"leftPaddleY":0.6467129085392079,"rightPaddleY":0.2058553627644418,"ballX":0.010541839155426844,"ballY":0.6185451458884551}
