{"leftPaddleY":0.9506678593467855,"rightPaddleY":0.09496100151476344,"ballX":0.5857422722327982,"ballY":0.3824289884601314}
