{"leftPaddleY":0.25774951361428056,"rightPaddleY":0.269503783954573,"ballX":0.8348926265727391,"ballY":0.6541771887837255}
