{"leftPaddleY":0.04478961551596099,"rightPaddleY":0.519621643892193,"ballX":0.49220060251257386,"ballY":0.5518101144463096}
