{"leftPaddleY":0.7044597984447856,"rightPaddleY":0.1261775445984095,"ballX":0.07884189138130519,"ballY":0.28005363311397496}
