{"leftPaddleY":0.5957764857795251,"rightPaddleY":0.6369831025457219,"ballX":0.3329692265122497,"ballY":0.9413635905031694}
