{"leftPaddleY":0.10177828799754017,"rightPaddleY":0.32067558724869344,"ballX":0.6269388979866903,"ballY":0.4309522190758144}
