{"leftPaddleY":0.2969758633634152,"rightPaddleY":0.170735940344789,"ballX":0.6520375106429024,"ballY":0.9508426492422918}
