{"leftPaddleY":0.6244541008405393,"rightPaddleY":0.26564069628568726,"ballX":0.34198660675834663,"ballY":0.9869968259088143}
