{"leftPaddleY":0.3940015263611191,"rightPaddleY":0.250834719322448,"ballX":0.3883098258680888,"ballY":0.4534024593350374}
