{"leftPaddleY":0.6813275199401514,"rightPaddleY":0.7388276170006689,"ballX":0.8153452567272232,"ballY":0.3385213990872822}
