{"leftPaddleY":0.2830654317119191,"rightPaddleY":0.7361329819885144,"ballX":0.8451822845673849,"ballY":0.49593089870161705}
