{"leftPaddleY":0.35367477616977117,"rightPaddleY":0.21498761121053517,"ballX":0.7703855763358489,"ballY":0.8506810408798792}
