{"leftPaddleY":0.9710120263208207,"rightPaddleY":0.026531204288804483,"ballX":0.3522675407273219,"ballY":0.7216337188853441}
