{"leftPaddleY":0.3904439224129166,"rightPaddleY":0.8269005153100011,"ballX":0.08191283978413175,"ballY":0.6258726151625686}
