{"leftPaddleY":0.7055326221449717,"rightPaddleY":0.240969808433987,"ballX":0.30451474280593327,"ballY":0.9707986025299193}
