{"leftPaddleY":0.41400702302942977,"rightPaddleY":0.2597974815656016,"ballX":0.03948318795916048,"ballY":0.9810465773473453}
