{"leftPaddleY":0.9415270657067305,"rightPaddleY":0.6635089249239471,"ballX":0.8206476137844928,"ballY":0.8184881592759562}
