{"leftPaddleY":0.7885502389381985,"rightPaddleY":0.511628139135193,"ballX":0.7305611848192184,"ballY":0.19213161967023273}
