{"leftPaddleY":0.47986487632123065,"rightPaddleY":0.8716201080111815,"ballX":0.21796809129365755,"ballY":0.11848047869880952}
