{"leftPaddleY":0.2729569461033425,"rightPaddleY":0.69720923455484,"ballX":0.8567298916324833,"ballY":0.3620721169450928}
