{"leftPaddleY":0.030669187225583667,"rightPaddleY":0.7632375636785376,"ballX":0.93415315652618,"ballY":0.303470975358864}
