{"leftPaddleY":0.712170143969748,"rightPaddleY":0.39048022000377125,"ballX":0.6014166581362114,"ballY":0.15494135078108168}
