{"leftPaddleY":0.02373819043647565,"rightPaddleY":0.6848404592549714,"ballX":0.2222448349906285,"ballY":0.1212674121799805}
