{"leftPaddleY":0.26383104187061057,"rightPaddleY":0.9554632497798458,"ballX":0.3998235932024149,"ballY":0.42523391658947185}
