{"leftPaddleY":0.9127363143939362,"rightPaddleY":0.979698663288913,"ballX":0.26992833898699703,"ballY":0.4249101476242938}
