{"leftPaddleY":0.430877197750564,"rightPaddleY":0.6619768743303579,"ballX":0.11721887426599972,"ballY":0.5704003215921429}
