{"leftPaddleY":0.13117590388166536,"rightPaddleY":0.6872052371080327,"ballX":0.5368216081499716,"ballY":0.8188399930300377}
