{"leftPaddleY":0.31138814845085533,"rightPaddleY":0.8258628442692436,"ballX":0.9571167935459758,"ballY":0.13691191870811628}
