{"leftPaddleY":0.41594260975691705,"rightPaddleY":0.8181323413687539,"ballX":0.8193582219681023,"ballY":0.11607827090829591}
