{"leftPaddleY":0.7768405501782427,"rightPaddleY":0.7793461422066291,"ballX":0.4384642171442973,"ballY":0.18961512807042522}
