{"leftPaddleY":0.9749954999981184,"rightPaddleY":0.5959196119723053,"ballX":0.1754782284443525,"ballY":0.04279906109129339}
