{"leftPaddleY":0.43665017150092017,"rightPaddleY":0.31269188061908526,"ballX":0.5256344534852029,"ballY":0.25753076497124733}
