{"leftPaddleY":0.7829507165587014,"rightPaddleY":0.15407550012560137,"ballX":0.12942074361975972,"ballY":0.02405272168084491}
