{"leftPaddleY":0.8059928702734939,"rightPaddleY":0.26448693961424985,"ballX":0.6248955875416605,"ballY":0.42365561943137303}
