{"leftPaddleY":0.24271911393201023,"rightPaddleY":0.6923637928164602,"ballX":0.7532767504954603,"ballY":0.26999436198046506}
