{"leftPaddleY":0.28118993003085074,"rightPaddleY":0.9403681830491726,"ballX":0.9834880922736519,"ballY":0.44851537580259065}
