{"leftPaddleY":0.32450687407019196,"rightPaddleY":0.5365777573404205,"ballX":0.713788705247368,"ballY":0.8830231869932638}
