{"leftPaddleY":0.9065359131628746,"rightPaddleY":0.663747915454267,"ballX":0.6491794955938681,"ballY":0.10396748770830594}
