{"leftPaddleY":0.3251177186283572,"rightPaddleY":0.006060277949377209,"ballX":0.9590462824587512,"ballY":0.42849876419559046}
