{"leftPaddleY":0.9127939488536729,"rightPaddleY":0.6317471629389272,"ballX":0.7426373526385731,"ballY":0.7019582502018044}
