{"leftPaddleY":0.9413840318584289,"rightPaddleY":0.25993822282519746,"ballX":0.5955269732272811,"ballY":0.27003284293222235}
