{"leftPaddleY":0.7633859565139969,"rightPaddleY":0.12273344372619566,"ballX":0.8047655488594776,"ballY":0.5102341421705355}
