{"leftPaddleY":0.9748039144211013,"rightPaddleY":0.14947684757550023,"ballX":0.00876656017867841,"ballY":0.590945107985026}
