{"leftPaddleY":0.8620425508736408,"rightPaddleY":0.9128427213272782,"ballX":0.17896853263326162,"ballY":0.311434093446929}
