{"leftPaddleY":0.34158213891821176,"rightPaddleY":0.32017579494437504,"ballX":0.6321665406777728,"ballY":0.5472166686784327}
