{"leftPaddleY":0.9140580202238853,"rightPaddleY":0.3725688605548917,"ballX":0.06399231391019461,"ballY":0.4106242957001221}
