{"leftPaddleY":0.2118715755827844,"rightPaddleY":0.992346117071656,"ballX":0.027525369151337364,"ballY":0.6690435396369465}
