{"leftPaddleY":0.12987107276636498,"rightPaddleY":0.4411459415800586,"ballX":0.2410562210196378,"ballY":0.3755537670393759}
