{"leftPaddleY":0.5413083874889689,"rightPaddleY":0.7128889455822045,"ballX":0.9122895074649835,"ballY":0.5522403268140404}
