{"leftPaddleY":0.6087008137915504,"rightPaddleY":0.7173115013175154,"ballX":0.3608541184425707,"ballY":0.22040170793699645}
