{"leftPaddleY":0.14119568824290102,"rightPaddleY":0.8948633501479993,"ballX":0.0061712051321744866,"ballY":0.5088854457485769}
