{"leftPaddleY":0.05768134785468298,"rightPaddleY":0.7271283711326841,"ballX":0.33026936523470013,"ballY":0.15503088421056796}
