{"leftPaddleY":0.30714232119886065,"rightPaddleY":0.9771922715314255,"ballX":0.93246667784643,"ballY":0.9853469705814911}
