{"leftPaddleY":0.43132843189616404,"rightPaddleY":0.749996922574299,"ballX":0.4728275199698314,"ballY":0.6365061021608069}
