{"leftPaddleY":0.11549480850406887,"rightPaddleY":0.41517089964437637,"ballX":0.967960014673804,"ballY":0.17759025158697686}
