{"leftPaddleY":0.40623139660963525,"rightPaddleY":0.7369447775055448,"ballX":0.5002945333472713,"ballY":0.21754710049462503}
