{"leftPaddleY":0.4197894232523147,"rightPaddleY":0.6704016202815795,"ballX":0.0053672605582699715,"ballY":0.8991865044834308}
