{"leftPaddleY":0.23726374074094478,"rightPaddleY":0.12635750409368016,"ballX":0.30742253879655923,"ballY":0.6286528529339982}
