{"leftPaddleY":0.5763619996657827,"rightPaddleY":0.47062500211969377,"ballX":0.8144913725354532,"ballY":0.5591117850596312}
