{"leftPaddleY":0.48492635272559087,"rightPaddleY":0.09031395634185556,"ballX":0.8054205980766816,"ballY":0.8440517803522032}
