{"leftPaddleY":0.10356722520996928,"rightPaddleY":0.7894540633352083,"ballX":0.15766492872878743,"ballY":0.31020959904796}
