{"leftPaddleY":0.761670842851839,"rightPaddleY":0.22582550794736994,"ballX":0.8057340675788986,"ballY":0.8540475287159028}
