{"leftPaddleY":0.6614387446878773,"rightPaddleY":0.7613743917407286,"ballX":0.29202228695966753,"ballY":0.8308400222291298}
