{"leftPaddleY":0.17576674419899532,"rightPaddleY":0.7820717455017148,"ballX":0.5611593468835844,"ballY":0.9782192600786063}
