{"leftPaddleY":0.035462056294239354,"rightPaddleY":0.4748688155830647,"ballX":0.6074293195751467,"ballY":0.24292138070633232}
