{"leftPaddleY":0.9147385965483936,"rightPaddleY":0.3802968547501416,"ballX":0.8689084690141012,"ballY":0.24568106754911825}
