{"leftPaddleY":0.19644348941039275,"rightPaddleY":0.8124822106681088,"ballX":0.9152542264398822,"ballY":0.3430894378240053}
