{"leftPaddleY":0.905401911621622,"rightPaddleY":0.9063840902820596,"ballX":0.30479275835526504,"ballY":0.8502667010028048}
