{"leftPaddleY":0.680256669292234,"rightPaddleY":0.27869876660487963,"ballX":0.7972901064096675,"ballY":0.4971475180640431}
