{"leftPaddleY":0.5669142934701265,"rightPaddleY":0.9817493845772747,"ballX":0.8796988136591168,"ballY":0.07631409323967914}
