{"leftPaddleY":0.339587496027066,"rightPaddleY":0.7972207249168995,"ballX":0.9788636657374727,"ballY":0.3642510836201489}
