{"leftPaddleY":0.3668727673567376,"rightPaddleY":0.612242289444605,"ballX":0.24186270346480393,"ballY":0.9296748603636256}
