{"leftPaddleY":0.8525099712603375,"rightPaddleY":0.08652993376895765,"ballX":0.4588898314710114,"ballY":0.5361800616693336}
