{"leftPaddleY":0.2547480591273893,"rightPaddleY":0.10176813870734802,"ballX":0.7156844936458971,"ballY":0.938022965533409}
