{"leftPaddleY":0.48494360742706516,"rightPaddleY":0.8300161807076012,"ballX":0.630345196605191,"ballY":0.09855395318627677}
