{"leftPaddleY":0.5261977207416165,"rightPaddleY":0.1385409115834483,"ballX":0.9140452976161296,"ballY":0.07721170643200538}
