{"leftPaddleY":0.9465199965921238,"rightPaddleY":0.6888524854615057,"ballX":0.8713599607795915,"ballY":0.5178924399802493}
