{"leftPaddleY":0.26214667430619043,"rightPaddleY":0.3839177110383973,"ballX":0.01310007084616375,"ballY":0.031381100207655714}
