{"leftPaddleY":0.8001743307017519,"rightPaddleY":0.5378676861136937,"ballX":0.7861467132324577,"ballY":0.9433136584640087}
