{"leftPaddleY":0.7640488849827434,"rightPaddleY":0.06437674136318416,"ballX":0.23328685065489632,"ballY":0.8277446954997439}
