{"leftPaddleY":0.3234534310721226,"rightPaddleY":0.6130574796700257,"ballX":0.15854769808843566,"ballY":0.37466612461403404}
