{"leftPaddleY":0.9576330959236502,"rightPaddleY":0.1706383089698178,"ballX":0.7440520560587437,"ballY":0.744281056277729}
