{"leftPaddleY":0.937106389373521,"rightPaddleY":0.178012420151979,"ballX":0.4107695636302634,"ballY":0.018121025959953442}
