{"leftPaddleY":0.4889719547192173,"rightPaddleY":0.5242872619632877,"ballX":0.02976751843677485,"ballY":0.4505059907957496}
