{"leftPaddleY":0.5546880248073971,"rightPaddleY":0.24622170244898037,"ballX":0.4301683823988523,"ballY":0.2241031301049858}
