{"leftPaddleY":0.8599150300786389,"rightPaddleY":0.09413522130389493,"ballX":0.9168111529207097,"ballY":0.8861008040501639}
