{"leftPaddleY":0.8542866799403181,"rightPaddleY":0.7398328667416055,"ballX":0.4327080647294881,"ballY":0.8210366293046123}
