{"leftPaddleY":0.19718260741313182,"rightPaddleY":0.263234885398712,"ballX":0.9647974063973629,"ballY":0.12905037613843787}
