{"leftPaddleY":0.17722480935341017,"rightPaddleY":0.9466564025284554,"ballX":0.48173152542903847,"ballY":0.2594907981993736}
