{"leftPaddleY":0.8293209096463124,"rightPaddleY":0.4830926609738073,"ballX":0.7325007470009727,"ballY":0.43974896488737614}
