{"leftPaddleY":0.2555712801403017,"rightPaddleY":0.1368889093833807,"ballX":0.6070304690239466,"ballY":0.9341267138314999}
