{"leftPaddleY":0.17698269274636044,"rightPaddleY":0.5996458370885571,"ballX":0.16902895504918897,"ballY":0.29051450439965587}
