{"leftPaddleY":0.40093751733649674,"rightPaddleY":0.07734701048333337,"ballX":0.32702611935921344,"ballY":0.717227810652035}
