{"leftPaddleY":0.05934020891219356,"rightPaddleY":0.06444537162470734,"ballX":0.8204002738436822,"ballY":0.5438216543108725}
