{"leftPaddleY":0.5348259519873875,"rightPaddleY":0.42847548337913777,"ballX":0.009921501362013632,"ballY":0.19110892491911613}
