{"leftPaddleY":0.07908906720689897,"rightPaddleY":0.4809894056628089,"ballX":0.7148836467081319,"ballY":0.405349020068779}
