{"leftPaddleY":0.04888795010821908,"rightPaddleY":0.12254663848579488,"ballX":0.9829188182478794,"ballY":0.23526173390779834}
