{"leftPaddleY":0.615757781130664,"rightPaddleY":0.7578565320440341,"ballX":0.46173652518257,"ballY":0.2762388443874169}
