{"leftPaddleY":0.5241234763090256,"rightPaddleY":0.6990111878480934,"ballX":0.10237126470787858,"ballY":0.6469044988656505}
