{"leftPaddleY":0.48976544210100237,"rightPaddleY":0.053201613064232676,"ballX":0.045566763226787245,"ballY":0.25858908661359176}
