{"leftPaddleY":0.780370699524239,"rightPaddleY":0.9068601893631865,"ballX":0.3394596813411346,"ballY":0.5231365355629717}
