{"leftPaddleY":0.08920578314709704,"rightPaddleY":0.8586592135451211,"ballX":0.0006279228688096648,"ballY":0.30797795465815314}
