{"leftPaddleY":0.44954749785605097,"rightPaddleY":0.21610136147112471,"ballX":0.6388650417483812,"ballY":0.9518899190010831}
