{"leftPaddleY":0.9627899554321846,"rightPaddleY":0.6537044483743054,"ballX":0.17686974310961312,"ballY":0.542145714233725}
