{"leftPaddleY":0.31603671630565594,"rightPaddleY":0.09281587817481592,"ballX":0.8835025889306002,"ballY":0.6401037164961701}
