{"leftPaddleY":0.5484159832148426,"rightPaddleY":0.2611302352076457,"ballX":0.700768801911484,"ballY":0.5006620963595753}
