{"leftPaddleY":0.6731769867103439,"rightPaddleY":0.537273446740611,"ballX":0.9394702195265112,"ballY":0.6035411955105021}
