{"leftPaddleY":0.9251635971270831,"rightPaddleY":0.2529774447866857,"ballX":0.36432187631252455,"ballY":0.9842249919297532}
