{"leftPaddleY":0.9302304862978745,"rightPaddleY":0.16174052676437306,"ballX":0.11850233716321727,"ballY":0.6204792338968744}
