{"leftPaddleY":0.7035017842117579,"rightPaddleY":0.010512849537848057,"ballX":0.25990820972687306,"ballY":0.4883880583205403}
