{"leftPaddleY":0.5668571012634929,"rightPaddleY":0.119949194097339,"ballX":0.0907519086158733,"ballY":0.7107843643465156}
