{"leftPaddleY":0.06577099117748744,"rightPaddleY":0.5465494522269391,"ballX":0.1703276308659448,"ballY":0.7528067873706735}
