{"leftPaddleY":0.830322179418162,"rightPaddleY":0.7644574400902834,"ballX":0.6894959628292158,"ballY":0.1580093933897414}
