{"leftPaddleY":0.5587596356533144,"rightPaddleY":0.731142318045308,"ballX":0.33092210109386744,"ballY":0.8535893132461937}
