{"leftPaddleY":0.540376796329688,"rightPaddleY":0.2450850370048348,"ballX":0.7660115166071518,"ballY":0.8119611745257904}
