{"leftPaddleY":0.9573666334237823,"rightPaddleY":0.4685905777057563,"ballX":0.7776588657193277,"ballY":0.17086132339094687}
