{"leftPaddleY":0.0955099389089835,"rightPaddleY":0.4862954583988807,"ballX":0.6751371591165698,"ballY":0.6878040212840107}
