{"leftPaddleY":0.8147179961139519,"rightPaddleY":0.8295893591143053,"ballX":0.7115156455282592,"ballY":0.345361716815588}
