{"leftPaddleY":0.8343041366934464,"rightPaddleY":0.5419971536634515,"ballX":0.6984889626723408,"ballY":0.3451144188584568}
