{"leftPaddleY":0.5722507440236271,"rightPaddleY":0.5436288673998075,"ballX":0.6751130061426223,"ballY":0.5517413572268515}
