{"leftPaddleY":0.6503854690956108,"rightPaddleY":0.1406620819582646,"ballX":0.481872397078069,"ballY":0.4742317017733286}
