{"leftPaddleY":0.30793652082378503,"rightPaddleY":0.8191406052426025,"ballX":0.03653812408694266,"ballY":0.9362516813037537}
