{"leftPaddleY":0.262132628302217,"rightPaddleY":0.1549590907433854,"ballX":0.4210191240582224,"ballY":0.18534361717438677}
