{"leftPaddleY":0.6063693005000862,"rightPaddleY":0.8444608463215707,"ballX":0.46974804123936487,"ballY":0.7794264841471614}
