{"leftPaddleY":0.2603935664978077,"rightPaddleY":0.6600042402142619,"ballX":0.3725855999360607,"ballY":0.12192270677684465}
