{"leftPaddleY":0.09554938811424175,"rightPaddleY":0.5531203853935862,"ballX":0.5241917458394074,"ballY":0.42634458097560535}
