{"leftPaddleY":0.8312215563492663,"rightPaddleY":0.8630685654721474,"ballX":0.19856897997922235,"ballY":0.7708811785702976}
