{"leftPaddleY":0.09740189364410874,"rightPaddleY":0.2195255775422913,"ballX":0.16283909504471933,"ballY":0.988075862234975}
