{"leftPaddleY":0.11567868212352912,"rightPaddleY":0.22437441868402663,"ballX":0.9381187497196416,"ballY":0.20675457853720025}
