{"leftPaddleY":0.6016918939921168,"rightPaddleY":0.6872920138749392,"ballX":0.9141886560399104,"ballY":0.6764351586618274}
