{"leftPaddleY":0.6121367466287074,"rightPaddleY":0.02325825207433821,"ballX":0.733551312963489,"ballY":0.5415251796330525}
