{"leftPaddleY":0.1992300001399026,"rightPaddleY":0.19070740951134219,"ballX":0.9803763275292396,"ballY":0.4851924578092143}
