{"leftPaddleY":0.9046765325359515,"rightPaddleY":0.08131709875758444,"ballX":0.5389094455111916,"ballY":0.5763422924240564}
