{"leftPaddleY":0.7053637865290773,"rightPaddleY":0.7174987164413991,"ballX":0.6330140498058097,"ballY":0.6670843962578934}
