{"leftPaddleY":0.5382737284889633,"rightPaddleY":0.8007198737122754,"ballX":0.11162572118105554,"ballY":0.5768318099118738}
