{"leftPaddleY":0.6890433364325783,"rightPaddleY":0.7380461193076375,"ballX":0.393633479737855,"ballY":0.41961572511473144}
