{"leftPaddleY":0.019368385058154993,"rightPaddleY":0.18461711014860743,"ballX":0.36617167725395977,"ballY":0.37947392331768925}
