{"leftPaddleY":0.9268033234966248,"rightPaddleY":0.014049688093075139,"ballX":0.6929743905784034,"ballY":0.48218567999781436}
