{"leftPaddleY":0.30889099197385417,"rightPaddleY":0.17352317153260755,"ballX":0.16101251744699782,"ballY":0.3439561860119591}
