{"leftPaddleY":0.17313601945270837,"rightPaddleY":0.7264843815120482,"ballX":0.7932620421184464,"ballY":0.6746767277630347}
