{"leftPaddleY":0.70411052313329,"rightPaddleY":0.11736411134729091,"ballX":0.025249632254028504,"ballY":0.2943177511992656}
