{"leftPaddleY":0.7977092652719607,"rightPaddleY":0.5686356170246585,"ballX":0.9893957480005402,"ballY":0.37096666534149675}
