{"leftPaddleY":0.34057846683686316,"rightPaddleY":0.2559100115265355,"ballX":0.2953526620216528,"ballY":0.42418977022220006}
