{"leftPaddleY":0.10797452030595549,"rightPaddleY":0.8544490244307568,"ballX":0.8166040453319101,"ballY":0.8344532579307333}
