{"leftPaddleY":0.09698422843225335,"rightPaddleY":0.9222801542665346,"ballX":0.12978073590034836,"ballY":0.1218970679664142}
