{"leftPaddleY":0.9608836873027189,"rightPaddleY":0.8151618738154667,"ballX":0.18498929169745096,"ballY":0.8847422329347079}
