{"leftPaddleY":0.15766576860599457,"rightPaddleY":0.4571116772067357,"ballX":0.9074462151798224,"ballY":0.8551560112306615}
