{"leftPaddleY":0.8118209512567948,"rightPaddleY":0.3547435193095071,"ballX":0.8877936488172266,"ballY":0.1830308780100434}
