{"leftPaddleY":0.6619969658950096,"rightPaddleY":0.4033611377018798,"ballX":0.8192762352849993,"ballY":0.3869665550901142}
