{"leftPaddleY":0.7089382601397747,"rightPaddleY":0.707357761100319,"ballX":0.14138382613480108,"ballY":0.19169672645363053}
