{"leftPaddleY":0.6046484878521013,"rightPaddleY":0.057558113396612244,"ballX":0.20891376334041986,"ballY":0.16931910844973558}
