{"leftPaddleY":0.9090317820947335,"rightPaddleY":0.7228569008997621,"ballX":0.6178782281489377,"ballY":0.5738183646497778}
