{"leftPaddleY":0.2638397531557104,"rightPaddleY":0.4551462451619976,"ballX":0.5258412825910362,"ballY":0.29683394142992553}
