{"leftPaddleY":0.27663644344080524,"rightPaddleY":0.23486312179353927,"ballX":0.8210611415860513,"ballY":0.4894684581306223}
