{"leftPaddleY":0.8193603646057466,"rightPaddleY":0.256496910603852,"ballX":0.2952503283824375,"ballY":0.5923062959571986}
