{"leftPaddleY":0.8399417504273216,"rightPaddleY":0.7511064193502253,"ballX":0.47124492004404994,"ballY":0.8863837013606888}
