{"leftPaddleY":0.28098019396624885,"rightPaddleY":0.7733746041141595,"ballX":0.47594164598287386,"ballY":0.1768453723738398}
