{"leftPaddleY":0.37307048499613377,"rightPaddleY":0.5757224487259569,"ballX":0.19909564105328234,"ballY":0.025777897315438756}
