{"leftPaddleY":0.6014044880656245,"rightPaddleY":0.4359982014439365,"ballX":0.2412503432975055,"ballY":0.5824120982930939}
