{"leftPaddleY":0.794564612628318,"rightPaddleY":0.0030631953433328312,"ballX":0.32975708203934173,"ballY":0.1590608986198711}
