{"leftPaddleY":0.17127064703708944,"rightPaddleY":0.8365885069912493,"ballX":0.47977943235361564,"ballY":0.7710882339409459}
