{"leftPaddleY":0.7258234094965476,"rightPaddleY":0.2045853028432566,"ballX":0.7347148943113355,"ballY":0.3004692133642615}
