{"leftPaddleY":0.016455970859385813,"rightPaddleY":0.1755439181121034,"ballX":0.1567323864506856,"ballY":0.7926219812610269}
