{"leftPaddleY":0.05522371724772254,"rightPaddleY":0.8810698994309107,"ballX":0.6106281558997823,"ballY":0.7601202861582974}
