{"leftPaddleY":0.6841628758251823,"rightPaddleY":0.33078423952176983,"ballX":0.05999658740269812,"ballY":0.2882310961707051}
