{"leftPaddleY":0.10745338897628397,"rightPaddleY":0.5880818388481452,"ballX":0.8132052646738003,"ballY":0.7238987521354385}
