{"leftPaddleY":0.334176972773458,"rightPaddleY":0.07249298914620429,"ballX":0.9648213376321488,"ballY":0.6591397564308356}
