{"leftPaddleY":0.7088527249112699,"rightPaddleY":0.9811919380863622,"ballX":0.005454984690855881,"ballY":0.4039485246751186}
