{"leftPaddleY":0.656887745408115,"rightPaddleY":0.12298017807830762,"ballX":0.6240215093124779,"ballY":0.5065308217002331}
