{"leftPaddleY":0.5412788733976539,"rightPaddleY":0.05724300043123568,"ballX":0.08597810701535992,"ballY":0.4948645136546209}
