{"leftPaddleY":0.39250613897236936,"rightPaddleY":0.9369600232708235,"ballX":0.030069005876482698,"ballY":0.8178772859550194}
