{"leftPaddleY":0.3451221843495292,"rightPaddleY":0.5549443514387753,"ballX":0.45694305061132456,"ballY":0.8148935875289055}
