{"leftPaddleY":0.1366324510908358,"rightPaddleY":0.34369831713796123,"ballX":0.7346083350838617,"ballY":0.7083289695019332}
