{"leftPaddleY":0.46446028885488067,"rightPaddleY":0.11965592546092746,"ballX":0.12015315301636692,"ballY":0.6638454419751112}
