{"leftPaddleY":0.6033174411662137,"rightPaddleY":0.811543496046717,"ballX":0.5801273901189989,"ballY":0.08372314839328845}
