{"leftPaddleY":0.7343619164878227,"rightPaddleY":0.8357435552078111,"ballX":0.9442589983570776,"ballY":0.6471796319435008}
