{"leftPaddleY":0.3538262596495678,"rightPaddleY":0.7819106739410954,"ballX":0.3005299682367103,"ballY":0.6581045042442589}
