{"leftPaddleY":0.21800384115591195,"rightPaddleY":0.4221798315992296,"ballX":0.7334125007120378,"ballY":0.11753344392347953}
