{"leftPaddleY":0.07985925334345986,"rightPaddleY":0.431513920418112,"ballX":0.2143653321536408,"ballY":0.5394501127547021}
