{"leftPaddleY":0.6603814857262003,"rightPaddleY":0.21900675329109626,"ballX":0.22594132339078107,"ballY":0.2076443935030684}
