{"leftPaddleY":0.1785838159346935,"rightPaddleY":0.7303194719883674,"ballX":0.7243786368508988,"ballY":0.6216570929526797}
