{"leftPaddleY":0.25255380194540145,"rightPaddleY":0.793027415336748,"ballX":0.31823643015896896,"ballY":0.824872981897315}
