{"leftPaddleY":0.9535082047633757,"rightPaddleY":0.5875944798636417,"ballX":0.22360857604666737,"ballY":0.20576046784859642}
