{"leftPaddleY":0.9207892709755587,"rightPaddleY":0.7005592404083677,"ballX":0.23892921356466787,"ballY":0.4838535133731097}
