{"leftPaddleY":0.6208067881734692,"rightPaddleY":0.8031530705359343,"ballX":0.8223272329408069,"ballY":0.7332076080073535}
