{"leftPaddleY":0.6221946029928332,"rightPaddleY":0.41617151635707894,"ballX":0.6780246226675962,"ballY":0.8787326665956103}
