{"leftPaddleY":0.17823448266915753,"rightPaddleY":0.43160542238182203,"ballX":0.08873930636760824,"ballY":0.5837798037985059}
