{"leftPaddleY":0.9241780991269645,"rightPaddleY":0.9509083910850156,"ballX":0.7539881594265967,"ballY":0.11692661751178698}
