{"leftPaddleY":0.01568900969476792,"rightPaddleY":0.7196013693607962,"ballX":0.015047296289508374,"ballY":0.6009439831436908}
