{"leftPaddleY":0.4080807946598058,"rightPaddleY":0.4935414747425028,"ballX":0.3840023977089403,"ballY":0.4596527184534353}
