{"leftPaddleY":0.6475890408011832,"rightPaddleY":0.913536500694511,"ballX":0.10553745007233804,"ballY":0.8549993068577719}
