{"leftPaddleY":0.23829981281007548,"rightPaddleY":0.9155588341765443,"ballX":0.9105743466515288,"ballY":0.9937196118375885}
