{"leftPaddleY":0.06228056157541375,"rightPaddleY":0.808944357840194,"ballX":0.8249235175897871,"ballY":0.5771320160090977}
