{"leftPaddleY":0.8508173221557603,"rightPaddleY":0.5336243816270153,"ballX":0.5161107270075317,"ballY":0.5739265729315884}
