{"leftPaddleY":0.1276911247614589,"rightPaddleY":0.6955174901894878,"ballX":0.4021405800239751,"ballY":0.09483152957529284}
