{"leftPaddleY":0.45723450965244133,"rightPaddleY":0.9744784128508817,"ballX":0.7023167488274105,"ballY":0.505930582539438}
