{"leftPaddleY":0.78514001764877,"rightPaddleY":0.24848572062189986,"ballX":0.7089078874510578,"ballY":0.8847388394623221}
