{"leftPaddleY":0.23891621056207993,"rightPaddleY":0.9429054372885347,"ballX":0.7472089779192592,"ballY":0.3294383381469736}
