{"leftPaddleY":0.20830639595991957,"rightPaddleY":0.23850292749149768,"ballX":0.5406821703136401,"ballY":0.21137856370546107}
