{"leftPaddleY":0.8403134208838923,"rightPaddleY":0.9421381274854503,"ballX":0.24648270061635275,"ballY":0.08980996184607308}
