{"leftPaddleY":0.18651522959847316,"rightPaddleY":0.13199196806246624,"ballX":0.44057426924670895,"ballY":0.2647788834358559}
