{"leftPaddleY":0.5223331216894688,"rightPaddleY":0.6997159586130753,"ballX":0.8079307901433762,"ballY":0.8956974745333574}
