{"leftPaddleY":0.3017941051712147,"rightPaddleY":0.9285693842124498,"ballX":0.5178690645897038,"ballY":0.8264743578302776}
