{"leftPaddleY":0.2827382089748406,"rightPaddleY":0.29917074704331276,"ballX":0.23350609023996938,"ballY":0.2531044014560539}
