{"leftPaddleY":0.8231587110746801,"rightPaddleY":0.3965443171700796,"ballX":0.3076901213471658,"ballY":0.011573034914906782}
