{"leftPaddleY":0.9813208125548752,"rightPaddleY":0.5343613286274922,"ballX":0.2160709716464683,"ballY":0.7158997571186594}
