{"leftPaddleY":0.20891484423146744,"rightPaddleY":0.38449305296720765,"ballX":0.5030702961247114,"ballY":0.48737598179555136}
