{"leftPaddleY":0.028192290641889328,"rightPaddleY":0.201075661531209,"ballX":0.3076514546693016,"ballY":0.7574487512820819}
