{"leftPaddleY":0.9141929572452309,"rightPaddleY":0.16758325195678808,"ballX":0.6607889189868613,"ballY":0.7631235028230205}
