{"leftPaddleY":0.593187283683045,"rightPaddleY":0.02168131640669103,"ballX":0.9967448679179248,"ballY":0.5752123244561999}
