{"leftPaddleY":0.4225092211710188,"rightPaddleY":0.4183445057000922,"ballX":0.305464324446218,"ballY":0.8375221870502609}
