{"leftPaddleY":0.21700758447746954,"rightPaddleY":0.741927374256928,"ballX":0.5622205572816236,"ballY":0.8056517374456148}
