{"leftPaddleY":0.9319268249162392,"rightPaddleY":0.35899774378190297,"ballX":0.6386007797929389,"ballY":0.9033868192139203}
