{"leftPaddleY":0.5808825024661237,"rightPaddleY":0.4729385719118459,"ballX":0.03280544730700259,"ballY":0.7729075175906001}
