{"leftPaddleY":0.8226033246591073,"rightPaddleY":0.9558897801751808,"ballX":0.6702906189777512,"ballY":0.11006399430841396}
