{"leftPaddleY":0.8667983419497445,"rightPaddleY":0.5808901490009561,"ballX":0.18399154904885448,"ballY":0.08760825385189384}
