{"leftPaddleY":0.734402295594288,"rightPaddleY":0.5567749647526309,"ballX":0.19187536159666546,"ballY":0.7446782959243486}
