{"leftPaddleY":0.8143038803717965,"rightPaddleY":0.533683000662922,"ballX":0.02544221645346081,"ballY":0.7131771167649055}
