{"leftPaddleY":0.3433342636769629,"rightPaddleY":0.36191874225205095,"ballX":0.709073794559062,"ballY":0.1309478391983837}
