{"leftPaddleY":0.2610739474414045,"rightPaddleY":0.28371203874297546,"ballX":0.3712926994203523,"ballY":0.35265484141602654}
