{"leftPaddleY":0.2728325651646677,"rightPaddleY":0.782685160915193,"ballX":0.064959128280026,"ballY":0.27836985521639596}
