{"leftPaddleY":0.5156397695834921,"rightPaddleY":0.0655812709349912,"ballX":0.3776165988803697,"ballY":0.13072055288579554}
