{"leftPaddleY":0.5154975055973874,"rightPaddleY":0.9249768256416037,"ballX":0.5162575253934814,"ballY":0.01965685805261637}
