{"leftPaddleY":0.7015067361759327,"rightPaddleY":0.1361033002890667,"ballX":0.8390056010074834,"ballY":0.5181153886290615}
