{"leftPaddleY":0.6005754370235199,"rightPaddleY":0.2381100154703865,"ballX":0.6170025281917773,"ballY":0.595376541287575}
