{"leftPaddleY":0.3870517396490383,"rightPaddleY":0.5390934393660022,"ballX":0.9713225663165814,"ballY":0.9025579058551821}
