{"leftPaddleY":0.420163604401764,"rightPaddleY":0.2656289349734191,"ballX":0.8215995202136567,"ballY":0.29616713127542676}
