{"leftPaddleY":0.46394639337756677,"rightPaddleY":0.8820774761202703,"ballX":0.766147467053893,"ballY":0.35655287537175845}
