{"leftPaddleY":0.9811373193578404,"rightPaddleY":0.5436119901186366,"ballX":0.0952991460456379,"ballY":0.09498563934016667}
