{"leftPaddleY":0.8987150674137249,"rightPaddleY":0.2206234441260101,"ballX":0.5785713290410479,"ballY":0.9313880482307523}
