{"leftPaddleY":0.17667379818616594,"rightPaddleY":0.5355757517058721,"ballX":0.8874620642524383,"ballY":0.7158050185142651}
