{"leftPaddleY":0.14867440672096247,"rightPaddleY":0.931302391335138,"ballX":0.22179997842177226,"ballY":0.9425670876383587}
