{"leftPaddleY":0.8419972451765251,"rightPaddleY":0.9811653060638302,"ballX":0.6791200553201189,"ballY":0.6835463360105309}
