{"leftPaddleY":0.34722020734867354,"rightPaddleY":0.519173597990518,"ballX":0.47896230348813373,"ballY":0.5808554599555064}
