{"leftPaddleY":0.22793765198029348,"rightPaddleY":0.38666092884443526,"ballX":0.2020167347376039,"ballY":0.4637503889858299}
