{"leftPaddleY":0.447780692479925,"rightPaddleY":0.26069407411263273,"ballX":0.6672592882718493,"ballY":0.20119102818467385}
