{"leftPaddleY":0.8328443350890284,"rightPaddleY":0.589158818659759,"ballX":0.3596157235664543,"ballY":0.8454770624306708}
