{"leftPaddleY":0.26550003458969085,"rightPaddleY":0.9097195064421785,"ballX":0.7600439423037414,"ballY":0.2000475853735489}
