{"leftPaddleY":0.4892567423896199,"rightPaddleY":0.4894424095473577,"ballX":0.21418722315817423,"ballY":0.04449999021318739}
