{"leftPaddleY":0.29677867896135635,"rightPaddleY":0.13048342750196548,"ballX":0.9461462751484597,"ballY":0.10734154872987633}
