{"leftPaddleY":0.05022539644354147,"rightPaddleY":0.26586964895936727,"ballX":0.18328234949948208,"ballY":0.292698499210034}
