{"leftPaddleY":0.5163955879464839,"rightPaddleY":0.316601088247008,"ballX":0.9861190024349704,"ballY":0.5269063685034064}
