{"leftPaddleY":0.685566925096101,"rightPaddleY":0.4578391872882286,"ballX":0.4177306295077633,"ballY":0.4462717841809604}
