{"leftPaddleY":0.5548494971710652,"rightPaddleY":0.4814418376936539,"ballX":0.1355775609107388,"ballY":0.1780893602587792}
