{"leftPaddleY":0.5657277253575297,"rightPaddleY":0.10797729093061657,"ballX":0.5325617318553189,"ballY":0.5420881311031872}
