{"leftPaddleY":0.6902074719262155,"rightPaddleY":0.09565036800496342,"ballX":0.8791280251125018,"ballY":0.8571224169418061}
