{"leftPaddleY":0.7100876392542801,"rightPaddleY":0.9267602924038632,"ballX":0.5256364815215654,"ballY":0.19643093872525147}
