{"leftPaddleY":0.7299826496665369,"rightPaddleY":0.2467757902037436,"ballX":0.5296198088404024,"ballY":0.5587804559489544}
