{"leftPaddleY":0.48640894205187235,"rightPaddleY":0.3876005001175108,"ballX":0.612421822227829,"ballY":0.6504328326429483}
