{"leftPaddleY":0.5828845058533693,"rightPaddleY":0.5948774416849598,"ballX":0.14214262836710864,"ballY":0.7469404838408435}
