{"leftPaddleY":0.19745800492583976,"rightPaddleY":0.1676381830717465,"ballX":0.9169042987855798,"ballY":0.22019258093416208}
