{"leftPaddleY":0.5709309458566194,"rightPaddleY":0.06499910978241111,"ballX":0.7212496114073322,"ballY":0.4522990586210015}
