{"leftPaddleY":0.2009518433813403,"rightPaddleY":0.6956435999118159,"ballX":0.30672496684602873,"ballY":0.0998562933104166}
