{"leftPaddleY":0.013563163476567434,"rightPaddleY":0.5453337159420782,"ballX":0.579970241864498,"ballY":0.23630457482968165}
