{"leftPaddleY":0.2331281136848816,"rightPaddleY":0.1600438395157175,"ballX":0.20411558845663963,"ballY":0.09778677064709712}
