{"leftPaddleY":0.854873873490141,"rightPaddleY":0.09521400046236837,"ballX":0.8742684819777331,"ballY":0.9118366949805056}
