{"leftPaddleY":0.37574716564029187,"rightPaddleY":0.35674860589553836,"ballX":0.32955111950110877,"ballY":0.4995116122738086}
