{"leftPaddleY":0.5662269729500804,"rightPaddleY":0.2733363589872598,"ballX":0.5904321248590697,"ballY":0.01329348319730499}
