{"leftPaddleY":0.2258223790080499,"rightPaddleY":0.4660414306953574,"ballX":0.4552500003691925,"ballY":0.46333264616098685}
