{"leftPaddleY":0.606393020570266,"rightPaddleY":0.5024243960985784,"ballX":0.21387719716001474,"ballY":0.4067520901364355}
