{"leftPaddleY":0.898175753239767,"rightPaddleY":0.7853317128417797,"ballX":0.36022108363652094,"ballY":0.28227900115890975}
