{"leftPaddleY":0.1255911884320104,"rightPaddleY":0.7876618833391807,"ballX":0.7910759418104558,"ballY":0.9184870629088636}
