{"leftPaddleY":0.15227208625354458,"rightPaddleY":0.1973853508810806,"ballX":0.16527958475713914,"ballY":0.9611047680376068}
