{"leftPaddleY":0.2096103163114705,"rightPaddleY":0.41162356212474827,"ballX":0.48461917840289026,"ballY":0.49251185412008786}
