{"leftPaddleY":0.02208972813651721,"rightPaddleY":0.8081571977132666,"ballX":0.866996848314081,"ballY":0.8416512775208167}
