{"leftPaddleY":0.8683736344144161,"rightPaddleY":0.02741583918586009,"ballX":0.25726145832438096,"ballY":0.0227187354651418}
