{"leftPaddleY":0.55247792461108,"rightPaddleY":0.22408120930396203,"ballX":0.162758143532303,"ballY":0.5647181025339221}
