{"leftPaddleY":0.9586383192017109,"rightPaddleY":0.31551259912807317,"ballX":0.34593724275586163,"ballY":0.8357394196857796}
