{"leftPaddleY":0.7870481539855165,"rightPaddleY":0.7968283556370072,"ballX":0.2017807224331979,"ballY":0.53930929892119}
