{"leftPaddleY":0.7587531554791425,"rightPaddleY":0.9898076003083571,"ballX":0.5503693012797298,"ballY":0.2305483311226966}
