{"leftPaddleY":0.9065823568451011,"rightPaddleY":0.8744032745524696,"ballX":0.16196610369780928,"ballY":0.05272222693990358}
