{"leftPaddleY":0.5955192069335941,"rightPaddleY":0.7014581328273609,"ballX":0.10317382707478316,"ballY":0.2389946984483558}
