{"leftPaddleY":0.7737177098955258,"rightPaddleY":0.35112948620738343,"ballX":0.4637111309516716,"ballY":0.03682413141421843}
