{"leftPaddleY":0.704487670523182,"rightPaddleY":0.39950196154378853,"ballX":0.6460472649359248,"ballY":0.22097532846192258}
