{"leftPaddleY":0.5698791339089265,"rightPaddleY":0.6010426014439039,"ballX":0.9730348894490881,"ballY":0.0046503148790215726}
