{"leftPaddleY":0.9234229813239877,"rightPaddleY":0.372862157462425,"ballX":0.600375306100355,"ballY":0.8555244855862297}
