{"leftPaddleY":0.6197883465603076,"rightPaddleY":0.9066975714444805,"ballX":0.5977870374300596,"ballY":0.9651132568806096}
