{"leftPaddleY":0.4077406630803292,"rightPaddleY":0.11062524432019345,"ballX":0.791392319280188,"ballY":0.5235346032810395}
