{"leftPaddleY":0.3011337075911246,"rightPaddleY":0.30260733305268733,"ballX":0.9761705001879151,"ballY":0.8332107031188756}
