{"leftPaddleY":0.7202806158086685,"rightPaddleY":0.5671311033064873,"ballX":0.4255782911446518,"ballY":0.5314519272659961}
