{"leftPaddleY":0.5237549292240455,"rightPaddleY":0.17255051501808213,"ballX":0.3127316161215313,"ballY":0.9935599521455061}
