{"leftPaddleY":0.98423384313357,"rightPaddleY":0.553575967699986,"ballX":0.540004308980111,"ballY":0.40250884264880427}
