{"leftPaddleY":0.15821769818881698,"rightPaddleY":0.9835841867787607,"ballX":0.9170737733618705,"ballY":0.6625196355901778}
