{"leftPaddleY":0.9513768576514023,"rightPaddleY":0.08836146126740628,"ballX":0.6964182662008893,"ballY":0.0037134516608599466}
