{"leftPaddleY":0.1562526072900168,"rightPaddleY":0.09040538403984635,"ballX":0.4911083759766579,"ballY":0.15987290078399366}
