{"leftPaddleY":0.040827431621269186,"rightPaddleY":0.5324157729697182,"ballX":0.30094511310406474,"ballY":0.10380286638267011}
