{"leftPaddleY":0.26709040855115407,"rightPaddleY":0.6770613548627773,"ballX":0.432564961031325,"ballY":0.8838353874953764}
