{"leftPaddleY":0.408947159739369,"rightPaddleY":0.8659542710409667,"ballX":0.42414409558724325,"ballY":0.7710386279244019}
