{"leftPaddleY":0.8109411977150288,"rightPaddleY":0.42553867517462957,"ballX":0.33136910385711693,"ballY":0.988341966218685}
