{"leftPaddleY":0.00239638478792043,"rightPaddleY":0.008178193022391039,"ballX":0.8970387504446402,"ballY":0.50600616155882}
