{"leftPaddleY":0.7115130604967521,"rightPaddleY":0.802743464211252,"ballX":0.302509602754673,"ballY":0.07632587270740517}
