{"leftPaddleY":0.36445574595846175,"rightPaddleY":0.09388340232221316,"ballX":0.9469430572774613,"ballY":0.9906601374836704}
