{"leftPaddleY":0.11025046809630121,"rightPaddleY":0.6092173810855064,"ballX":0.05288932513200026,"ballY":0.5893840251157378}
