{"leftPaddleY":0.8313306917704115,"rightPaddleY":0.13600976808262474,"ballX":0.5319054595312629,"ballY":0.9167340739880326}
