{"leftPaddleY":0.0752463391416592,"rightPaddleY":0.6936616535277526,"ballX":0.36582471726415455,"ballY":0.20916640916230386}
