{"leftPaddleY":0.8829974772134254,"rightPaddleY":0.4835495184788094,"ballX":0.14782469400472356,"ballY":0.5644734566076967}
