{"leftPaddleY":0.9923929226431204,"rightPaddleY":0.6639661904379284,"ballX":0.29291683856832135,"ballY":0.8635730059736992}
