{"leftPaddleY":0.7710013995055062,"rightPaddleY":0.4288683415910218,"ballX":0.230752961341186,"ballY":0.24818252665206336}
