{"leftPaddleY":0.5650222000170321,"rightPaddleY":0.7168933858621366,"ballX":0.6901716530248317,"ballY":0.9894323634483492}
