{"leftPaddleY":0.7288794381056376,"rightPaddleY":0.972404267949006,"ballX":0.27852494908951275,"ballY":0.4384868293884118}
