{"leftPaddleY":0.45226358739249156,"rightPaddleY":0.7174626244334975,"ballX":0.7518877331091662,"ballY":0.5524792963443161}
