{"leftPaddleY":0.08689085712842985,"rightPaddleY":0.9339689773698324,"ballX":0.6571677221509019,"ballY":0.7411206134908471}
