{"leftPaddleY":0.23300635548640247,"rightPaddleY":0.12186336953082469,"ballX":0.6668419693971757,"ballY":0.014058241496555657}
