{"leftPaddleY":0.20886903310536073,"rightPaddleY":0.4808009051084653,"ballX":0.588924718346759,"ballY":0.6530063808135487}
