{"leftPaddleY":0.301159329425111,"rightPaddleY":0.7979445199241323,"ballX":0.6367851423934233,"ballY":0.6607143545011104}
