{"leftPaddleY":0.35884596888396475,"rightPaddleY":0.14224708095165514,"ballX":0.20619340878440445,"ballY":0.5879087951263182}
