{"leftPaddleY":0.8229840320989461,"rightPaddleY":0.5190616381197957,"ballX":0.08128603055827041,"ballY":0.962180447027403}
