{"leftPaddleY":0.960455554593255,"rightPaddleY":0.32783400396426904,"ballX":0.5857135564398113,"ballY":0.2165632603761049}
