{"leftPaddleY":0.12572779785005828,"rightPaddleY":0.43796461191483665,"ballX":0.5073217762888098,"ballY":0.9158707615388089}
