{"leftPaddleY":0.7094512657824252,"rightPaddleY":0.6992190922235844,"ballX":0.7182203211748166,"ballY":0.9528909265842681}
