{"leftPaddleY":0.625733290075721,"rightPaddleY":0.8861195652013779,"ballX":0.049158281511755254,"ballY":0.14548972377581362}
