{"leftPaddleY":0.1173459508371488,"rightPaddleY":0.6738426488792421,"ballX":0.4585749807409883,"ballY":0.5471648701508124}
