{"leftPaddleY":0.31078212928698523,"rightPaddleY":0.7215618564402141,"ballX":0.14278154865720785,"ballY":0.6128188169867077}
