{"leftPaddleY":0.2962632774613834,"rightPaddleY":0.4576290119826473,"ballX":0.9790997869299902,"ballY":0.9629393569642591}
