{"leftPaddleY":0.6749998402678128,"rightPaddleY":0.47209199825948533,"ballX":0.947227196750351,"ballY":0.7839060925311634}
