{"leftPaddleY":0.6804359714104007,"rightPaddleY":0.40651816504500354,"ballX":0.8317471991163828,"ballY":0.8272100102892769}
