{"leftPaddleY":0.9826275497177797,"rightPaddleY":0.697196967823468,"ballX":0.8756927808238564,"ballY":0.8023463293052882}
