{"leftPaddleY":0.2045166195744688,"rightPaddleY":0.7079495382872855,"ballX":0.9969171702786935,"ballY":0.44214941140798697}
