{"leftPaddleY":0.17603594459146257,"rightPaddleY":0.6848754529532608,"ballX":0.24547519314647148,"ballY":0.48342017385768216}
