{"leftPaddleY":0.3021879153442174,"rightPaddleY":0.2951011895262588,"ballX":0.18738766810007484,"ballY":0.09887189939000517}
