{"leftPaddleY":0.6869855574760543,"rightPaddleY":0.6201199035560057,"ballX":0.494603846520206,"ballY":0.4036626198154346}
