{"leftPaddleY":0.09731655057451147,"rightPaddleY":0.367365885938837,"ballX":0.40366756815794524,"ballY":0.8731597553731417}
