{"leftPaddleY":0.11442553457737227,"rightPaddleY":0.48468265944867905,"ballX":0.9035065225128489,"ballY":0.21960959294879537}
