{"leftPaddleY":0.28198015730682563,"rightPaddleY":0.13073260348114785,"ballX":0.3758638387322387,"ballY":0.08628640379850767}
