{"leftPaddleY":0.005304269681059567,"rightPaddleY":0.8256133201744139,"ballX":0.4330821786891693,"ballY":0.5762233220594789}
