{"leftPaddleY":0.3869550166960934,"rightPaddleY":0.26962150577000527,"ballX":0.3858886433388278,"ballY":0.6271680825706654}
