{"leftPaddleY":0.10658206267011198,"rightPaddleY":0.3982140658424645,"ballX":0.35005807410775497,"ballY":0.7052860154497536}
