{"leftPaddleY":0.7086860986715431,"rightPaddleY":0.9333664412860735,"ballX":0.25579535873637,"ballY":0.6839759522659719}
