{"leftPaddleY":0.6503656764041997,"rightPaddleY":0.08220476665440919,"ballX":0.6839420737681994,"ballY":0.03311332972716114}
