{"leftPaddleY":0.8663394717155116,"rightPaddleY":0.3824020751726644,"ballX":0.67425746211081,"ballY":0.062171549814992996}
