{"leftPaddleY":0.042525202352932764,"rightPaddleY":0.47212502696749176,"ballX":0.7958537569547255,"ballY":0.19831276107831178}
