{"leftPaddleY":0.061414852932384655,"rightPaddleY":0.32156450914288615,"ballX":0.40848180625059294,"ballY":0.04367598779977213}
