{"leftPaddleY":0.152180547294053,"rightPaddleY":0.8944533193050411,"ballX":0.4584530421737858,"ballY":0.4082098465635494}
