{"leftPaddleY":0.2146189630063387,"rightPaddleY":0.5412542300757978,"ballX":0.6683835751066258,"ballY":0.8003838175675286}
