{"leftPaddleY":0.49196365169988315,"rightPaddleY":0.7243349209740059,"ballX":0.2790308001944519,"ballY":0.24485493738583106}
