{"leftPaddleY":0.8545891713149154,"rightPaddleY":0.7260420102910867,"ballX":0.29150414577130557,"ballY":0.5720882111385343}
