{"leftPaddleY":0.21743857088344104,"rightPaddleY":0.36447334382017754,"ballX":0.8543765159798072,"ballY":0.4950583385601593}
