{"leftPaddleY":0.11677606233274906,"rightPaddleY":0.5867006479658913,"ballX":0.14078538965530238,"ballY":0.4438230222177626}
