{"leftPaddleY":0.7517196979979793,"rightPaddleY":0.3904709995823058,"ballX":0.05943769415757869,"ballY":0.6767392104169887}
