{"leftPaddleY":0.3398551811933396,"rightPaddleY":0.935330112235165,"ballX":0.279714801982091,"ballY":0.680581417658096}
