{"leftPaddleY":0.04964128806033971,"rightPaddleY":0.8053415794866339,"ballX":0.6273215418542647,"ballY":0.9859305181995517}
