{"leftPaddleY":0.9386946681865794,"rightPaddleY":0.49870051569388446,"ballX":0.8040028153531831,"ballY":0.002862160716917884}
