{"leftPaddleY":0.1134317670255946,"rightPaddleY":0.8340348630184589,"ballX":0.5137315504590482,"ballY":0.16065733372553478}
