{"leftPaddleY":0.42910094084222505,"rightPaddleY":0.8278817477585063,"ballX":0.7757805324858401,"ballY":0.3116462714968152}
