{"leftPaddleY":0.35477362494039666,"rightPaddleY":0.7214901131333563,"ballX":0.522175110272431,"ballY":0.6244403760858409}
