{"leftPaddleY":0.8902448824342326,"rightPaddleY":0.35675454469214474,"ballX":0.5463485132086073,"ballY":0.6919463823194079}
