{"leftPaddleY":0.24258108265680237,"rightPaddleY":0.7428267146008204,"ballX":0.8275142665513612,"ballY":0.43345235594370646}
