{"leftPaddleY":0.18772313165127777,"rightPaddleY":0.8713390932658676,"ballX":0.2976344887982779,"ballY":0.91912514307112}
