{"leftPaddleY":0.35537492915504504,"rightPaddleY":0.2679550079369123,"ballX":0.6264850245343624,"ballY":0.43767651658252854}
