{"leftPaddleY":0.11395229174368317,"rightPaddleY":0.9063796461243991,"ballX":0.41034509716241024,"ballY":0.7286432512085976}
