{"leftPaddleY":0.298008445473523,"rightPaddleY":0.17529525923286465,"ballX":0.03718935858147525,"ballY":0.5616983305123131}
