{"leftPaddleY":0.4626669789187124,"rightPaddleY":0.35160256077953056,"ballX":0.8105580136605967,"ballY":0.861852029512067}
