{"leftPaddleY":0.18681778490300918,"rightPaddleY":0.26432211718294796,"ballX":0.8056234511857152,"ballY":0.29626856812663976}
