{"leftPaddleY":0.6060463808610115,"rightPaddleY":0.15346258187974493,"ballX":0.10833333895122879,"ballY":0.13951722438031303}
