{"leftPaddleY":0.8274842258962227,"rightPaddleY":0.7863202621834305,"ballX":0.42805990079438894,"ballY":0.8693436073763817}
