{"leftPaddleY":0.008273001171564728,"rightPaddleY":0.5804174173264505,"ballX":0.9915508707671569,"ballY":0.9985773009302722}
