{"leftPaddleY":0.21076222238584633,"rightPaddleY":0.6981124799915849,"ballX":0.5997540179542131,"ballY":0.14522209665551888}
