{"leftPaddleY":0.32575038781085447,"rightPaddleY":0.11963392055999207,"ballX":0.676221449430001,"ballY":0.14478053193357307}
