{"leftPaddleY":0.3942391710150836,"rightPaddleY":0.19471817903059652,"ballX":0.2673402144869913,"ballY":0.11671687458396733}
