{"leftPaddleY":0.24307975581258315,"rightPaddleY":0.2526977210425678,"ballX":0.1506772049399183,"ballY":0.5309089462131429}
