{"leftPaddleY":0.3104887921547639,"rightPaddleY":0.12983593853926637,"ballX":0.599355404492377,"ballY":0.7426313906720818}
