{"leftPaddleY":0.8589026911548748,"rightPaddleY":0.5728519387490122,"ballX":0.31525293085130224,"ballY":0.4646958613575441}
