{"leftPaddleY":0.9257470798596105,"rightPaddleY":0.35720196130440446,"ballX":0.7644957980340076,"ballY":0.34017764723528277}
