{"leftPaddleY":0.3531473720582807,"rightPaddleY":0.11948710708164358,"ballX":0.8260698777541868,"ballY":0.6316185121473299}
