{"leftPaddleY":0.5188948455656335,"rightPaddleY":0.6693031211940135,"ballX":0.7975637275104551,"ballY":0.3822337169849948}
