{"leftPaddleY":0.6677674394804829,"rightPaddleY":0.6300330674994052,"ballX":0.3206394528333254,"ballY":0.03877025090711496}
