{"leftPaddleY":0.11287210793859384,"rightPaddleY":0.8012442359190391,"ballX":0.009649819395977895,"ballY":0.32848217859447093}
