{"leftPaddleY":0.7478394308434343,"rightPaddleY":0.9730710600631107,"ballX":0.5992938223562555,"ballY":0.49701255120146043}
