{"leftPaddleY":0.17876429836362215,"rightPaddleY":0.4982967764065716,"ballX":0.7742637449663369,"ballY":0.6245519763997067}
