{"leftPaddleY":0.49920240160908275,"rightPaddleY":0.4554404377764885,"ballX":0.2515248223829309,"ballY":0.6160390936000675}
