{"leftPaddleY":0.725750283957432,"rightPaddleY":0.2940221014048631,"ballX":0.2973833727866139,"ballY":0.6581099684962525}
