{"leftPaddleY":0.3523586159995288,"rightPaddleY":0.648217479555483,"ballX":0.20545854571811525,"ballY":0.34529660610693585}
