{"leftPaddleY":0.8246508356981362,"rightPaddleY":0.4773855954351857,"ballX":0.349010131246276,"ballY":0.9287305407430838}
