{"leftPaddleY":0.6271355722648081,"rightPaddleY":0.7556686510391571,"ballX":0.9200683201126746,"ballY":0.7252841597538783}
