{"leftPaddleY":0.9669377828473992,"rightPaddleY":0.23107041685448507,"ballX":0.2410929889642135,"ballY":0.4035814144394521}
