{"leftPaddleY":0.1893092838128086,"rightPaddleY":0.08240872771566089,"ballX":0.765707899998394,"ballY":0.08366923208288402}
