{"leftPaddleY":0.8568547203747733,"rightPaddleY":0.24826314033170946,"ballX":0.22230836765434467,"ballY":0.9049615039756581}
