{"leftPaddleY":0.6064041932416374,"rightPaddleY":0.0985214692398763,"ballX":0.35392176031945666,"ballY":0.34480078515717727}
