{"leftPaddleY":0.7943049491311499,"rightPaddleY":0.7268166006488967,"ballX":0.466164097656523,"ballY":0.35072086453557033}
