{"leftPaddleY":0.8532989553317923,"rightPaddleY":0.8840781098856092,"ballX":0.8274288165509444,"ballY":0.06822770963104603}
