{"leftPaddleY":0.626760971856895,"rightPaddleY":0.21653144646107977,"ballX":0.8060992851973775,"ballY":0.16105397328521887}
