{"leftPaddleY":0.7948813391335889,"rightPaddleY":0.8401343789587643,"ballX":0.6686427035509153,"ballY":0.10211669666294244}
