{"leftPaddleY":0.3908395566794703,"rightPaddleY":0.02630076418668896,"ballX":0.584332898604299,"ballY":0.2972304865205519}
