{"leftPaddleY":0.010022124876589152,"rightPaddleY":0.19031378437813637,"ballX":0.40038985965490687,"ballY":0.42797990499274635}
