{"leftPaddleY":0.03064918239516051,"rightPaddleY":0.8965032943991007,"ballX":0.24470513553068982,"ballY":0.3950458631179588}
