{"leftPaddleY":0.3514796878605468,"rightPaddleY":0.3627328339201094,"ballX":0.4147263860748868,"ballY":0.19597792659621377}
