{"leftPaddleY":0.9009926567523121,"rightPaddleY":0.4521661749836176,"ballX":0.1272604866112646,"ballY":0.42543546592171094}
