{"leftPaddleY":0.5495988337258028,"rightPaddleY":0.5450685839901092,"ballX":0.2872861515701634,"ballY":0.6254266496312415}
