{"leftPaddleY":0.40294834246948813,"rightPaddleY":0.5469099503156374,"ballX":0.3898015665775706,"ballY":0.721118925961196}
