{"leftPaddleY":0.330143729614752,"rightPaddleY":0.3634084863026521,"ballX":0.36481695501934375,"ballY":0.5097242365175938}
