{"leftPaddleY":0.40290837186094614,"rightPaddleY":0.2779240969725522,"ballX":0.5631180241626892,"ballY":0.05986157367015077}
