{"leftPaddleY":0.7960561636558564,"rightPaddleY":0.6626906070791907,"ballX":0.8353997102204446,"ballY":0.8569150275399199}
