{"leftPaddleY":0.8985507443859051,"rightPaddleY":0.80646689027121,"ballX":0.760142564332206,"ballY":0.8174041891872887}
