{"leftPaddleY":0.9278771663109828,"rightPaddleY":0.3864935242527378,"ballX":0.3333495172013659,"ballY":0.010696874704029864}
