{"leftPaddleY":0.4428392655713513,"rightPaddleY":0.27211822962551335,"ballX":0.7148744767415316,"ballY":0.19952307303279196}
