{"leftPaddleY":0.3905726490763051,"rightPaddleY":0.6254120000461574,"ballX":0.17077465216977558,"ballY":0.09547246626537322}
