{"leftPaddleY":0.1829588689937635,"rightPaddleY":0.11270064085646733,"ballX":0.4761142007523769,"ballY":0.5274778925699913}
