{"leftPaddleY":0.6541521152269603,"rightPaddleY":0.7474258296177588,"ballX":0.44404583723500307,"ballY":0.6898696415106417}
