{"leftPaddleY":0.02724248040007719,"rightPaddleY":0.7159310387537096,"ballX":0.9002845297536061,"ballY":0.6817941222230013}
