{"leftPaddleY":0.5842209047170805,"rightPaddleY":0.8123829312226926,"ballX":0.18194436652925006,"ballY":0.660486501320415}
