{"leftPaddleY":0.2679307906299529,"rightPaddleY":0.29810709869014945,"ballX":0.9384878945602859,"ballY":0.3593355852026609}
