{"leftPaddleY":0.058252958775205595,"rightPaddleY":0.004577998680770492,"ballX":0.8913514222913054,"ballY":0.17107132704113862}
