{"leftPaddleY":0.257130376556061,"rightPaddleY":0.9727919946994507,"ballX":0.5424379344920648,"ballY":0.1384741114633008}
