{"leftPaddleY":0.7263597945433832,"rightPaddleY":0.8688787983970002,"ballX":0.8009637949956541,"ballY":0.5135691923179431}
