{"leftPaddleY":0.5241465764175941,"rightPaddleY":0.9805893853186526,"ballX":0.17129998602952792,"ballY":0.2426518179027784}
