{"leftPaddleY":0.26100527597172074,"rightPaddleY":0.496780261446719,"ballX":0.9667311358169365,"ballY":0.5795569949681327}
