{"leftPaddleY":0.4379583573342257,"rightPaddleY":0.8090733559961003,"ballX":0.4576394853170019,"ballY":0.9513040479192582}
