{"leftPaddleY":0.6914408508701657,"rightPaddleY":0.8863206854569924,"ballX":0.9932710870997397,"ballY":0.5936278467829272}
