{"leftPaddleY":0.4758337769134992,"rightPaddleY":0.7921059391659404,"ballX":0.40993271561062344,"ballY":0.09668236680946835}
