{"leftPaddleY":0.7289668116746577,"rightPaddleY":0.26004666791184444,"ballX":0.5168302135499144,"ballY":0.9081727412317476}
