{"leftPaddleY":0.5995930758091397,"rightPaddleY":0.24079873322404807,"ballX":0.6946305321602962,"ballY":0.7382883852411639}
