{"leftPaddleY":0.27855069276849576,"rightPaddleY":0.33692428811254826,"ballX":0.03489992729181184,"ballY":0.18843777254354224}
