{"leftPaddleY":0.6496796693691436,"rightPaddleY":0.14798631319821257,"ballX":0.5450326711529278,"ballY":0.20612543609199668}
