{"leftPaddleY":0.7347588647760319,"rightPaddleY":0.5435454051873825,"ballX":0.7087881971391614,"ballY":0.24791396985240174}
