{"leftPaddleY":0.3860132544456186,"rightPaddleY":0.786964233908957,"ballX":0.7816948773592262,"ballY":0.4691915277641668}
