{"leftPaddleY":0.6315927956838179,"rightPaddleY":0.334736423908925,"ballX":0.12136750276836616,"ballY":0.4842911400889599}
