{"leftPaddleY":0.4212516576383107,"rightPaddleY":0.7956794752763018,"ballX":0.6377310654164694,"ballY":0.2873588613314078}
