{"leftPaddleY":0.6176267755849935,"rightPaddleY":0.7991695622805004,"ballX":0.5953064553078913,"ballY":0.7418261676765803}
