{"leftPaddleY":0.42462431072154394,"rightPaddleY":0.2043417068102294,"ballX":0.5152512737696794,"ballY":0.9560912382845541}
