{"leftPaddleY":0.8130783079449682,"rightPaddleY":0.08695637712491247,"ballX":0.5148908313390077,"ballY":0.42841360031254205}
