{"leftPaddleY":0.7322329272393947,"rightPaddleY":0.32848982866500187,"ballX":0.9028807329539227,"ballY":0.8601240905787827}
