{"leftPaddleY":0.6008613733244162,"rightPaddleY":0.023577815263165467,"ballX":0.4482843498798666,"ballY":0.47614588439068134}
