{"leftPaddleY":0.8746238065529893,"rightPaddleY":0.7137827310810143,"ballX":0.5988002360704088,"ballY":0.6721510921084907}
