{"leftPaddleY":0.19257234783605368,"rightPaddleY":0.3020444478314553,"ballX":0.3961426307808574,"ballY":0.33555688406794465}
