{"leftPaddleY":0.9439289463839333,"rightPaddleY":0.6546510883666002,"ballX":0.1191255064779557,"ballY":0.17428354210140876}
