{"leftPaddleY":0.6173273841956465,"rightPaddleY":0.4311644205469243,"ballX":0.5114092627857156,"ballY":0.6389958916139062}
