{"leftPaddleY":0.8861860387730564,"rightPaddleY":0.08417364934263716,"ballX":0.8810058574104116,"ballY":0.16782736829063566}
