{"leftPaddleY":0.5530758419279335,"rightPaddleY":0.14495375894391796,"ballX":0.07654803349978079,"ballY":0.6959793275423163}
