{"leftPaddleY":0.4909237622677418,"rightPaddleY":0.23295396445951713,"ballX":0.14611178059394597,"ballY":0.9389938525826792}
