{"leftPaddleY":0.4372832032534865,"rightPaddleY":0.07308901291436347,"ballX":0.8360675126291243,"ballY":0.14183643213509994}
