{"leftPaddleY":0.4713332315808415,"rightPaddleY":0.862641186468594,"ballX":0.5218360237054063,"ballY":0.42983302399071294}
