{"leftPaddleY":0.2340249746683779,"rightPaddleY":0.8647610665935205,"ballX":0.8312296306767805,"ballY":0.635043516599175}
