{"leftPaddleY":0.25391245637752463,"rightPaddleY":0.39621347297340964,"ballX":0.05665435530342317,"ballY":0.8438301863672337}
