{"leftPaddleY":0.8842587806451714,"rightPaddleY":0.3080871473972422,"ballX":0.056985510495261016,"ballY":0.4603445208632366}
