{"leftPaddleY":0.5177115478134257,"rightPaddleY":0.23373049951079916,"ballX":0.37994498051635983,"ballY":0.21270758846213578}
