{"leftPaddleY":0.8465856363841839,"rightPaddleY":0.6235477662215514,"ballX":0.9348275668326553,"ballY":0.6119147331136017}
