{"leftPaddleY":0.6811791545926983,"rightPaddleY":0.3216181037594662,"ballX":0.07124547083430689,"ballY":0.41775768098123806}
