{"leftPaddleY":0.24719253246110362,"rightPaddleY":0.9970289407246652,"ballX":0.7025954160014504,"ballY":0.8573845719047414}
