{"leftPaddleY":0.5679536455387574,"rightPaddleY":0.45092029723554,"ballX":0.31273815888142287,"ballY":0.8269618596801622}
