{"leftPaddleY":0.7941646397978914,"rightPaddleY":0.6935041678604094,"ballX":0.2957236470137816,"ballY":0.6728279824971987}
