{"leftPaddleY":0.08689976171765806,"rightPaddleY":0.9147290707211566,"ballX":0.6347563084104613,"ballY":0.31211097428344803}
