{"leftPaddleY":0.10364714690631771,"rightPaddleY":0.026148344702828587,"ballX":0.7517171019967368,"ballY":0.7092381209002332}
