{"leftPaddleY":0.8698810931384496,"rightPaddleY":0.9115924084046019,"ballX":0.8586501239279812,"ballY":0.08285422012879061}
