{"leftPaddleY":0.06331760898519011,"rightPaddleY":0.6036412888274334,"ballX":0.12845732456057496,"ballY":0.45896916768523255}
