{"leftPaddleY":0.5192544853180479,"rightPaddleY":0.05760042264140908,"ballX":0.43277138354977485,"ballY":0.5140636250080242}
