{"leftPaddleY":0.6218795315457943,"rightPaddleY":0.617026304265541,"ballX":0.055604302125251255,"ballY":0.5819967443769589}
