{"leftPaddleY":0.9838863214138287,"rightPaddleY":0.39620425487359684,"ballX":0.3312372815802981,"ballY":0.21611612244314335}
