{"leftPaddleY":0.3208440934689202,"rightPaddleY":0.43024759075101693,"ballX":0.9920332949017839,"ballY":0.442841308227211}
