{"leftPaddleY":0.849242135255441,"rightPaddleY":0.9167947203951738,"ballX":0.590220331503703,"ballY":0.6141182433560958}
