{"leftPaddleY":0.3948250900140175,"rightPaddleY":0.5076989686728446,"ballX":0.8493173623064336,"ballY":0.6071450998198905}
