{"leftPaddleY":0.9670828715633754,"rightPaddleY":0.24634542827560665,"ballX":0.1919775687025635,"ballY":0.2438762351056216}
