{"leftPaddleY":0.22053376283509554,"rightPaddleY":0.5005525137338839,"ballX":0.3166010197018406,"ballY":0.9811697501826228}
