{"leftPaddleY":0.19564055908618133,"rightPaddleY":0.7972378723338183,"ballX":0.7291631790275653,"ballY":0.8193904075061813}
