{"leftPaddleY":0.5604918051680787,"rightPaddleY":0.5476481934303129,"ballX":0.3268057057598521,"ballY":0.2187040800175789}
