{"leftPaddleY":0.6584139068279736,"rightPaddleY":0.08732011882495148,"ballX":0.03486145232250239,"ballY":0.249125170150256}
