{"leftPaddleY":0.11794437279797496,"rightPaddleY":0.12325508696323446,"ballX":0.2887247103134721,"ballY":0.0866441338913402}
