{"leftPaddleY":0.6867984106721017,"rightPaddleY":0.18469817270395125,"ballX":0.6334053503083902,"ballY":0.054164895214439186}
