{"leftPaddleY":0.8550336325906633,"rightPaddleY":0.5973272360999987,"ballX":0.773577470668821,"ballY":0.8767325696182484}
