{"leftPaddleY":0.46316891952882316,"rightPaddleY":0.4339063281206057,"ballX":0.8626236177842015,"ballY":0.7391248464188971}
