{"leftPaddleY":0.3537548690256929,"rightPaddleY":0.04525054447148894,"ballX":0.000757347718138898,"ballY":0.2227257675077558}
