{"leftPaddleY":0.7232432607401637,"rightPaddleY":0.352719742212629,"ballX":0.9300549345013381,"ballY":0.44813880492177965}
