{"leftPaddleY":0.12235288491300284,"rightPaddleY":0.302561461385884,"ballX":0.5061890319735746,"ballY":0.13496654790136867}
