{"leftPaddleY":0.737572201220125,"rightPaddleY":0.6240156305874408,"ballX":0.4413393157959159,"ballY":0.9058406454082184}
