{"leftPaddleY":0.3127889524800933,"rightPaddleY":0.28478196111401,"ballX":0.5690502167584903,"ballY":0.14425057478460754}
