{"leftPaddleY":0.26229088962432157,"rightPaddleY":0.3753272589066042,"ballX":0.08120110538054176,"ballY":0.2499491405848627}
