{"leftPaddleY":0.8864667914449235,"rightPaddleY":0.41474419235270543,"ballX":0.3472092656012521,"ballY":0.791627257750366}
