{"leftPaddleY":0.8746609823895807,"rightPaddleY":0.711853800080765,"ballX":0.7862156371020115,"ballY":0.3877154513166396}
