{"leftPaddleY":0.44853185673941626,"rightPaddleY":0.07920278553640678,"ballX":0.14872058737705493,"ballY":0.21695855911195192}
