{"leftPaddleY":0.8688995672811327,"rightPaddleY":0.6405937779941544,"ballX":0.31119373698935027,"ballY":0.11214123349782364}
