{"leftPaddleY":0.26709059700126675,"rightPaddleY":0.18610092188755253,"ballX":0.5576993366546471,"ballY":0.7699145956322659}
