{"leftPaddleY":0.8960486221330404,"rightPaddleY":0.3804237093631682,"ballX":0.12382609984089808,"ballY":0.3355631037729602}
