{"leftPaddleY":0.1455180100148459,"rightPaddleY":0.8288653380440288,"ballX":0.4496063852111191,"ballY":0.7307478188416752}
