{"leftPaddleY":0.8081651749691191,"rightPaddleY":0.1006714813711206,"ballX":0.6917313710281451,"ballY":0.2923614385759928}
