{"leftPaddleY":0.5947258524126801,"rightPaddleY":0.9564613843886608,"ballX":0.8039858053461304,"ballY":0.2953439383553148}
