{"leftPaddleY":0.2027897344220854,"rightPaddleY":0.31970388679615197,"ballX":0.47357956941724266,"ballY":0.3070145309150169}
