{"leftPaddleY":0.9346695038326271,"rightPaddleY":0.47291840814660124,"ballX":0.9274369934110197,"ballY":0.44145441429132126}
