{"leftPaddleY":0.2614297398039495,"rightPaddleY":0.4692839025780071,"ballX":0.11850039659674218,"ballY":0.7551356972218154}
