{"leftPaddleY":0.257254309821848,"rightPaddleY":0.5297439314016129,"ballX":0.35229652779562937,"ballY":0.978589964518111}
