{"leftPaddleY":0.6848461241216015,"rightPaddleY":0.6224266340234005,"ballX":0.9571729011433266,"ballY":0.6376259130409555}
