{"leftPaddleY":0.56291332303098,"rightPaddleY":0.8371321599405006,"ballX":0.2584526143935957,"ballY":0.023933385489190995}
