{"leftPaddleY":0.031938547335043296,"rightPaddleY":0.1578522518725421,"ballX":0.4618132139528421,"ballY":0.01978059059533795}
