{"leftPaddleY":0.23082460417217524,"rightPaddleY":0.5577484236646327,"ballX":0.2326403314695081,"ballY":0.7198065120294405}
