{"leftPaddleY":0.46995523184693727,"rightPaddleY":0.4036075473754366,"ballX":0.5624978044968785,"ballY":0.47856619634819914}
