{"leftPaddleY":0.3120912314545434,"rightPaddleY":0.14073367668470393,"ballX":0.7384037313950103,"ballY":0.19196390290906093}
