{"leftPaddleY":0.7883511039205487,"rightPaddleY":0.015499406630717163,"ballX":0.01687155534417076,"ballY":0.7607662207027148}
