{"leftPaddleY":0.11592357990496316,"rightPaddleY":0.9752433627371101,"ballX":0.6529005886823122,"ballY":0.12593728063823298}
