{"leftPaddleY":0.34608295618500284,"rightPaddleY":0.08027779803855417,"ballX":0.28848813486236685,"ballY":0.6186604261376331}
