{"leftPaddleY":0.54381717541589,"rightPaddleY":0.42740845793865395,"ballX":0.7136592976925223,"ballY":0.32368085120150236}
