{"leftPaddleY":0.43371806066074514,"rightPaddleY":0.9530680023517956,"ballX":0.48550880731926127,"ballY":0.1505741962334576}
