{"leftPaddleY":0.1839111040447097,"rightPaddleY":0.21626173617398872,"ballX":0.8454695117455197,"ballY":0.8804242488872545}
