{"leftPaddleY":0.38556773540810974,"rightPaddleY":0.9669845093746118,"ballX":0.2989409880169014,"ballY":0.03588270144988023}
