{"leftPaddleY":0.8269404018080007,"rightPaddleY":0.08694611379575161,"ballX":0.9662966972543154,"ballY":0.32138250437062105}
