{"leftPaddleY":0.10019145873583161,"rightPaddleY":0.2262580733800394,"ballX":0.15566291963470885,"ballY":0.5548096291283935}
