{"leftPaddleY":0.3425569907192195,"rightPaddleY":0.47417072458705517,"ballX":0.42636880620422973,"ballY":0.28686545001108493}
