{"leftPaddleY":0.31595141862255993,"rightPaddleY":0.22595148608777185,"ballX":0.2791587382131237,"ballY":0.7058406830266727}
