{"leftPaddleY":0.2040108932041639,"rightPaddleY":0.5753854023703273,"ballX":0.555534037527623,"ballY":0.8647426977385895}
