{"leftPaddleY":0.5206616096915667,"rightPaddleY":0.28762218129798345,"ballX":0.1539562860543272,"ballY":0.8214834204066667}
