{"leftPaddleY":0.16307414365732026,"rightPaddleY":0.06910392206939524,"ballX":0.2866991197455178,"ballY":0.615692882867797}
