{"leftPaddleY":0.4878321827163931,"rightPaddleY":0.3997580899303224,"ballX":0.22316305157191724,"ballY":0.33915273408065055}
