{"leftPaddleY":0.05294116622480872,"rightPaddleY":0.8238291808369084,"ballX":0.08255591384842856,"ballY":0.5460001093819321}
