{"leftPaddleY":0.6177766629320508,"rightPaddleY":0.9992636559864467,"ballX":0.8552663701516171,"ballY":0.17013223680627337}
