{"leftPaddleY":0.02878419916702198,"rightPaddleY":0.13070425250217557,"ballX":0.01147357178885728,"ballY":0.6631355962409824}
