{"leftPaddleY":0.006516433292881065,"rightPaddleY":0.649875057865309,"ballX":0.681835641221752,"ballY":0.055694280221499255}
