{"leftPaddleY":0.33839569893836413,"rightPaddleY":0.5117065645731586,"ballX":0.513986729635594,"ballY":0.6225492340622468}
