{"leftPaddleY":0.29394011696849853,"rightPaddleY":0.9733685773076987,"ballX":0.8990037387478281,"ballY":0.4758854190853884}
