{"leftPaddleY":0.9514453838831334,"rightPaddleY":0.5107717204649517,"ballX":0.605252058912485,"ballY":0.8046096436662172}
