{"leftPaddleY":0.8611646558748441,"rightPaddleY":0.2425332201769146,"ballX":0.6889486667746724,"ballY":0.40117196056291726}
