{"leftPaddleY":0.7043266473564258,"rightPaddleY":0.9490162433813253,"ballX":0.8006708117142048,"ballY":0.2909584016661609}
