{"leftPaddleY":0.43936757758541517,"rightPaddleY":0.3966293257178058,"ballX":0.4708171001990978,"ballY":0.5843880024462994}
