{"leftPaddleY":0.6359124098397896,"rightPaddleY":0.4493401181697762,"ballX":0.41372519706942995,"ballY":0.8596148369969995}
