{"leftPaddleY":0.5348321287709462,"rightPaddleY":0.657191186396439,"ballX":0.872026855367544,"ballY":0.46295372337748225}
