{"leftPaddleY":0.10469172865244988,"rightPaddleY":0.8707654477094304,"ballX":0.5221664902898251,"ballY":0.4088668045125974}
