{"leftPaddleY":0.020471676366481558,"rightPaddleY":0.7790413901071542,"ballX":0.4145736325331171,"ballY":0.9214251536798049}
