{"leftPaddleY":0.48410418451276405,"rightPaddleY":0.7437689729123934,"ballX":0.8951472129122423,"ballY":0.05513080563092545}
