{"leftPaddleY":0.8719511621248767,"rightPaddleY":0.5142223962718193,"ballX":0.9818802593887697,"ballY":0.06169233082965414}
