{"leftPaddleY":0.6699057992207654,"rightPaddleY":0.36368127699707353,"ballX":0.6934071403566365,"ballY":0.7940482049232346}
