{"leftPaddleY":0.8984341862894496,"rightPaddleY":0.8252631991651498,"ballX":0.01634421751027442,"ballY":0.2108273973122173}
