{"leftPaddleY":0.7727322671584546,"rightPaddleY":0.044606842488232455,"ballX":0.27281282945895285,"ballY":0.9860574263418476}
