{"leftPaddleY":0.2371464818477919,"rightPaddleY":0.02099295685805859,"ballX":0.6082959112925431,"ballY":0.6212260582620843}
