{"leftPaddleY":0.47434259272915213,"rightPaddleY":0.38021505025037744,"ballX":0.49982083428375956,"ballY":0.3868686997085629}
