{"leftPaddleY":0.1330599129931864,"rightPaddleY":0.06190535609762858,"ballX":0.053384585212572305,"ballY":0.2004429571521195}
