{"leftPaddleY":0.5421972592151403,"rightPaddleY":0.3838395472670904,"ballX":0.1869923863696473,"ballY":0.5275177554073797}
