{"leftPaddleY":0.3032112036281628,"rightPaddleY":0.08324046511642763,"ballX":0.1284754467666231,"ballY":0.8724175435143707}
