{"leftPaddleY":0.759407620870554,"rightPaddleY":0.5806382181678049,"ballX":0.9008917442049295,"ballY":0.20925701623563198}
