{"leftPaddleY":0.7129470024124869,"rightPaddleY":0.8924327830170466,"ballX":0.312601870208795,"ballY":0.26285276348372105}
