{"leftPaddleY":0.8758487888300885,"rightPaddleY":0.49954550685474114,"ballX":0.6505031343522898,"ballY":0.1544787559886743}
