{"leftPaddleY":0.5449826795261663,"rightPaddleY":0.5595552258016704,"ballX":0.5173934770978738,"ballY":0.932663503132645}
