{"leftPaddleY":0.3201114413550917,"rightPaddleY":0.1881086363742944,"ballX":0.19845020795922164,"ballY":0.9822203348307224}
