{"leftPaddleY":0.5705983009424046,"rightPaddleY":0.8034947428040751,"ballX":0.06877992408602583,"ballY":0.19980529288485518}
