{"leftPaddleY":0.9731964416454258,"rightPaddleY":0.8778275503518528,"ballX":0.29010878955086944,"ballY":0.0018315211948859488}
