{"leftPaddleY":0.460207734545223,"rightPaddleY":0.055152499107467105,"ballX":0.5333647257540719,"ballY":0.8188087857390404}
