{"leftPaddleY":0.2017891955779938,"rightPaddleY":0.7606809714430578,"ballX":0.02272349765728774,"ballY":0.9891009633237532}
