{"leftPaddleY":0.6290297548187836,"rightPaddleY":0.03905484397359883,"ballX":0.09558568512943035,"ballY":0.886176182782504}
