{"leftPaddleY":0.4027403450472673,"rightPaddleY":0.6192260928682376,"ballX":0.8634203826147101,"ballY":0.5379199271133233}
