{"leftPaddleY":0.08305183392944072,"rightPaddleY":0.5285832798843594,"ballX":0.9820088546773657,"ballY":0.7224386607031392}
