{"leftPaddleY":0.6507948276810493,"rightPaddleY":0.44591807046051035,"ballX":0.7388480501359771,"ballY":0.5966248798329509}
