{"leftPaddleY":0.7110029605482049,"rightPaddleY":0.9577162750130666,"ballX":0.5788783925702917,"ballY":0.004597568705552537}
