{"leftPaddleY":0.06369674602874915,"rightPaddleY":0.1968197399671367,"ballX":0.6027666553506364,"ballY":0.17085911848784996}
