{"leftPaddleY":0.11732445453621028,"rightPaddleY":0.659840068415932,"ballX":0.17587761724208892,"ballY":0.1288758339742401}
