{"leftPaddleY":0.5614491808558636,"rightPaddleY":0.0755221298881692,"ballX":0.18235672760492327,"ballY":0.46091646808831543}
