{"leftPaddleY":0.571348131441492,"rightPaddleY":0.414723877228828,"ballX":0.37907745725681624,"ballY":0.6931338900468457}
