{"leftPaddleY":0.35545170902500983,"rightPaddleY":0.3055882996678349,"ballX":0.28072246172513593,"ballY":0.8732900983888234}
