{"leftPaddleY":0.3809352522845473,"rightPaddleY":0.0642828737955219,"ballX":0.6037557830201437,"ballY":0.8570246436574473}
