{"leftPaddleY":0.33350345877485316,"rightPaddleY":0.04553629215239018,"ballX":0.08873966027238545,"ballY":0.5702555092515071}
