{"leftPaddleY":0.14079526974833254,"rightPaddleY":0.5862411034986275,"ballX":0.02630866356158604,"ballY":0.7934059528680382}
