{"leftPaddleY":0.6611925138040469,"rightPaddleY":0.13711162320361606,"ballX":0.8870791360791063,"ballY":0.8064107788343728}
