{"leftPaddleY":0.07366746956901976,"rightPaddleY":0.5576251604982905,"ballX":0.15377558004111952,"ballY":0.1583115580292178}
