{"leftPaddleY":0.4462699956325525,"rightPaddleY":0.4715678230071365,"ballX":0.30561889860461333,"ballY":0.7887187968243783}
