{"leftPaddleY":0.32004771245630304,"rightPaddleY":0.15254073933248002,"ballX":0.47763699763885364,"ballY":0.7768782892608143}
