{"leftPaddleY":0.3929256789147925,"rightPaddleY":0.4715386228718857,"ballX":0.6780841678251658,"ballY":0.602801140078115}
