{"leftPaddleY":0.7725936444029277,"rightPaddleY":0.13264698553892607,"ballX":0.006147199094181745,"ballY":0.9713394878471279}
