{"leftPaddleY":0.839158885316221,"rightPaddleY":0.5728408867748255,"ballX":0.4022296853504439,"ballY":0.4724467542150812}
