{"leftPaddleY":0.8570080037271107,"rightPaddleY":0.9138748196762485,"ballX":0.7390452262705897,"ballY":0.9840279350154041}
