{"leftPaddleY":0.5876626188488249,"rightPaddleY":0.23356921152588228,"ballX":0.3695866584912034,"ballY":0.656530080604917}
