{"leftPaddleY":0.5167109477438252,"rightPaddleY":0.9091147415225659,"ballX":0.2715000637026899,"ballY":0.6627046338479116}
