{"leftPaddleY":0.5028636401627455,"rightPaddleY":0.1975627751367998,"ballX":0.122892235344718,"ballY":0.8719224829694039}
