{"leftPaddleY":0.36662866431308655,"rightPaddleY":0.2534534319007241,"ballX":0.913122241131875,"ballY":0.030446695613326576}
