{"leftPaddleY":0.5226482781145879,"rightPaddleY":0.4170316208496305,"ballX":0.46873287130267627,"ballY":0.8924630045780385}
