{"leftPaddleY":0.6447474225079389,"rightPaddleY":0.2051966124649916,"ballX":0.33463293611763445,"ballY":0.026131668071228763}
