{"leftPaddleY":0.7847369792410527,"rightPaddleY":0.9136989998813259,"ballX":0.06064217113039873,"ballY":0.8343089889547453}
