{"leftPaddleY":0.1612262468342205,"rightPaddleY":0.08761065970211714,"ballX":0.3933525748805734,"ballY":0.09810148262257092}
