{"leftPaddleY":0.9468707485115585,"rightPaddleY":0.26463251711176916,"ballX":0.644596772803586,"ballY":0.9549293426476446}
