{"leftPaddleY":0.3464284115729757,"rightPaddleY":0.35581491171163077,"ballX":0.7593470710685023,"ballY":0.19927134872405616}
