{"leftPaddleY":0.5849494517553183,"rightPaddleY":0.2098580867294116,"ballX":0.32737909209065147,"ballY":0.02758803226369221}
