{"leftPaddleY":0.3041246090930219,"rightPaddleY":0.21109730997271312,"ballX":0.8195630804461171,"ballY":0.10046338019966469}
