{"leftPaddleY":0.9106489601240954,"rightPaddleY":0.708053181544101,"ballX":0.293612769908637,"ballY":0.1981935038910738}
