{"leftPaddleY":0.05591885558386631,"rightPaddleY":0.694335415215315,"ballX":0.6039682225092887,"ballY":0.5534508591128472}
