{"leftPaddleY":0.4507038799545195,"rightPaddleY":0.6664539987690404,"ballX":0.12025316635421618,"ballY":0.25164623651604456}
