{"leftPaddleY":0.6950344032710479,"rightPaddleY":0.027343490589694798,"ballX":0.7952463061884987,"ballY":0.42857782465446026}
