{"leftPaddleY":0.6970160617096836,"rightPaddleY":0.3850578728605374,"ballX":0.19928425837699285,"ballY":0.753533621633335}
