{"leftPaddleY":0.7032069495126982,"rightPaddleY":0.6703533380114014,"ballX":0.542633776871192,"ballY":0.6004481634177254}
