{"leftPaddleY":0.7541771662408675,"rightPaddleY":0.10794591448474364,"ballX":0.38478641898184923,"ballY":0.09169096714630673}
