{"leftPaddleY":0.8760554436161399,"rightPaddleY":0.9057055657948928,"ballX":0.36681551400079193,"ballY":0.2848567821179495}
