{"leftPaddleY":0.7074389137861613,"rightPaddleY":0.849638863482992,"ballX":0.49816760002726296,"ballY":0.3083428278978829}
