{"leftPaddleY":0.12333948467491113,"rightPaddleY":0.08392249091331364,"ballX":0.12864512428922636,"ballY":0.7011328124846926}
