{"leftPaddleY":0.31415060280669316,"rightPaddleY":0.6336201813330675,"ballX":0.9089217016013128,"ballY":0.6715397264104738}
