{"leftPaddleY":0.161674198033162,"rightPaddleY":0.25799250611357144,"ballX":0.07803883180910179,"ballY":0.9506449467284706}
