{"leftPaddleY":0.7099119922841647,"rightPaddleY":0.5616355157459093,"ballX":0.2972374974811224,"ballY":0.17967033819198142}
