{"leftPaddleY":0.5897143820755578,"rightPaddleY":0.265004406123577,"ballX":0.39252633090169387,"ballY":0.17491960973927975}
