{"leftPaddleY":0.8817900881652644,"rightPaddleY":0.39621395128442677,"ballX":0.5016947755663166,"ballY":0.42539846898382055}
