{"leftPaddleY":0.3684352623091348,"rightPaddleY":0.16977508327762134,"ballX":0.48059651312060675,"ballY":0.9169136300238164}
