{"leftPaddleY":0.32715720490971656,"rightPaddleY":0.758291610140234,"ballX":0.14317259465380675,"ballY":0.9451751097224949}
