{"leftPaddleY":0.5612762617060832,"rightPaddleY":0.5641423047374203,"ballX":0.5990784721122233,"ballY":0.7287843081742441}
