{"leftPaddleY":0.27101419399048465,"rightPaddleY":0.39909133290448234,"ballX":0.8404037447781504,"ballY":0.3049873469192676}
