{"leftPaddleY":0.17636750574924323,"rightPaddleY":0.847984921249214,"ballX":0.9044810182261852,"ballY":0.03881705858906495}
