{"leftPaddleY":0.6046650397709622,"rightPaddleY":0.039573040023964716,"ballX":0.9408536712537963,"ballY":0.8074187159844284}
