{"leftPaddleY":0.8926828315654306,"rightPaddleY":0.8179654643220119,"ballX":0.7514082533262376,"ballY":0.7940933563914726}
