{"leftPaddleY":0.9027067013567655,"rightPaddleY":0.45713613509151285,"ballX":0.05999091156692636,"ballY":0.6314554189723299}
