{"leftPaddleY":0.6545185640430337,"rightPaddleY":0.318893802347051,"ballX":0.8458943002181294,"ballY":0.32945733239227987}
