{"leftPaddleY":0.08735692155919789,"rightPaddleY":0.23637472308073146,"ballX":0.11966547864601859,"ballY":0.94555190830173}
