{"leftPaddleY":0.7020664689318196,"rightPaddleY":0.5687074803755123,"ballX":0.2124492694479523,"ballY":0.43418703405909004}
