{"leftPaddleY":0.2575757556804214,"rightPaddleY":0.3044263499786087,"ballX":0.6498232216862198,"ballY":0.8274337327575022}
