{"leftPaddleY":0.5510695057147849,"rightPaddleY":0.32305708498685065,"ballX":0.8266884613468897,"ballY":0.7301947133099097}
