{"leftPaddleY":0.4705744463562425,"rightPaddleY":0.5930085627088043,"ballX":0.7530264164600465,"ballY":0.34460831598541986}
