{"leftPaddleY":0.8308970565153598,"rightPaddleY":0.7397278611767323,"ballX":0.8726671386828123,"ballY":0.4449734575483079}
