{"leftPaddleY":0.45732168902689824,"rightPaddleY":0.8474946797004691,"ballX":0.9711066948575066,"ballY":0.7449108643679457}
