{"leftPaddleY":0.3641160611607428,"rightPaddleY":0.03968109457041573,"ballX":0.6596285279031345,"ballY":0.12434099308017292}
