{"leftPaddleY":0.7039078961959093,"rightPaddleY":0.5805819114168319,"ballX":0.6284995667409597,"ballY":0.35660083085962485}
