{"leftPaddleY":0.007923486931113295,"rightPaddleY":0.823863622940534,"ballX":0.25063278522927673,"ballY":0.12864607769381156}
