{"leftPaddleY":0.5745066967775815,"rightPaddleY":0.5352673552326543,"ballX":0.6909222432588404,"ballY":0.22136053066219286}
