{"leftPaddleY":0.5267339996248755,"rightPaddleY":0.9754198727553226,"ballX":0.38478635199231626,"ballY":0.7549033205405716}
