{"leftPaddleY":0.3995660530478781,"rightPaddleY":0.6820829191131859,"ballX":0.0033755087325465444,"ballY":0.6620873547978456}
