{"leftPaddleY":0.5148496670841667,"rightPaddleY":0.7268878364272031,"ballX":0.2517083169966105,"ballY":0.3644118914586767}
