{"leftPaddleY":0.9427117308516321,"rightPaddleY":0.1926828612328248,"ballX":0.8183873203659969,"ballY":0.44207165957446126}
