{"leftPaddleY":0.10198445685166437,"rightPaddleY":0.4235255320546465,"ballX":0.1095024954829337,"ballY":0.21611513175833283}
