{"leftPaddleY":0.11296162223850394,"rightPaddleY":0.33563407974942855,"ballX":0.23278703046508448,"ballY":0.7307395496292768}
