{"leftPaddleY":0.4198225787637968,"rightPaddleY":0.16596354969945407,"ballX":0.18892310939466564,"ballY":0.33188823733922357}
