{"leftPaddleY":0.12425545364582437,"rightPaddleY":0.10750328758005262,"ballX":0.2278495703823504,"ballY":0.11059276853652997}
