{"leftPaddleY":0.8473348347050127,"rightPaddleY":0.7092924785773544,"ballX":0.18492305992709135,"ballY":0.25909279432368615}
