{"leftPaddleY":0.2349133790506163,"rightPaddleY":0.5967279828381454,"ballX":0.07489934498245657,"ballY":0.8823140262237253}
