{"leftPaddleY":0.841750943873739,"rightPaddleY":0.4419059403796296,"ballX":0.05828129316129154,"ballY":0.7338373222352327}
