{"leftPaddleY":0.4741914723211976,"rightPaddleY":0.6777387679534611,"ballX":0.32396958229089373,"ballY":0.17020273310676792}
