{"leftPaddleY":0.7510980438936682,"rightPaddleY":0.934095142098473,"ballX":0.21663511598740356,"ballY":0.6388363836041786}
