{"leftPaddleY":0.4371482127115587,"rightPaddleY":0.9086158990986252,"ballX":0.383360893728093,"ballY":0.009571755626546226}
