{"leftPaddleY":0.46500184271831646,"rightPaddleY":0.287205607728017,"ballX":0.1680605091732519,"ballY":0.4607350971226713}
