{"leftPaddleY":0.30356384789036617,"rightPaddleY":0.39951380513006446,"ballX":0.7392076548567005,"ballY":0.4029342301887773}
