{"leftPaddleY":0.5046536777526591,"rightPaddleY":0.24983692124420626,"ballX":0.9977887590555277,"ballY":0.6790452956607124}
