{"leftPaddleY":0.09956877585596864,"rightPaddleY":0.9407552828416672,"ballX":0.18228245547054645,"ballY":0.6339258568714599}
