{"leftPaddleY":0.8087367406234452,"rightPaddleY":0.3712224996804162,"ballX":0.23782957751142783,"ballY":0.4947326409479511}
