{"leftPaddleY":0.3697829070446507,"rightPaddleY":0.5038077254678167,"ballX":0.10968665328871902,"ballY":0.801632872977873}
