{"leftPaddleY":0.999859165102205,"rightPaddleY":0.05545803343916401,"ballX":0.22759197636499978,"ballY":0.5056323312859967}
