{"leftPaddleY":0.2979232515167645,"rightPaddleY":0.26802747867305365,"ballX":0.1741867845862981,"ballY":0.9189413777001998}
