{"leftPaddleY":0.5112989665150561,"rightPaddleY":0.03628986235297703,"ballX":0.9881678681594023,"ballY":0.6580795023819919}
