{"leftPaddleY":0.39356003315834254,"rightPaddleY":0.47686792605012,"ballX":0.8723361112187178,"ballY":0.5057153747897752}
