{"leftPaddleY":0.5275645164208739,"rightPaddleY":0.8558787652487913,"ballX":0.0383137523664161,"ballY":0.8202272168505589}
