{"leftPaddleY":0.13222175217825222,"rightPaddleY":0.4003872533144085,"ballX":0.35985452455994843,"ballY":0.5227685677675898}
