{"leftPaddleY":0.45805563377910696,"rightPaddleY":0.3565510212114021,"ballX":0.43692388424114303,"ballY":0.3249151518908906}
