{"leftPaddleY":0.38510679206074605,"rightPaddleY":0.005469114084227532,"ballX":0.7231367352932881,"ballY":0.25500151836518264}
