{"leftPaddleY":0.7683433989461709,"rightPaddleY":0.5896412040247354,"ballX":0.5303100591451826,"ballY":0.7397135323569665}
