{"leftPaddleY":0.3476649171048189,"rightPaddleY":0.16914236324154003,"ballX":0.9495496498458774,"ballY":0.274022300220299}
