{"leftPaddleY":0.621282287951834,"rightPaddleY":0.6721068931063201,"ballX":0.5543552003016253,"ballY":0.053864727864781636}
