{"leftPaddleY":0.39955551090734376,"rightPaddleY":0.20888951171368586,"ballX":0.4250903347634449,"ballY":0.5785723634791475}
