{"leftPaddleY":0.38995972026551445,"rightPaddleY":0.9080863483170996,"ballX":0.5205918170399916,"ballY":0.5044780762495384}
