{"leftPaddleY":0.2492426526288983,"rightPaddleY":0.7090840434551157,"ballX":0.9595137972417359,"ballY":0.8047640264315803}
