{"leftPaddleY":0.5207557180655953,"rightPaddleY":0.47315588672320014,"ballX":0.4122763956921967,"ballY":0.4947200711846967}
