{"leftPaddleY":0.9932267958961667,"rightPaddleY":0.4250618878159663,"ballX":0.5780218690137547,"ballY":0.7504051433301971}
