{"leftPaddleY":0.37027243765867074,"rightPaddleY":0.9650199049416038,"ballX":0.38742467176230205,"ballY":0.47849069027668223}
