{"leftPaddleY":0.3236721740999537,"rightPaddleY":0.24535204534444674,"ballX":0.3615344514337003,"ballY":0.9947090704219196}
