{"leftPaddleY":0.3675251830947393,"rightPaddleY":0.664136935124761,"ballX":0.8004232557312563,"ballY":0.25815279152359594}
