{"leftPaddleY":0.008952364210949689,"rightPaddleY":0.3309724092074572,"ballX":0.06840774008184534,"ballY":0.013690133475975724}
