{"leftPaddleY":0.46318362306752586,"rightPaddleY":0.3013040349136773,"ballX":0.9830489823156973,"ballY":0.5865542316066394}
