{"leftPaddleY":0.5140358721464054,"rightPaddleY":0.5634268924174364,"ballX":0.5459743182824671,"ballY":0.05455842359763333}
