{"leftPaddleY":0.40194265168875176,"rightPaddleY":0.0592711940097657,"ballX":0.4100443876576852,"ballY":0.926748023958657}
