{"leftPaddleY":0.2139979938217475,"rightPaddleY":0.9792445320651498,"ballX":0.13114921823348855,"ballY":0.9527675976602699}
