{"leftPaddleY":0.6322373803733476,"rightPaddleY":0.5862011229638582,"ballX":0.6982849251240374,"ballY":0.6775652048928078}
