{"leftPaddleY":0.798641005088447,"rightPaddleY":0.8158318549861245,"ballX":0.3844861740052782,"ballY":0.27994791374756256}
