{"leftPaddleY":0.0039708270208930075,"rightPaddleY":0.254746902573192,"ballX":0.4886564084434848,"ballY":0.37926342850825717}
