{"leftPaddleY":0.5168393770773606,"rightPaddleY":0.6425441106681551,"ballX":0.2328958073984783,"ballY":0.9961094604065438}
