{"leftPaddleY":0.12398071421226596,"rightPaddleY":0.8570269435011549,"ballX":0.041474669429707595,"ballY":0.3308174647619942}
