{"leftPaddleY":0.7147204513537682,"rightPaddleY":0.22901676665738138,"ballX":0.26028707031307546,"ballY":0.12556719833850172}
