{"leftPaddleY":0.6959489483709623,"rightPaddleY":0.3934328023306852,"ballX":0.7513212642531615,"ballY":0.5755103250237426}
