{"leftPaddleY":0.9423903607177924,"rightPaddleY":0.1616268230557877,"ballX":0.12083088183057884,"ballY":0.5274137921718808}
