{"leftPaddleY":0.45950601710164474,"rightPaddleY":0.14380966317108496,"ballX":0.37514588570962004,"ballY":0.6918070346786164}
