{"leftPaddleY":0.4349721474804737,"rightPaddleY":0.362254458896929,"ballX":0.06741836450729488,"ballY":0.9343243399145685}
