{"leftPaddleY":0.5042910407195957,"rightPaddleY":0.4756547651969439,"ballX":0.08054056202927003,"ballY":0.061599850053616304}
