{"leftPaddleY":0.74466994437131,"rightPaddleY":0.5985390371909345,"ballX":0.19945445786546495,"ballY":0.31339963525121023}
