{"leftPaddleY":0.04129778638286299,"rightPaddleY":0.9829897952608464,"ballX":0.7444963585299607,"ballY":0.3820981669680054}
