{"leftPaddleY":0.10484795037987278,"rightPaddleY":0.4828710869466932,"ballX":0.58517286481323,"ballY":0.9719842538277769}
