{"leftPaddleY":0.6125858043988479,"rightPaddleY":0.9334032565716137,"ballX":0.5960872087392832,"ballY":0.2163089100837511}
