{"leftPaddleY":0.3603585972827226,"rightPaddleY":0.4752303760005621,"ballX":0.39915880109121793,"ballY":0.1852280185607107}
