{"leftPaddleY":0.7262711746613606,"rightPaddleY":0.3099477203789554,"ballX":0.10997224668659626,"ballY":0.934103988651806}
