{"leftPaddleY":0.792501427225227,"rightPaddleY":0.873186819414755,"ballX":0.9921749447202279,"ballY":0.808715924483427}
