{"leftPaddleY":0.7826752826306328,"rightPaddleY":0.48454272419854005,"ballX":0.24772473822523486,"ballY":0.8626427321957012}
