{"leftPaddleY":0.8970153194083942,"rightPaddleY":0.4752032514945475,"ballX":0.5848857176807067,"ballY":0.9064256610188917}
