{"leftPaddleY":0.5929371321423867,"rightPaddleY":0.6616639883419413,"ballX":0.08090078127443914,"ballY":0.4746264846142088}
