{"leftPaddleY":0.0033437492321465325,"rightPaddleY":0.4078004882938249,"ballX":0.8125193341137669,"ballY":0.843336995801077}
