{"leftPaddleY":0.9701472919631672,"rightPaddleY":0.8942407398303517,"ballX":0.18779605872674993,"ballY":0.0942126081165693}
