{"leftPaddleY":0.051034812807815015,"rightPaddleY":0.020353817204999427,"ballX":0.5478730204359505,"ballY":0.47496106970422813}
