{"leftPaddleY":0.5510580026257539,"rightPaddleY":0.7913506245853833,"ballX":0.4910916857923326,"ballY":0.5304861809557304}
