{"leftPaddleY":0.8895350773968872,"rightPaddleY":0.8039054148669323,"ballX":0.9697900261420945,"ballY":0.05714053732849791}
