{"leftPaddleY":0.5338098968261827,"rightPaddleY":0.7013733547771316,"ballX":0.35578509505474865,"ballY":0.391238097534658}
