{"leftPaddleY":0.7934702241998639,"rightPaddleY":0.8226920849849109,"ballX":0.9413484057333179,"ballY":0.5863244458228637}
