{"leftPaddleY":0.2094970275378253,"rightPaddleY":0.8540367725711122,"ballX":0.8003763040329894,"ballY":0.46998642647221145}
