{"leftPaddleY":0.25005249125645884,"rightPaddleY":0.4682418723921726,"ballX":0.28835569116022747,"ballY":0.04967755366444004}
