{"leftPaddleY":0.34473463325281056,"rightPaddleY":0.7585233832510375,"ballX":0.25473513904847866,"ballY":0.23405355026920438}
