{"leftPaddleY":0.8348769479049001,"rightPaddleY":0.4766020804591864,"ballX":0.9863507696338275,"ballY":0.6815657086964791}
