{"leftPaddleY":0.8314718544020213,"rightPaddleY":0.8091441571376532,"ballX":0.6702766484563265,"ballY":0.15452127879008426}
