{"leftPaddleY":0.7803603857711188,"rightPaddleY":0.054725506157736255,"ballX":0.8003828108744774,"ballY":0.29372215644231287}
