{"leftPaddleY":0.2911878204270043,"rightPaddleY":0.7394728100881912,"ballX":0.8875887693924956,"ballY":0.5333543840026009}
