{"leftPaddleY":0.8992376990899145,"rightPaddleY":0.7086909619973684,"ballX":0.08118710497346354,"ballY":0.09902356697695641}
