{"leftPaddleY":0.2871725505274695,"rightPaddleY":0.33138182945793276,"ballX":0.3779815696899596,"ballY":0.6129707890927649}
