{"leftPaddleY":0.6930480066631817,"rightPaddleY":0.5616689162912322,"ballX":0.6179707854398442,"ballY":0.4484702804220933}
