{"leftPaddleY":0.8665677772442512,"rightPaddleY":0.3040143543688854,"ballX":0.11804905397900406,"ballY":0.6192920153440515}
