{"leftPaddleY":0.5862586491992778,"rightPaddleY":0.5052986661346853,"ballX":0.1237787477236469,"ballY":0.395178073427071}
