{"leftPaddleY":0.8322577275861917,"rightPaddleY":0.7966883050695464,"ballX":0.861422079416044,"ballY":0.6454292280694662}
