{"leftPaddleY":0.271291178668909,"rightPaddleY":0.4520590989561663,"ballX":0.9606758175824659,"ballY":0.1970254656559582}
