{"leftPaddleY":0.053239749210964235,"rightPaddleY":0.625599006643882,"ballX":0.6351028890502575,"ballY":0.966411302703113}
