{"leftPaddleY":0.33356674507862205,"rightPaddleY":0.2646543920736292,"ballX":0.5782073646853164,"ballY":0.5596660085984695}
