{"leftPaddleY":0.7016165198593365,"rightPaddleY":0.3668263626937518,"ballX":0.29268074588632376,"ballY":0.7927762957254919}
