{"leftPaddleY":0.011621676040413247,"rightPaddleY":0.5956648081292197,"ballX":0.9252757624724288,"ballY":0.7996215474095596}
