{"leftPaddleY":0.4220348040420251,"rightPaddleY":0.3274156826738861,"ballX":0.8000967864632521,"ballY":0.8855560020871477}
