{"leftPaddleY":0.3990190946608684,"rightPaddleY":0.5816091706256491,"ballX":0.6141841981616647,"ballY":0.8019257364500959}
