{"leftPaddleY":0.42011935347545337,"rightPaddleY":0.10434726575790713,"ballX":0.6646881312754775,"ballY":0.618557016958928}
