{"leftPaddleY":0.637224449559744,"rightPaddleY":0.32899676886609375,"ballX":0.037127269145074145,"ballY":0.05583503004299724}
