{"leftPaddleY":0.8575804831705741,"rightPaddleY":0.8063709483062546,"ballX":0.563986354221029,"ballY":0.3475232783360595}
