{"leftPaddleY":0.02963657240847526,"rightPaddleY":0.3236291688792003,"ballX":0.16443258997457408,"ballY":0.11444139101109359}
