{"leftPaddleY":0.6340648556269792,"rightPaddleY":0.11944785888163646,"ballX":0.9647452167536714,"ballY":0.003063951523456742}
