{"leftPaddleY":0.24014949411094277,"rightPaddleY":0.9698602691708447,"ballX":0.8051344579630467,"ballY":0.4148405044328331}
