{"leftPaddleY":0.7318310434716487,"rightPaddleY":0.023465171023091824,"ballX":0.15845675761382197,"ballY":0.5973797921994136}
