{"leftPaddleY":0.16828197859861713,"rightPaddleY":0.8704436927836061,"ballX":0.3504584171651155,"ballY":0.36868709369533037}
