{"leftPaddleY":0.6933160712219381,"rightPaddleY":0.02041708433037017,"ballX":0.8516749791636808,"ballY":0.20722232212442654}
