{"leftPaddleY":0.4827268880315832,"rightPaddleY":0.27708775795687657,"ballX":0.9394453391656471,"ballY":0.5321708848553424}
