{"leftPaddleY":0.8451196954948494,"rightPaddleY":0.5754485714853842,"ballX":0.805730619564747,"ballY":0.6475672531772482}
