{"leftPaddleY":0.5570872277256869,"rightPaddleY":0.35078300078469826,"ballX":0.400198152158609,"ballY":0.10247521785595827}
