{"leftPaddleY":0.6922994635559475,"rightPaddleY":0.9789059317296501,"ballX":0.2094775993238375,"ballY":0.9916082951482043}
