{"leftPaddleY":0.36856549047172554,"rightPaddleY":0.47154613876526424,"ballX":0.6601659814060022,"ballY":0.8956901912428165}
