{"leftPaddleY":0.5567973975946526,"rightPaddleY":0.22476193193175442,"ballX":0.456116403275645,"ballY":0.9426188409741914}
