{"leftPaddleY":0.7561166064512089,"rightPaddleY":0.8119286011364293,"ballX":0.515844938768354,"ballY":0.16260924668838656}
