{"leftPaddleY":0.03847619919684171,"rightPaddleY":0.4568075750185343,"ballX":0.8168626366044539,"ballY":0.6759890870872841}
