{"leftPaddleY":0.5346180607878661,"rightPaddleY":0.6919612578115051,"ballX":0.9969519456721215,"ballY":0.0017008983377962937}
