{"leftPaddleY":0.29137415453177384,"rightPaddleY":0.7046803290539178,"ballX":0.5071730297502218,"ballY":0.19876372884996618}
