{"leftPaddleY":0.0990694717579961,"rightPaddleY":0.30990231316725947,"ballX":0.005883746273989816,"ballY":0.993652799114511}
