{"leftPaddleY":0.8440243428736663,"rightPaddleY":0.33418650498841146,"ballX":0.47571068637401176,"ballY":0.8325056859775178}
