{"leftPaddleY":0.08454957184836094,"rightPaddleY":0.1489909487644131,"ballX":0.24097378345223713,"ballY":0.12765440915927187}
