{"leftPaddleY":0.897103369291749,"rightPaddleY":0.34509183146781436,"ballX":0.5899930575712377,"ballY":0.0508159727742619}
