{"leftPaddleY":0.7194045962419123,"rightPaddleY":0.1643684190309074,"ballX":0.8215206103904857,"ballY":0.9254189375273651}
