{"leftPaddleY":0.061638235368164034,"rightPaddleY":0.00011693122779702283,"ballX":0.20208721897076926,"ballY":0.038428906147194464}
