{"leftPaddleY":0.11132953912238622,"rightPaddleY":0.7989958077985323,"ballX":0.4834026163748707,"ballY":0.43140563414702665}
