{"leftPaddleY":0.818432495773878,"rightPaddleY":0.46741662412700535,"ballX":0.7342613735099153,"ballY":0.6820350207796102}
