{"leftPaddleY":0.3405524820140106,"rightPaddleY":0.4129976884182421,"ballX":0.7770967529051563,"ballY":0.9744307867456371}
