{"leftPaddleY":0.042958316084978396,"rightPaddleY":0.2976528868524341,"ballX":0.843249582870683,"ballY":0.5480945765444385}
