{"leftPaddleY":0.7329328227868149,"rightPaddleY":0.7427191326114766,"ballX":0.9197288516869835,"ballY":0.9687651343525923}
