{"leftPaddleY":0.9737404596981626,"rightPaddleY":0.7323480798040629,"ballX":0.9727638257224567,"ballY":0.36923403690432105}
