{"leftPaddleY":0.786971092792601,"rightPaddleY":0.20174953358790165,"ballX":0.9340464518796118,"ballY":0.346954774724993}
