{"leftPaddleY":0.4058144841856531,"rightPaddleY":0.8572914139479151,"ballX":0.2014248350741095,"ballY":0.11572786146781036}
