{"leftPaddleY":0.03441370446756979,"rightPaddleY":0.09431579053246321,"ballX":0.30951076528915794,"ballY":0.40418929001251863}
