{"leftPaddleY":0.0698043726265325,"rightPaddleY":0.13620191454506994,"ballX":0.29828680143355185,"ballY":0.8006972021172574}
