{"leftPaddleY":0.992173740923088,"rightPaddleY":0.031925087571881644,"ballX":0.9139473203611308,"ballY":0.8695656135883527}
