{"leftPaddleY":0.3876927658981072,"rightPaddleY":0.25399130127319697,"ballX":0.47127861002494165,"ballY":0.8395052779110792}
