{"leftPaddleY":0.6577060369686554,"rightPaddleY":0.5235594220907855,"ballX":0.8391060833571464,"ballY":0.8358458345354607}
