{"leftPaddleY":0.711014703505731,"rightPaddleY":0.9613515149375671,"ballX":0.19771459140276693,"ballY":0.7300449076545337}
