{"leftPaddleY":0.46259437195004066,"rightPaddleY":0.7263132208646933,"ballX":0.4416341283156961,"ballY":0.6910047912954308}
