{"leftPaddleY":0.7652838919257753,"rightPaddleY":0.9570435523758716,"ballX":0.32368679616480567,"ballY":0.5022644173070303}
