{"leftPaddleY":0.8670391378297037,"rightPaddleY":0.8016182952656196,"ballX":0.594066420060842,"ballY":0.4792408101209152}
