{"leftPaddleY":0.34235350743096454,"rightPaddleY":0.5477126289495462,"ballX":0.5080366773398417,"ballY":0.14885681344076468}
