{"leftPaddleY":0.2845468889472101,"rightPaddleY":0.39912280439224535,"ballX":0.8597214844307118,"ballY":0.5246452676856135}
