{"leftPaddleY":0.4261337655045892,"rightPaddleY":0.721674535211327,"ballX":0.9918990568236689,"ballY":0.15766637587582802}
