{"leftPaddleY":0.41511396543553436,"rightPaddleY":0.153467540908076,"ballX":0.8786417113398849,"ballY":0.2991752922669936}
