{"leftPaddleY":0.48364014153150087,"rightPaddleY":0.14137143425129806,"ballX":0.4141350174318653,"ballY":0.11571653298432098}
