{"leftPaddleY":0.6691511868025146,"rightPaddleY":0.17993746000571273,"ballX":0.9741298933966721,"ballY":0.5802665268067269}
