{"leftPaddleY":0.8263099264221937,"rightPaddleY":0.723418959478257,"ballX":0.9195947860524565,"ballY":0.11136668902224407}
