{"leftPaddleY":0.5126243356473584,"rightPaddleY":0.01584172510297941,"ballX":0.6059753280732946,"ballY":0.9385432808561043}
