{"leftPaddleY":0.08149550913855502,"rightPaddleY":0.9511758078362557,"ballX":0.5255665131400985,"ballY":0.4961686378047934}
