{"leftPaddleY":0.43469044489853226,"rightPaddleY":0.15863358920646195,"ballX":0.040850394857785764,"ballY":0.716869651053747}
