{"leftPaddleY":0.8857416503984528,"rightPaddleY":0.7435196935420553,"ballX":0.047783250262446265,"ballY":0.4403641060515548}
