{"leftPaddleY":0.3715970542848478,"rightPaddleY":0.50011354807017,"ballX":0.6137846409213259,"ballY":0.28926190412607716}
