{"leftPaddleY":0.7202140637887083,"rightPaddleY":0.28108754088429455,"ballX":0.6469657555108907,"ballY":0.5886441300453504}
