{"leftPaddleY":0.07917653099516783,"rightPaddleY":0.5098353550720033,"ballX":0.34572365901023366,"ballY":0.0939403450269733}
