{"leftPaddleY":0.06077012606872306,"rightPaddleY":0.07572097737912904,"ballX":0.4280710500170018,"ballY":0.16050020092793307}
