{"leftPaddleY":0.4614673278442723,"rightPaddleY":0.8767865607278946,"ballX":0.1991736116642649,"ballY":0.5217357436475418}
