{"leftPaddleY":0.009590747978974324,"rightPaddleY":0.9176481522168454,"ballX":0.44313345176671304,"ballY":0.8474935045706925}
