{"leftPaddleY":0.3053333710416417,"rightPaddleY":0.3273551319540514,"ballX":0.03601983919106172,"ballY":0.0889748574498933}
