{"leftPaddleY":0.7397808906473528,"rightPaddleY":0.32665665551045237,"ballX":0.2632504204148076,"ballY":0.8558108225349835}
