{"leftPaddleY":0.8975081759533128,"rightPaddleY":0.5612211374304656,"ballX":0.2537029316308054,"ballY":0.025830867498003587}
