{"leftPaddleY":0.6778028285168375,"rightPaddleY":0.4484013754593846,"ballX":0.7316284115354883,"ballY":0.7460714514404888}
