{"leftPaddleY":0.1173515562947775,"rightPaddleY":0.4139461369602631,"ballX":0.7881648846100898,"ballY":0.7626593722593386}
