{"leftPaddleY":0.688899742220807,"rightPaddleY":0.5289236179706751,"ballX":0.7094798521722484,"ballY":0.03650763025479149}
