{"leftPaddleY":0.5876316348628577,"rightPaddleY":0.06794852301742893,"ballX":0.3563171874193483,"ballY":0.3643080558783912}
