{"leftPaddleY":0.9413258356233546,"rightPaddleY":0.5745689482227846,"ballX":0.335824351302179,"ballY":0.18855318049748643}
