{"leftPaddleY":0.365750674167362,"rightPaddleY":0.9265336064768476,"ballX":0.12091215045571682,"ballY":0.710440205032488}
