{"leftPaddleY":0.8747777958871521,"rightPaddleY":0.9567198696195984,"ballX":0.3814029277711235,"ballY":0.902240435156193}
