{"leftPaddleY":0.4748402806067617,"rightPaddleY":0.27468311686874225,"ballX":0.010538422604822932,"ballY":0.6202594745695559}
