{"leftPaddleY":0.17253272719670912,"rightPaddleY":0.7416455493234546,"ballX":0.5168325635298506,"ballY":0.6205992820180485}
