{"leftPaddleY":0.04030110669184648,"rightPaddleY":0.5878225012340698,"ballX":0.4049705265517859,"ballY":0.5897348810256031}
