{"leftPaddleY":0.49109368744678034,"rightPaddleY":0.44400229248901824,"ballX":0.8501189839367208,"ballY":0.7312516949112685}
