{"leftPaddleY":0.39085140979155486,"rightPaddleY":0.695904308562321,"ballX":0.12688723761786008,"ballY":0.3407447928286264}
