{"leftPaddleY":0.10266874691019065,"rightPaddleY":0.13715824974772,"ballX":0.3102750525703564,"ballY":0.9334987276648168}
