{"leftPaddleY":0.45774262465138477,"rightPaddleY":0.6305702882143779,"ballX":0.10910233011735143,"ballY":0.01325112591161774}
