{"leftPaddleY":0.06542922822262494,"rightPaddleY":0.21453007340333172,"ballX":0.4874651522213632,"ballY":0.20354628159099733}
