{"leftPaddleY":0.7715165730146202,"rightPaddleY":0.6709242328169885,"ballX":0.6110758441178514,"ballY":0.5552928838713123}
