{"leftPaddleY":0.6491086997374327,"rightPaddleY":0.22756578854780773,"ballX":0.6605879245056144,"ballY":0.29563985345649885}
