{"leftPaddleY":0.018762686567145186,"rightPaddleY":0.6594888211448653,"ballX":0.7978138059773601,"ballY":0.9991947660545639}
