{"leftPaddleY":0.3573352385203887,"rightPaddleY":0.5494221469181084,"ballX":0.6676671258897641,"ballY":0.017044676302448814}
