{"leftPaddleY":0.9093722275020832,"rightPaddleY":0.944226483409645,"ballX":0.8167680587403808,"ballY":0.9612943293923136}
