{"leftPaddleY":0.5508602799225417,"rightPaddleY":0.219514260964164,"ballX":0.19586197089883015,"ballY":0.24076094505343837}
