{"leftPaddleY":0.7447275084177677,"rightPaddleY":0.9089788285535194,"ballX":0.39670299271045384,"ballY":0.6436404494619191}
