{"leftPaddleY":0.868940830328568,"rightPaddleY":0.9379789291260949,"ballX":0.8974087523785856,"ballY":0.12166994883162909}
