{"leftPaddleY":0.43116401693673745,"rightPaddleY":0.7493234305312113,"ballX":0.8720826437112151,"ballY":0.010404906865515446}
