{"leftPaddleY":0.1023279784494179,"rightPaddleY":0.2624063718805513,"ballX":0.8928225878656681,"ballY":0.1900901892421738}
