{"leftPaddleY":0.9159382878882016,"rightPaddleY":0.6616032076592121,"ballX":0.3055909903226837,"ballY":0.276653385449043}
