{"leftPaddleY":0.5823085342723605,"rightPaddleY":0.8986648408109988,"ballX":0.3974862641991913,"ballY":0.7118075660899403}
