{"leftPaddleY":0.503526094360376,"rightPaddleY":0.24777982614826516,"ballX":0.4551412721176289,"ballY":0.28954525867209197}
