{"leftPaddleY":0.8516654421924074,"rightPaddleY":0.1333287701513279,"ballX":0.11521645364672362,"ballY":0.9978205658427309}
