{"leftPaddleY":0.3095015202081023,"rightPaddleY":0.4339759103269131,"ballX":0.09665784232153456,"ballY":0.45510790209531243}
