{"leftPaddleY":0.5926694774592659,"rightPaddleY":0.9671093146067584,"ballX":0.2962241958626698,"ballY":0.4018447591732514}
