{"leftPaddleY":0.9965926556952283,"rightPaddleY":0.9584719464892036,"ballX":0.3144110874417381,"ballY":0.02874647437348033}
