{"leftPaddleY":0.5224463426116971,"rightPaddleY":0.32568828748296524,"ballX":0.2427239107271294,"ballY":0.7123526911969595}
