{"leftPaddleY":0.13532545888288675,"rightPaddleY":0.7974637668597462,"ballX":0.31522156116963734,"ballY":0.08253193724625257}
