{"leftPaddleY":0.9699149791376799,"rightPaddleY":0.7057551951834228,"ballX":0.9573194833853637,"ballY":0.21838706755861342}
