{"leftPaddleY":0.18299000901658408,"rightPaddleY":0.3241077839034653,"ballX":0.0693182288222462,"ballY":0.9798811023604668}
