{"leftPaddleY":0.9843806889301568,"rightPaddleY":0.511428590306366,"ballX":0.7591576600892633,"ballY":0.4710789459083029}
