{"leftPaddleY":0.3582818520953701,"rightPaddleY":0.031801857727564116,"ballX":0.9733280152107435,"ballY":0.8414767922593496}
