{"leftPaddleY":0.6034548348987671,"rightPaddleY":0.9389481231725018,"ballX":0.25079519781671694,"ballY":0.8030025300798665}
