{"leftPaddleY":0.7448220388694073,"rightPaddleY":0.7159723913999846,"ballX":0.14256642803458855,"ballY":0.1524004071253639}
