{"leftPaddleY":0.6663082712649177,"rightPaddleY":0.5111564240095487,"ballX":0.7020180490782141,"ballY":0.732473245388653}
