{"leftPaddleY":0.3604452706027732,"rightPaddleY":0.2895360830586243,"ballX":0.459121487871685,"ballY":0.5093937931590293}
