{"leftPaddleY":0.8859922865199669,"rightPaddleY":0.6066018174087192,"ballX":0.44524763546312646,"ballY":0.616458565602322}
