{"leftPaddleY":0.5163179391414736,"rightPaddleY":0.9085459710870847,"ballX":0.01834219415362575,"ballY":0.7987700113494263}
