{"leftPaddleY":0.8750108271794664,"rightPaddleY":0.6516036965712662,"ballX":0.540016952446688,"ballY":0.06643333579650997}
