{"leftPaddleY":0.17965728248935114,"rightPaddleY":0.24597265714757316,"ballX":0.039713725100249786,"ballY":0.6608768866975213}
