{"leftPaddleY":0.0790927385808369,"rightPaddleY":0.4820466836646376,"ballX":0.807245782378848,"ballY":0.6996866041546435}
