{"leftPaddleY":0.3499836895523199,"rightPaddleY":0.6971510619463273,"ballX":0.891162602141601,"ballY":0.77444876511479}
