{"leftPaddleY":0.8587520012146679,"rightPaddleY":0.44326827099284044,"ballX":0.6615678856519264,"ballY":0.10452777619880851}
