{"leftPaddleY":0.08660410592591482,"rightPaddleY":0.4137833118923448,"ballX":0.34319903558620385,"ballY":0.15259039898167803}
