{"leftPaddleY":0.020714708261519683,"rightPaddleY":0.9126924630709644,"ballX":0.910449691837513,"ballY":0.11809862943959522}
