{"leftPaddleY":0.05972160096819975,"rightPaddleY":0.8133536494606792,"ballX":0.04170589239723382,"ballY":0.28952863642986476}
