{"leftPaddleY":0.16722280092030875,"rightPaddleY":0.9862878027225779,"ballX":0.8789135538018576,"ballY":0.24353076850498942}
