{"leftPaddleY":0.9437299151010466,"rightPaddleY":0.6655826970853904,"ballX":0.38237193044894674,"ballY":0.5627943520994025}
