{"leftPaddleY":0.5365118264715326,"rightPaddleY":0.5722623818036358,"ballX":0.3553730490176773,"ballY":0.4985271857613746}
