{"leftPaddleY":0.6410403122822931,"rightPaddleY":0.9737113988960666,"ballX":0.4351719207366237,"ballY":0.1895263939268092}
