{"leftPaddleY":0.07625220722785858,"rightPaddleY":0.7353939201878108,"ballX":0.24955905279824744,"ballY":0.1229250750855228}
