{"leftPaddleY":0.7988689153205906,"rightPaddleY":0.4421653753616834,"ballX":0.8263292865668161,"ballY":0.9584494226865977}
