{"leftPaddleY":0.5166499165401554,"rightPaddleY":0.6301819099022019,"ballX":0.4144909638409939,"ballY":0.43007655327459654}
