{"leftPaddleY":0.39382705519786465,"rightPaddleY":0.10000962450508045,"ballX":0.36411958712927156,"ballY":0.06218880723214777}
