{"leftPaddleY":0.5417716670508862,"rightPaddleY":0.41424943469798875,"ballX":0.11886457448136704,"ballY":0.7376033171922107}
