{"leftPaddleY":0.9126621085293217,"rightPaddleY":0.5050766393149785,"ballX":0.4816050683150264,"ballY":0.8072251591720493}
