{"leftPaddleY":0.025418247172555315,"rightPaddleY":0.5394726478141681,"ballX":0.2789881050257211,"ballY":0.9804233079682676}
