{"leftPaddleY":0.11816146545565005,"rightPaddleY":0.13297950664282426,"ballX":0.04744790397194154,"ballY":0.884210412512503}
