{"leftPaddleY":0.24726050739453478,"rightPaddleY":0.26612809372946455,"ballX":0.9299610051132381,"ballY":0.8704236872902061}
