{"leftPaddleY":0.3384416530238444,"rightPaddleY":0.4065021056701372,"ballX":0.7755512354393772,"ballY":0.38064410831370915}
