{"leftPaddleY":0.0147326748102571,"rightPaddleY":0.5922584756200473,"ballX":0.21879204206385477,"ballY":0.2990141230826543}
