{"leftPaddleY":0.5316930259456921,"rightPaddleY":0.8837783763678577,"ballX":0.9601824819459559,"ballY":0.6664398477176742}
