{"leftPaddleY":0.5270828503911877,"rightPaddleY":0.3393473187127888,"ballX":0.47594953747578583,"ballY":0.31851828233826074}
