{"leftPaddleY":0.6306760735615013,"rightPaddleY":0.23365982052767204,"ballX":0.9029980176960523,"ballY":0.8870698186437594}
