{"leftPaddleY":0.27295875749080567,"rightPaddleY":0.6895201338809686,"ballX":0.4953273694783138,"ballY":0.051835687882005335}
