{"leftPaddleY":0.6816851054773002,"rightPaddleY":0.6837438347042459,"ballX":0.398019902492814,"ballY":0.6918752260027196}
