{"leftPaddleY":0.7697602501847726,"rightPaddleY":0.31867663560141013,"ballX":0.4819515181397022,"ballY":0.5292148224703216}
