{"leftPaddleY":0.053752360064441916,"rightPaddleY":0.7830340464180585,"ballX":0.6547253988871188,"ballY":0.6750963479677747}
