{"leftPaddleY":0.6952948322868902,"rightPaddleY":0.2205558284620196,"ballX":0.47594195035206693,"ballY":0.6838052935138391}
