{"leftPaddleY":0.27593867266140115,"rightPaddleY":0.8348078099212521,"ballX":0.9569822898777297,"ballY":0.8184299817886656}
