{"leftPaddleY":0.054266601608121974,"rightPaddleY":0.04798398818581056,"ballX":0.8639004759438447,"ballY":0.23652603196599362}
