{"leftPaddleY":0.4363337872899161,"rightPaddleY":0.3592111542811416,"ballX":0.6498638192793678,"ballY":0.7542796246951583}
