{"leftPaddleY":0.1608059128869926,"rightPaddleY":0.6107671926160032,"ballX":0.3497692658944475,"ballY":0.40656139633115407}
