{"leftPaddleY":0.7508515807030168,"rightPaddleY":0.9024385549923873,"ballX":0.538212830140479,"ballY":0.09123581132306503}
