{"leftPaddleY":0.37546044092351777,"rightPaddleY":0.09187190295530574,"ballX":0.2758071018224269,"ballY":0.7119672876660837}
