{"leftPaddleY":0.998129232021637,"rightPaddleY":0.9514778601848733,"ballX":0.3035970622252448,"ballY":0.7870620336217117}
