{"leftPaddleY":0.3467558920031843,"rightPaddleY":0.3700743810500265,"ballX":0.4940879945101668,"ballY":0.792304274060395}
