{"leftPaddleY":0.8773530359695882,"rightPaddleY":0.8213784076821776,"ballX":0.23243719052923456,"ballY":0.8813086848562365}
