{"leftPaddleY":0.47601726253709364,"rightPaddleY":0.9968920911286839,"ballX":0.13558257450043554,"ballY":0.27202188008172323}
