{"leftPaddleY":0.8512577262354118,"rightPaddleY":0.044204647959507314,"ballX":0.07907021740118914,"ballY":0.07235048282614438}
