{"leftPaddleY":0.32457633082936166,"rightPaddleY":0.19693591987896852,"ballX":0.8316048499652317,"ballY":0.2082229493452458}
