{"leftPaddleY":0.7665264506209927,"rightPaddleY":0.3932803496850583,"ballX":0.8244568543349237,"ballY":0.234461392774137}
