{"leftPaddleY":0.6505041938741155,"rightPaddleY":0.07228995517512699,"ballX":0.6894831207031141,"ballY":0.9126214254179039}
