{"leftPaddleY":0.10300320860096397,"rightPaddleY":0.07851005749110232,"ballX":0.9089467094194549,"ballY":0.8212151030661674}
