{"leftPaddleY":0.3765720488447392,"rightPaddleY":0.4395496691213741,"ballX":0.6930934020657932,"ballY":0.13489077731947433}
