{"leftPaddleY":0.7325892846827551,"rightPaddleY":0.8305130776421981,"ballX":0.015476959511177063,"ballY":0.013051164784812563}
