{"leftPaddleY":0.35525828122251396,"rightPaddleY":0.441437525948748,"ballX":0.2199688857612617,"ballY":0.40511894537464777}
