{"leftPaddleY":0.8146621567002899,"rightPaddleY":0.06037663438945202,"ballX":0.258354397454465,"ballY":0.8394548999687816}
