{"leftPaddleY":0.8428633853205553,"rightPaddleY":0.06987548031949309,"ballX":0.407047837648421,"ballY":0.17616383163778457}
