{"leftPaddleY":0.7709612476774383,"rightPaddleY":0.6970996735559837,"ballX":0.3487813116879785,"ballY":0.3239846570594893}
