{"leftPaddleY":0.8126885512266134,"rightPaddleY":0.5491621619722608,"ballX":0.17875053885726938,"ballY":0.5036314003804236}
