{"leftPaddleY":0.6236520321761928,"rightPaddleY":0.8280174039997165,"ballX":0.19964621504502164,"ballY":0.6163478428225815}
