{"leftPaddleY":0.45180394530485585,"rightPaddleY":0.205194239359668,"ballX":0.23543771003876804,"ballY":0.41380055546389166}
