{"leftPaddleY":0.04896528314713269,"rightPaddleY":0.9785886494915457,"ballX":0.5572752308134038,"ballY":0.951784435072884}
