{"leftPaddleY":0.3426226494177179,"rightPaddleY":0.8662829686258658,"ballX":0.6525731845139329,"ballY":0.24742511868849607}
