{"leftPaddleY":0.7574760904167712,"rightPaddleY":0.5195749554432105,"ballX":0.7466500652178892,"ballY":0.5157753703015833}
