{"leftPaddleY":0.1448748608314153,"rightPaddleY":0.2669750561285211,"ballX":0.038479125703645325,"ballY":0.6836594443534146}
