{"leftPaddleY":0.9395763879451781,"rightPaddleY":0.01757626801176276,"ballX":0.7645679419898769,"ballY":0.5044674660711979}
