{"leftPaddleY":0.8102741983719381,"rightPaddleY":0.8258503734540038,"ballX":0.4190672002622583,"ballY":0.08038492310975935}
