{"leftPaddleY":0.9252871412521156,"rightPaddleY":0.78956274239857,"ballX":0.201317161408946,"ballY":0.6225048414300667}
