{"leftPaddleY":0.5908548464286564,"rightPaddleY":0.6223326892041067,"ballX":0.45103255056056285,"ballY":0.5245855849785895}
