{"leftPaddleY":0.7516408099192402,"rightPaddleY":0.9945378396480834,"ballX":0.9846327967214662,"ballY":0.5203408301808397}
