{"leftPaddleY":0.07257624224916306,"rightPaddleY":0.40222761417932096,"ballX":0.177041003882455,"ballY":0.9776082112355925}
