{"leftPaddleY":0.41260560877773417,"rightPaddleY":0.18920823757681757,"ballX":0.8624318781768018,"ballY":0.18400572306152055}
