{"leftPaddleY":0.7488904795431511,"rightPaddleY":0.3763762936668742,"ballX":0.22221595649123702,"ballY":0.7572369263350199}
