{"leftPaddleY":0.37587872213040796,"rightPaddleY":0.651722031378487,"ballX":0.5713205830758097,"ballY":0.08457725800382214}
