{"leftPaddleY":0.9258827700257898,"rightPaddleY":0.24536342902350342,"ballX":0.162278115882135,"ballY":0.9419651706165718}
