{"leftPaddleY":0.5774914201789123,"rightPaddleY":0.3246119587961723,"ballX":0.7292364683647171,"ballY":0.010396992537855011}
