{"leftPaddleY":0.4378349923483571,"rightPaddleY":0.09312656995560219,"ballX":0.29530638882431415,"ballY":0.14686590918606904}
