{"leftPaddleY":0.31518951805292045,"rightPaddleY":0.5409734430223319,"ballX":0.8104586008228116,"ballY":0.9097888400778785}
