{"leftPaddleY":0.16636882181555512,"rightPaddleY":0.3503915261160342,"ballX":0.13976995558098995,"ballY":0.1423930807843437}
