{"leftPaddleY":0.85012593526298,"rightPaddleY":0.8089395536857312,"ballX":0.14340472829749887,"ballY":0.20472238023358608}
