{"leftPaddleY":0.8188791280947795,"rightPaddleY":0.17589295937682345,"ballX":0.9764757686623473,"ballY":0.9712444091811308}
