{"leftPaddleY":0.44039682051206264,"rightPaddleY":0.6682576219574484,"ballX":0.7379045226705069,"ballY":0.7759960272305901}
