{"leftPaddleY":0.2793960169114377,"rightPaddleY":0.4581902143121606,"ballX":0.4904356427422025,"ballY":0.40304099561630924}
