{"leftPaddleY":0.13827301300809738,"rightPaddleY":0.6701311920768072,"ballX":0.47129241118526477,"ballY":0.6127840059798749}
