{"leftPaddleY":0.6168499899253158,"rightPaddleY":0.20867340019968533,"ballX":0.9743466954616243,"ballY":0.004445311801124124}
