{"leftPaddleY":0.06465020996280346,"rightPaddleY":0.19452591329087054,"ballX":0.7883411383919867,"ballY":0.9491579153530282}
