{"leftPaddleY":0.7052508170421526,"rightPaddleY":0.9864665344616474,"ballX":0.9543991625737303,"ballY":0.309575467228971}
