{"leftPaddleY":0.7338771847079415,"rightPaddleY":0.5394144899393581,"ballX":0.49279703999655244,"ballY":0.8603039352771992}
