{"leftPaddleY":0.4825480274022397,"rightPaddleY":0.40286900003786047,"ballX":0.6685614924676397,"ballY":0.1481033172463057}
