{"leftPaddleY":0.4757176608803283,"rightPaddleY":0.2357558079151351,"ballX":0.44234549198210477,"ballY":0.7255530386561309}
