{"leftPaddleY":0.6162775798956983,"rightPaddleY":0.9328856895341916,"ballX":0.9186306006165565,"ballY":0.9557378584084812}
