{"leftPaddleY":0.7882575707358873,"rightPaddleY":0.29382156670559934,"ballX":0.05680470262111717,"ballY":0.5941798782909704}
