{"leftPaddleY":0.11777830955047813,"rightPaddleY":0.7113208088816612,"ballX":0.7108818106724668,"ballY":0.7869995772315681}
