{"leftPaddleY":0.04034562285002336,"rightPaddleY":0.3584863497657504,"ballX":0.25784156535381075,"ballY":0.9194699684844835}
