{"leftPaddleY":0.12036273386798742,"rightPaddleY":0.41030793741201715,"ballX":0.7043371290892511,"ballY":0.21464022246868075}
