{"leftPaddleY":0.5994754662853066,"rightPaddleY":0.9582502257970238,"ballX":0.8485704694967952,"ballY":0.7673532127721813}
