{"leftPaddleY":0.8472983069675216,"rightPaddleY":0.421434665098037,"ballX":0.9929009710111905,"ballY":0.6021367316379272}
