{"leftPaddleY":0.13939301636578727,"rightPaddleY":0.7407427332536901,"ballX":0.35111075054318774,"ballY":0.6772077862905398}
