{"leftPaddleY":0.3848507233462329,"rightPaddleY":0.38518911824719837,"ballX":0.5871289347434604,"ballY":0.05591158250055403}
