{"leftPaddleY":0.7074735068012649,"rightPaddleY":0.24022644451193442,"ballX":0.5175437795420189,"ballY":0.2972610426843639}
