{"leftPaddleY":0.3970227890336421,"rightPaddleY":0.608118053856548,"ballX":0.5644620691691713,"ballY":0.9859836128897974}
