{"leftPaddleY":0.8416075003349935,"rightPaddleY":0.8272898694285298,"ballX":0.9383190370411336,"ballY":0.7813447718661208}
