{"leftPaddleY":0.8991338235276854,"rightPaddleY":0.8462392078951972,"ballX":0.16440255943723567,"ballY":0.2595016515089591}
