{"leftPaddleY":0.5653448351475027,"rightPaddleY":0.6108622123246376,"ballX":0.5864256009583797,"ballY":0.43357422660573264}
