{"leftPaddleY":0.31256527629486347,"rightPaddleY":0.893162802707075,"ballX":0.9518690416702085,"ballY":0.3816670950100866}
