{"leftPaddleY":0.8706203000613132,"rightPaddleY":0.3287124547834599,"ballX":0.509625613477493,"ballY":0.7369248559975216}
