{"leftPaddleY":0.1375222521545672,"rightPaddleY":0.6195707776949065,"ballX":0.4799762584435438,"ballY":0.34041781989495395}
