{"leftPaddleY":0.13963446634828483,"rightPaddleY":0.5706167316716664,"ballX":0.06745272772500126,"ballY":0.3019668857978381}
