{"leftPaddleY":0.8926273747112706,"rightPaddleY":0.2714093552983395,"ballX":0.8502456505565498,"ballY":0.5185069674582998}
