{"leftPaddleY":0.15523673865404883,"rightPaddleY":0.8671853266281108,"ballX":0.7137044280260355,"ballY":0.9134330003115083}
