{"leftPaddleY":0.3816925195692262,"rightPaddleY":0.4119893075769215,"ballX":0.011192893388944868,"ballY":0.2492170782579984}
