{"leftPaddleY":0.0565455741070751,"rightPaddleY":0.15128871088025833,"ballX":0.4752189326407502,"ballY":0.008450281317273866}
