{"leftPaddleY":0.026053197268641852,"rightPaddleY":0.8224192076677073,"ballX":0.3473917538051969,"ballY":0.47209322910772156}
