{"leftPaddleY":0.6783434724455351,"rightPaddleY":0.12012118665128353,"ballX":0.43653511843522347,"ballY":0.19632791372411929}
