{"leftPaddleY":0.5133289143773571,"rightPaddleY":0.4624091982242073,"ballX":0.7780010639479888,"ballY":0.401248141772249}
