{"leftPaddleY":0.5410201588119613,"rightPaddleY":0.9194136669640548,"ballX":0.6570762478994934,"ballY":0.03394429067766498}
