{"leftPaddleY":0.9684575496069878,"rightPaddleY":0.6485562886416589,"ballX":0.4864194865094058,"ballY":0.20983671447932956}
