{"leftPaddleY":0.5875121792201581,"rightPaddleY":0.32727692066088526,"ballX":0.3127698921147673,"ballY":0.2021692284150876}
