{"leftPaddleY":0.6576437903824862,"rightPaddleY":0.3302061055315198,"ballX":0.7586024079110945,"ballY":0.4387740057090506}
