{"leftPaddleY":0.453961287468189,"rightPaddleY":0.07650226832316606,"ballX":0.956726801707773,"ballY":0.5267960604421325}
