{"leftPaddleY":0.924200794019279,"rightPaddleY":0.8950416144820317,"ballX":0.580333688396019,"ballY":0.8649331827248439}
