{"leftPaddleY":0.3019880126526921,"rightPaddleY":0.6459237379648974,"ballX":0.22136288624407682,"ballY":0.8715855431501368}
