{"leftPaddleY":0.7992278866943004,"rightPaddleY":0.44767915929362934,"ballX":0.6019523535608668,"ballY":0.4495838696874719}
