{"leftPaddleY":0.7770475769192899,"rightPaddleY":0.934739706906479,"ballX":0.9820412390730312,"ballY":0.05284689572735861}
