{"leftPaddleY":0.20052894941398106,"rightPaddleY":0.5863020156549156,"ballX":0.8147186600366035,"ballY":0.23863299420039108}
