{"leftPaddleY":0.7044807290662666,"rightPaddleY":0.7818802966814477,"ballX":0.832888435406724,"ballY":0.3494398365070656}
