{"leftPaddleY":0.16829962759508896,"rightPaddleY":0.3176925565274488,"ballX":0.3575822825181356,"ballY":0.2163565744463582}
