{"leftPaddleY":0.20397083357243523,"rightPaddleY":0.46956871684856766,"ballX":0.20471407673947736,"ballY":0.17841157742801217}
