{"leftPaddleY":0.2670954103549535,"rightPaddleY":0.004505849346066612,"ballX":0.9003473650093541,"ballY":0.31435135206925807}
