{"leftPaddleY":0.41098277913580256,"rightPaddleY":0.48361169168911045,"ballX":0.5159891376111868,"ballY":0.8285225856208223}
