{"leftPaddleY":0.03642928593140531,"rightPaddleY":0.4891172022806378,"ballX":0.29912785400591024,"ballY":0.8054255327121538}
