{"leftPaddleY":0.3062854743204334,"rightPaddleY":0.37889132919279783,"ballX":0.0603390523851165,"ballY":0.5691938681086578}
