{"leftPaddleY":0.8364370119831287,"rightPaddleY":0.2329964048419163,"ballX":0.761705291894992,"ballY":0.42364971311897065}
