{"leftPaddleY":0.7845412024503928,"rightPaddleY":0.6037101128126744,"ballX":0.36581408527133796,"ballY":0.06286734785372007}
