{"leftPaddleY":0.04122356386785124,"rightPaddleY":0.14165041219765048,"ballX":0.971352021424359,"ballY":0.7461463950343901}
