{"leftPaddleY":0.5038555724766028,"rightPaddleY":0.8230960177925222,"ballX":0.6941177615667038,"ballY":0.49388975725686274}
