{"leftPaddleY":0.2574431349130526,"rightPaddleY":0.4794815514839599,"ballX":0.6215446112978044,"ballY":0.478120542491184}
