{"leftPaddleY":0.9073409955961567,"rightPaddleY":0.28063868585673457,"ballX":0.9077636597606554,"ballY":0.4715543333122217}
