{"leftPaddleY":0.4653074078439937,"rightPaddleY":0.07197319748147422,"ballX":0.3631712004986046,"ballY":0.7474088858299651}
