{"leftPaddleY":0.39318829985023734,"rightPaddleY":0.5624046183287108,"ballX":0.6731444565406774,"ballY":0.29452249266780084}
