{"leftPaddleY":0.8133406275679634,"rightPaddleY":0.27242282708608534,"ballX":0.8434845994272074,"ballY":0.7249460976091487}
