{"leftPaddleY":0.034097312481829456,"rightPaddleY":0.6425166371313777,"ballX":0.34256235352577097,"ballY":0.19830405211710242}
