{"leftPaddleY":0.3977551704694119,"rightPaddleY":0.6833369698278559,"ballX":0.7824677330841274,"ballY":0.9287134312013475}
