{"leftPaddleY":0.9926847225462382,"rightPaddleY":0.21802778385691368,"ballX":0.5912865599836971,"ballY":0.6894813481931332}
