{"leftPaddleY":0.3708245614131599,"rightPaddleY":0.876315203820723,"ballX":0.6537845553980592,"ballY":0.6074406497700491}
