{"leftPaddleY":0.9866493947154343,"rightPaddleY":0.7136199827065239,"ballX":0.8702752522413946,"ballY":0.3914428501057107}
