{"leftPaddleY":0.17088625914890293,"rightPaddleY":0.24877560372782234,"ballX":0.6604550591211419,"ballY":0.5807099871449147}
