{"leftPaddleY":0.6044524643589164,"rightPaddleY":0.8749852227508196,"ballX":0.10104563473492342,"ballY":0.20862663174036875}
