{"leftPaddleY":0.0597252056116374,"rightPaddleY":0.9723709251555476,"ballX":0.8680989616749382,"ballY":0.03148853839206104}
