{"leftPaddleY":0.739645844929298,"rightPaddleY":0.12067764548689318,"ballX":0.13241205113329022,"ballY":0.8171585722593669}
