{"leftPaddleY":0.3169212061886017,"rightPaddleY":0.48824145844026384,"ballX":0.8193408790675393,"ballY":0.9321433219301081}
