{"leftPaddleY":0.9795874013176192,"rightPaddleY":0.013689181728271735,"ballX":0.9979579427012455,"ballY":0.5350920395297815}
