{"leftPaddleY":0.9888821924768983,"rightPaddleY":0.19984810748516624,"ballX":0.2944537347325677,"ballY":0.6549386580104262}
