{"leftPaddleY":0.3866077668732541,"rightPaddleY":0.8424296225345589,"ballX":0.8045372495742332,"ballY":0.05855455486396321}
