{"leftPaddleY":0.4246202219961826,"rightPaddleY":0.018104435185217996,"ballX":0.9438953721356879,"ballY":0.409672611517168}
