{"leftPaddleY":0.5625965669901487,"rightPaddleY":0.44324509234727777,"ballX":0.9591824206918868,"ballY":0.5271200839923367}
