{"leftPaddleY":0.5876325925513806,"rightPaddleY":0.18281647147776423,"ballX":0.9424997721575238,"ballY":0.03586215530764696}
