{"leftPaddleY":0.7471893006844161,"rightPaddleY":0.7595545403734091,"ballX":0.01879318487171339,"ballY":0.12541246829739353}
