{"leftPaddleY":0.1939781243989599,"rightPaddleY":0.14523043944441508,"ballX":0.23409244981821112,"ballY":0.7649773578999148}
