{"leftPaddleY":0.44381359364886175,"rightPaddleY":0.19876433972464075,"ballX":0.9500179655798812,"ballY":0.5863093358798566}
