{"leftPaddleY":0.04093821711353772,"rightPaddleY":0.26850692122790004,"ballX":0.38955307754366275,"ballY":0.9812512135641711}
