{"leftPaddleY":0.019634876638358077,"rightPaddleY":0.16921428652689266,"ballX":0.9578638070674751,"ballY":0.46575945123428514}
