{"leftPaddleY":0.2746673934422838,"rightPaddleY":0.7224605137503832,"ballX":0.3413208212987921,"ballY":0.06496220405318796}
