{"leftPaddleY":0.590190647533278,"rightPaddleY":0.4269912292269242,"ballX":0.48121355960688555,"ballY":0.07608916606386981}
