{"leftPaddleY":0.3794602234199282,"rightPaddleY":0.5780622922633203,"ballX":0.526321242402987,"ballY":0.8662131425096256}
