{"leftPaddleY":0.8574163023424686,"rightPaddleY":0.6050478344386021,"ballX":0.17204906925016492,"ballY":0.8477568532819165}
