{"leftPaddleY":0.7405039376688605,"rightPaddleY":0.0961537789354394,"ballX":0.809656416904015,"ballY":0.4283184393357445}
