{"leftPaddleY":0.7054875519109914,"rightPaddleY":0.536768015801381,"ballX":0.5296635889247173,"ballY":0.2937900661144892}
