{"leftPaddleY":0.7794886845359474,"rightPaddleY":0.9367818157831346,"ballX":0.29934721649671225,"ballY":0.1603622677552802}
