{"leftPaddleY":0.35591683194295715,"rightPaddleY":0.6448913160507513,"ballX":0.6454215356848761,"ballY":0.32138596823596116}
