{"leftPaddleY":0.1935505023881791,"rightPaddleY":0.8869433230794644,"ballX":0.12312416262808416,"ballY":0.1925879544615866}
