{"leftPaddleY":0.6429666888028133,"rightPaddleY":0.9272072730276523,"ballX":0.09319775766978838,"ballY":0.4849297055153335}
