{"leftPaddleY":0.5971944574531473,"rightPaddleY":0.5511961068607306,"ballX":0.6182196556019086,"ballY":0.16978746449522705}
