{"leftPaddleY":0.5562262596234471,"rightPaddleY":0.9293456118845033,"ballX":0.47305452425167027,"ballY":0.22966721586284855}
