{"leftPaddleY":0.7217505722759009,"rightPaddleY":0.4869618212198352,"ballX":0.067815763516011,"ballY":0.882613555629547}
