{"leftPaddleY":0.9530315328710043,"rightPaddleY":0.26795006262853427,"ballX":0.21735286824895383,"ballY":0.40007724077984835}
