{"leftPaddleY":0.7780555347797177,"rightPaddleY":0.42844809002179407,"ballX":0.5050191029680278,"ballY":0.30744590799222526}
