{"leftPaddleY":0.056172606928466,"rightPaddleY":0.00920502242682101,"ballX":0.6559898427839564,"ballY":0.46222339611451835}
