{"leftPaddleY":0.5437268983280197,"rightPaddleY":0.11189310322669638,"ballX":0.21598018529122187,"ballY":0.12591724474129082}
