{"leftPaddleY":0.8590509110296326,"rightPaddleY":0.5963575134839431,"ballX":0.870261370000663,"ballY":0.10812442349272332}
