{"leftPaddleY":0.11450187210977017,"rightPaddleY":0.6808431936162764,"ballX":0.22387041429026971,"ballY":0.7528039176278375}
