{"leftPaddleY":0.9435328806411339,"rightPaddleY":0.9271722112222185,"ballX":0.047249015784248685,"ballY":0.34031457306591834}
