{"leftPaddleY":0.7721672761632494,"rightPaddleY":0.2961757176445426,"ballX":0.500042430728589,"ballY":0.2638202446647321}
