{"leftPaddleY":0.568629561385731,"rightPaddleY":0.25024413468793016,"ballX":0.0585519395796585,"ballY":0.6314241027838119}
