{"leftPaddleY":0.5334152921223262,"rightPaddleY":0.5549236132437196,"ballX":0.6273010115825867,"ballY":0.5406681746316951}
