{"leftPaddleY":0.4074390014725773,"rightPaddleY":0.5907517311747463,"ballX":0.38307037962920204,"ballY":0.19359536225850793}
