{"leftPaddleY":0.6986517532491499,"rightPaddleY":0.9113290530668917,"ballX":0.3910688647526586,"ballY":0.25630578260172765}
