{"leftPaddleY":0.583546295604963,"rightPaddleY":0.1983429232536363,"ballX":0.13906841255099972,"ballY":0.9252804797781072}
