{"leftPaddleY":0.15333447161487224,"rightPaddleY":0.5931332489748029,"ballX":0.2084800679416409,"ballY":0.35983943493479476}
