{"leftPaddleY":0.09233035602789896,"rightPaddleY":0.5697611390897176,"ballX":0.06598415659153613,"ballY":0.22329919265762133}
