{"leftPaddleY":0.9895773230195701,"rightPaddleY":0.3185041253734634,"ballX":0.29448397484075406,"ballY":0.024117206990010586}
