{"leftPaddleY":0.3751583282318203,"rightPaddleY":0.24076540381646983,"ballX":0.6004853735586138,"ballY":0.1439639607919585}
