{"leftPaddleY":0.6573172106101872,"rightPaddleY":0.7242587462383138,"ballX":0.0893794332872687,"ballY":0.5908390499406442}
