{"leftPaddleY":0.8719279073559544,"rightPaddleY":0.13368503606833465,"ballX":0.10756446048092,"ballY":0.955993522107673}
