{"leftPaddleY":0.1311270198382955,"rightPaddleY":0.43459085517865026,"ballX":0.8993310492767664,"ballY":0.6930591744892924}
