{"leftPaddleY":0.8945881001506372,"rightPaddleY":0.684454330718055,"ballX":0.3941018042683434,"ballY":0.478054696927634}
