{"leftPaddleY":0.9307522701297641,"rightPaddleY":0.8293677797012798,"ballX":0.47903387687969323,"ballY":0.7992219811032548}
