{"leftPaddleY":0.3638749957984222,"rightPaddleY":0.5037591469465186,"ballX":0.4860179930834633,"ballY":0.3871795145599965}
