{"leftPaddleY":0.8446549817085436,"rightPaddleY":0.5169807106191261,"ballX":0.43278652812836116,"ballY":0.9230856299124877}
