{"leftPaddleY":0.058843380597546076,"rightPaddleY":0.21515063689649688,"ballX":0.7524714316968335,"ballY":0.4423466677576351}
