{"leftPaddleY":0.5578525126197422,"rightPaddleY":0.19859431043905487,"ballX":0.06113457579085921,"ballY":0.7485366612647746}
