{"leftPaddleY":0.7116499396995166,"rightPaddleY":0.043165525905954794,"ballX":0.27640493564271623,"ballY":0.35924640481724995}
