{"leftPaddleY":0.1574327291733425,"rightPaddleY":0.07464355872238572,"ballX":0.4288274136387935,"ballY":0.5098653649790398}
