{"leftPaddleY":0.3627056815757518,"rightPaddleY":0.8148023455435873,"ballX":0.023776373947213093,"ballY":0.47197386378885586}
