{"leftPaddleY":0.5693044994767701,"rightPaddleY":0.24006947010506102,"ballX":0.6376248050421941,"ballY":0.12313724812188813}
