{"leftPaddleY":0.5326850449878081,"rightPaddleY":0.20381041287870566,"ballX":0.1893957731386828,"ballY":0.1720918881481619}
