{"leftPaddleY":0.037976906437227884,"rightPaddleY":0.8033486228974458,"ballX":0.4920637733576277,"ballY":0.3575414691177428}
