{"leftPaddleY":0.17425224323385796,"rightPaddleY":0.265438652868514,"ballX":0.4096202572057294,"ballY":0.4842594586675762}
