{"leftPaddleY":0.05729070241830835,"rightPaddleY":0.1150639548237266,"ballX":0.751475990709031,"ballY":0.34920320059109666}
