{"leftPaddleY":0.9502077482618921,"rightPaddleY":0.6980652308683252,"ballX":0.7992904723485121,"ballY":0.37692838423106284}
