{"leftPaddleY":0.45441069395900086,"rightPaddleY":0.7750990384457417,"ballX":0.8137620861369328,"ballY":0.9562807251517215}
