{"leftPaddleY":0.5707595284037459,"rightPaddleY":0.1449672244954478,"ballX":0.4626739375981837,"ballY":0.0358359502124886}
