{"leftPaddleY":0.7217467220221461,"rightPaddleY":0.0341590993585263,"ballX":0.8133094342604001,"ballY":0.6616341904738333}
