{"leftPaddleY":0.45275551206979275,"rightPaddleY":0.8522445568081626,"ballX":0.3697091923218361,"ballY":0.9841092506762339}
