{"leftPaddleY":0.7863189415190512,"rightPaddleY":0.8573580346150836,"ballX":0.4608276282793466,"ballY":0.09917435425352043}
