{"leftPaddleY":0.9630526064431705,"rightPaddleY":0.36435404142340844,"ballX":0.43356031403818107,"ballY":0.30443109097607723}
