{"leftPaddleY":0.012665759061106532,"rightPaddleY":0.6109387149834464,"ballX":0.496743988014955,"ballY":0.5532703714471952}
