{"leftPaddleY":0.8701555825223737,"rightPaddleY":0.019248467711680473,"ballX":0.43300529211935285,"ballY":0.013113852726006257}
