{"leftPaddleY":0.8197621917570639,"rightPaddleY":0.01208053574539777,"ballX":0.22650138274076284,"ballY":0.24692166710108857}
