{"leftPaddleY":0.8621801496335331,"rightPaddleY":0.557637665818426,"ballX":0.1974415200071284,"ballY":0.7256105928558673}
