{"leftPaddleY":0.9980845756734348,"rightPaddleY":0.3647814811503624,"ballX":0.13485261676845883,"ballY":0.6395143316331674}
