{"leftPaddleY":0.3408442911759998,"rightPaddleY":0.2576722778098495,"ballX":0.0816352579852841,"ballY":0.17676563730950967}
