{"leftPaddleY":0.4589703903936128,"rightPaddleY":0.8785184688749256,"ballX":0.3147329877700621,"ballY":0.6697625311669988}
