{"leftPaddleY":0.6075814560141629,"rightPaddleY":0.9490696975183112,"ballX":0.6461678347508794,"ballY":0.2615292464072749}
