{"leftPaddleY":0.48471798528026994,"rightPaddleY":0.05325127639937645,"ballX":0.5556293072093355,"ballY":0.312408300497591}
