{"leftPaddleY":0.7306831808109415,"rightPaddleY":0.20446407911689465,"ballX":0.49151640361786864,"ballY":0.9485895138138826}
