{"leftPaddleY":0.6825921440839516,"rightPaddleY":0.041498958878696694,"ballX":0.19350876112937435,"ballY":0.23381273659736698}
