{"leftPaddleY":0.2139795574185391,"rightPaddleY":0.7788660257509851,"ballX":0.32307191129671703,"ballY":0.2499138537644414}
