{"leftPaddleY":0.9786942330538545,"rightPaddleY":0.7028237710511286,"ballX":0.09383135217515712,"ballY":0.9272432186078337}
