{"leftPaddleY":0.13986938065113866,"rightPaddleY":0.6956613783349892,"ballX":0.5329779415835513,"ballY":0.5397011237624557}
