{"leftPaddleY":0.40045382388405504,"rightPaddleY":0.5250553888658177,"ballX":0.24831958584080494,"ballY":0.22450705313094377}
