{"leftPaddleY":0.7781969498457143,"rightPaddleY":0.5003797278474421,"ballX":0.7172341977221807,"ballY":0.7819975828299589}
