{"leftPaddleY":0.20755641368515798,"rightPaddleY":0.583108020651889,"ballX":0.5270160984056886,"ballY":0.8318635909084794}
