{"leftPaddleY":0.06693587620827515,"rightPaddleY":0.8530791959753492,"ballX":0.700390408311604,"ballY":0.15278459443333553}
