{"leftPaddleY":0.13465096957932116,"rightPaddleY":0.513393014825294,"ballX":0.5372210177503842,"ballY":0.7401373265494773}
