{"leftPaddleY":0.0915201413575784,"rightPaddleY":0.3817113827931127,"ballX":0.9233060976401601,"ballY":0.043009238893895574}
