{"leftPaddleY":0.19689853869398496,"rightPaddleY":0.14613556739727546,"ballX":0.5674835007937133,"ballY":0.46936596737953185}
