{"leftPaddleY":0.32180832183692765,"rightPaddleY":0.970430757731563,"ballX":0.03573601356027714,"ballY":0.8832784237300251}
