{"leftPaddleY":0.21644887516625416,"rightPaddleY":0.6787659244268085,"ballX":0.5115072158536899,"ballY":0.4146310503804504}
