{"leftPaddleY":0.48141434952604883,"rightPaddleY":0.4266712942870663,"ballX":0.6783828426092917,"ballY":0.7835957211747947}
