{"leftPaddleY":0.6742589413843783,"rightPaddleY":0.5792800764442824,"ballX":0.009774820183338442,"ballY":0.5510175408961809}
