{"leftPaddleY":0.8851024167245031,"rightPaddleY":0.8497014990019691,"ballX":0.9523143692617697,"ballY":0.6130040797372833}
