{"leftPaddleY":0.4550393671942182,"rightPaddleY":0.511397886651535,"ballX":0.8246015245508724,"ballY":0.295350536597355}
