{"leftPaddleY":0.6024753645297962,"rightPaddleY":0.6973933159846112,"ballX":0.8674405556937039,"ballY":0.7826254614123901}
