{"leftPaddleY":0.6134420256057259,"rightPaddleY":0.3320810086000916,"ballX":0.5238253869488185,"ballY":0.02868056378432184}
