{"leftPaddleY":0.412630218353187,"rightPaddleY":0.542513178976279,"ballX":0.7251958487702855,"ballY":0.8558130984219606}
