{"leftPaddleY":0.006739795643521159,"rightPaddleY":0.7863577328080938,"ballX":0.14188757309472608,"ballY":0.21029969639114784}
