{"leftPaddleY":0.6360136419198223,"rightPaddleY":0.8593956484220405,"ballX":0.43916724294502507,"ballY":0.4137149729211318}
