{"leftPaddleY":0.3687918290738032,"rightPaddleY":0.3683308162937822,"ballX":0.5214228260637029,"ballY":0.7070615482159105}
