{"leftPaddleY":0.5809360271853928,"rightPaddleY":0.8548896431309958,"ballX":0.9420103715582041,"ballY":0.0687014503522343}
