{"leftPaddleY":0.46598174321161095,"rightPaddleY":0.014308210593893984,"ballX":0.23585943234989884,"ballY":0.8159913591222022}
