{"leftPaddleY":0.06746801064561113,"rightPaddleY":0.676251956781059,"ballX":0.21607512523386785,"ballY":0.18302147968943971}
