{"leftPaddleY":0.8890522625360044,"rightPaddleY":0.5344523944574784,"ballX":0.521649685134891,"ballY":0.07956258246731646}
