{"leftPaddleY":0.3493134414377833,"rightPaddleY":0.5804350323599644,"ballX":0.17826438370842987,"ballY":0.7033597118482068}
