{"leftPaddleY":0.5458866124232303,"rightPaddleY":0.6065243486147074,"ballX":0.9705502099075741,"ballY":0.01950094275968947}
