{"leftPaddleY":0.6603620554960158,"rightPaddleY":0.9850031406975314,"ballX":0.6121434292435955,"ballY":0.9513106175880469}
