{"leftPaddleY":0.3285984765937248,"rightPaddleY":0.9823508803661753,"ballX":0.3838800633441578,"ballY":0.4689988297479035}
