{"leftPaddleY":0.393713224501358,"rightPaddleY":0.5613282299098581,"ballX":0.6523976973153118,"ballY":0.20863566226452288}
