{"leftPaddleY":0.343129183143745,"rightPaddleY":0.08784260221822801,"ballX":0.1435776210596336,"ballY":0.8419722700598524}
