{"leftPaddleY":0.6145032089656196,"rightPaddleY":0.5683992039496035,"ballX":0.3015723054837716,"ballY":0.1701117730360241}
