{"leftPaddleY":0.1627394031682262,"rightPaddleY":0.43172606436719174,"ballX":0.6371615130133381,"ballY":0.0288157225359178}
