{"leftPaddleY":0.3509943184971754,"rightPaddleY":0.7912145048003169,"ballX":0.5128088869159767,"ballY":0.007924134033078933}
