{"leftPaddleY":0.40926177916106826,"rightPaddleY":0.8350587768387201,"ballX":0.05634728160508138,"ballY":0.005476346327007421}
