{"leftPaddleY":0.05365421548115364,"rightPaddleY":0.32256983224516184,"ballX":0.11834053985958629,"ballY":0.8228701239779053}
