{"leftPaddleY":0.20221212731809765,"rightPaddleY":0.6158557449636644,"ballX":0.8775931734889031,"ballY":0.569307158873097}
