{"leftPaddleY":0.37144330272713355,"rightPaddleY":0.7291921572809814,"ballX":0.062156357959995495,"ballY":0.902902797859216}
