{"leftPaddleY":0.9675674720688842,"rightPaddleY":0.43226068106791177,"ballX":0.10996287540259442,"ballY":0.8873548241038597}
