{"leftPaddleY":0.7044018421908859,"rightPaddleY":0.30433959384796533,"ballX":0.8536498778534155,"ballY":0.4947407195979142}
