{"leftPaddleY":0.9622640131120725,"rightPaddleY":0.6023490561707252,"ballX":0.10063581792816446,"ballY":0.13007918451834327}
