{"leftPaddleY":0.26981672654571587,"rightPaddleY":0.4128588500561923,"ballX":0.19470183942615182,"ballY":0.48107543276656317}
