{"leftPaddleY":0.4068490563235662,"rightPaddleY":0.5245261477484123,"ballX":0.42885835276789885,"ballY":0.9826254453866013}
