{"leftPaddleY":0.166846987454184,"rightPaddleY":0.37066204986168977,"ballX":0.8188246601657269,"ballY":0.8762074958154935}
