{"leftPaddleY":0.6527324740131751,"rightPaddleY":0.6664728786598787,"ballX":0.9375897022978292,"ballY":0.4292939911851347}
