{"leftPaddleY":0.9292769923890926,"rightPaddleY":0.3896885625309342,"ballX":0.9921566612136508,"ballY":0.8332322916616844}
