{"leftPaddleY":0.1639974389261425,"rightPaddleY":0.608899126656048,"ballX":0.6635837370589502,"ballY":0.28913033513656605}
