{"leftPaddleY":0.28161045468729595,"rightPaddleY":0.01599538783846095,"ballX":0.8751327365516194,"ballY":0.5400792622415426}
