{"leftPaddleY":0.0052819082204398436,"rightPaddleY":0.48730649822128735,"ballX":0.8432387325801927,"ballY":0.6898259292705354}
