{"leftPaddleY":0.2238111319652816,"rightPaddleY":0.7722362973135914,"ballX":0.30047120176371944,"ballY":0.24222310954112578}
