{"leftPaddleY":0.49535183282642203,"rightPaddleY":0.9546194570612164,"ballX":0.7962342528254798,"ballY":0.5087307468776259}
