{"leftPaddleY":0.42060415072863033,"rightPaddleY":0.5883301790559189,"ballX":0.6135174435236733,"ballY":0.017639413441150973}
