{"leftPaddleY":0.09337691948202448,"rightPaddleY":0.5966598401855425,"ballX":0.0029961890286570874,"ballY":0.6757745416610164}
