{"leftPaddleY":0.5205607678217943,"rightPaddleY":0.3564934309419654,"ballX":0.9586336692830802,"ballY":0.7211642254677154}
