{"leftPaddleY":0.3159663362703839,"rightPaddleY":0.39531125205255685,"ballX":0.005312769424327033,"ballY":0.1297576486113248}
