{"leftPaddleY":0.42579266232440033,"rightPaddleY":0.04939580655155954,"ballX":0.2371095325676885,"ballY":0.12840829728233152}
