{"leftPaddleY":0.9483673113866571,"rightPaddleY":0.7064888210521417,"ballX":0.3934647965898583,"ballY":0.03681397473804372}
