{"leftPaddleY":0.6037773303410846,"rightPaddleY":0.1415058875327372,"ballX":0.859310226664069,"ballY":0.565777875694073}
