{"leftPaddleY":0.6378057726220301,"rightPaddleY":0.17850587610655538,"ballX":0.5890038321387635,"ballY":0.9108835200265847}
