{"leftPaddleY":0.6144110082435446,"rightPaddleY":0.6010404567074701,"ballX":0.25539667526538024,"ballY":0.05807212314257988}
