{"leftPaddleY":0.40651965595367556,"rightPaddleY":0.8481134113086997,"ballX":0.6180360786765331,"ballY":0.021446296360030558}
