{"leftPaddleY":0.7563136035429061,"rightPaddleY":0.2816117344336386,"ballX":0.4359091695191307,"ballY":0.05598790120842553}
