{"leftPaddleY":0.26436674184265085,"rightPaddleY":0.6150927749584446,"ballX":0.6260405589908834,"ballY":0.9579531443258641}
