{"leftPaddleY":0.2720678231603141,"rightPaddleY":0.1526578777566707,"ballX":0.007849209865745018,"ballY":0.28058112223335635}
