{"leftPaddleY":0.370060306137144,"rightPaddleY":0.7537833924442494,"ballX":0.1811217769186159,"ballY":0.25055119771316375}
