{"leftPaddleY":0.3594673790401178,"rightPaddleY":0.8599950552530701,"ballX":0.020560359113920134,"ballY":0.4701264696776169}
