{"leftPaddleY":0.44367673963117754,"rightPaddleY":0.41183956014153733,"ballX":0.32053685751277006,"ballY":0.4728961616783451}
