{"leftPaddleY":0.39789337743225545,"rightPaddleY":0.634591422884103,"ballX":0.527805645012231,"ballY":0.8393479106069873}
