{"leftPaddleY":0.22833370006869638,"rightPaddleY":0.4458192987595449,"ballX":0.7881352468673102,"ballY":0.7342693595564459}
