{"leftPaddleY":0.2544228058890555,"rightPaddleY":0.8986267074220881,"ballX":0.6568135338943791,"ballY":0.37851770421680453}
