{"leftPaddleY":0.49703444361166854,"rightPaddleY":0.6010953728367796,"ballX":0.5644491321218084,"ballY":0.02624325341591142}
