{"leftPaddleY":0.2907570645000204,"rightPaddleY":0.6179016322927249,"ballX":0.8853903312541985,"ballY":0.24225936033863496}
