{"leftPaddleY":0.33936918298424573,"rightPaddleY":0.6505789988038192,"ballX":0.3512205296288475,"ballY":0.5392713223003217}
