{"leftPaddleY":0.48462355461090756,"rightPaddleY":0.7697283525677348,"ballX":0.9083999108473483,"ballY":0.2570699002354397}
