{"leftPaddleY":0.9094354282960975,"rightPaddleY":0.5302425671986928,"ballX":0.5266434559132096,"ballY":0.4900146240277968}
