{"leftPaddleY":0.43120860432423286,"rightPaddleY":0.10875026827659103,"ballX":0.24519048338808017,"ballY":0.36199443481618865}
