{"leftPaddleY":0.1577516120466149,"rightPaddleY":0.08584489524834119,"ballX":0.7761508595984391,"ballY":0.7017567289428858}
