{"leftPaddleY":0.9234217003511157,"rightPaddleY":0.004836278927062122,"ballX":0.08175083144631469,"ballY":0.5308773856006962}
