{"leftPaddleY":0.7852009278595568,"rightPaddleY":0.9122537300896557,"ballX":0.834853303317821,"ballY":0.005874513444380867}
