{"leftPaddleY":0.8708853124477653,"rightPaddleY":0.5598884969202228,"ballX":0.26276062250133636,"ballY":0.9174254715584681}
