{"leftPaddleY":0.9212154325737448,"rightPaddleY":0.19369876040334166,"ballX":0.09815025138576809,"ballY":0.3115399590209287}
