{"leftPaddleY":0.5362246062677535,"rightPaddleY":0.7510238981448836,"ballX":0.8445399424514091,"ballY":0.7530848703729283}
