{"leftPaddleY":0.9970136193354655,"rightPaddleY":0.12263147257514576,"ballX":0.06421685782589574,"ballY":0.18768446014106907}
