{"leftPaddleY":0.37824027202964616,"rightPaddleY":0.5739516198829884,"ballX":0.2708571700993518,"ballY":0.7660076261316187}
