{"leftPaddleY":0.7377322275392463,"rightPaddleY":0.2885960416843189,"ballX":0.2405571039572104,"ballY":0.013048970461475894}
