{"leftPaddleY":0.8771238448468694,"rightPaddleY":0.6145091754178358,"ballX":0.4894637652027549,"ballY":0.5739951504481248}
