{"leftPaddleY":0.026996092295445577,"rightPaddleY":0.9175417982693802,"ballX":0.04651028765350763,"ballY":0.06502042921139672}
