{"leftPaddleY":0.49067654322910914,"rightPaddleY":0.8832284453602169,"ballX":0.5230746297948996,"ballY":0.7293559833913692}
