{"leftPaddleY":0.9526036001821502,"rightPaddleY":0.9675820775207379,"ballX":0.29331297228529424,"ballY":0.1835913347172062}
