{"leftPaddleY":0.3414456901078652,"rightPaddleY":0.0016544289818758477,"ballX":0.37696844041055444,"ballY":0.9808347766775287}
