{"leftPaddleY":0.7855501414725081,"rightPaddleY":0.8728524718660592,"ballX":0.9795946716848574,"ballY":0.5439724071838052}
