{"leftPaddleY":0.19049685252324802,"rightPaddleY":0.4216653307887514,"ballX":0.40763215554072035,"ballY":0.4953500674616876}
