{"leftPaddleY":0.09509547305661517,"rightPaddleY":0.8953037547779165,"ballX":0.47841040441983884,"ballY":0.3727904758119074}
