{"leftPaddleY":0.8461630195444234,"rightPaddleY":0.5022489879158545,"ballX":0.16323444148551378,"ballY":0.025417647459001203}
