{"leftPaddleY":0.19804090606045185,"rightPaddleY":0.7699846574950435,"ballX":0.4702905115051292,"ballY":0.39499005649521707}
