{"leftPaddleY":0.8994250577959099,"rightPaddleY":0.27324599168767016,"ballX":0.2518253264945056,"ballY":0.2891361571401549}
