{"leftPaddleY":0.4611441475036523,"rightPaddleY":0.3810728485297264,"ballX":0.1427468500070601,"ballY":0.28951943660882157}
