{"leftPaddleY":0.2725042220570465,"rightPaddleY":0.3668418381458005,"ballX":0.838347020362228,"ballY":0.7241138858479993}
