{"leftPaddleY":0.6267656771927179,"rightPaddleY":0.28804231792340723,"ballX":0.8504539455893663,"ballY":0.9908931696399995}
