{"leftPaddleY":0.4369068727766714,"rightPaddleY":0.8893043215199969,"ballX":0.42803106133662966,"ballY":0.7509393461022761}
