{"leftPaddleY":0.29747927333732194,"rightPaddleY":0.15461021005777084,"ballX":0.38500227281890625,"ballY":0.17320777545673996}
