{"leftPaddleY":0.13696736996992825,"rightPaddleY":0.43738776763205184,"ballX":0.9285615110074632,"ballY":0.2528520395876753}
