{"leftPaddleY":0.47824035451057595,"rightPaddleY":0.6697342011854929,"ballX":0.356046692508072,"ballY":0.3366366467182278}
