{"leftPaddleY":0.4910454561214778,"rightPaddleY":0.8254178076942174,"ballX":0.28063545773103815,"ballY":0.9707809488807404}
