{"leftPaddleY":0.3232418862670936,"rightPaddleY":0.8830297526243727,"ballX":0.5312363468035273,"ballY":0.6562976368888817}
