{"leftPaddleY":0.30315890562038594,"rightPaddleY":0.2766220843578027,"ballX":0.393256305288514,"ballY":0.532533054952405}
