{"leftPaddleY":0.11556493106234499,"rightPaddleY":0.3421509966009762,"ballX":0.5765893907567219,"ballY":0.8782267589618181}
