{"leftPaddleY":0.5916285718692426,"rightPaddleY":0.0781585490741745,"ballX":0.09327018644598241,"ballY":0.7529574778627769}
