{"leftPaddleY":0.7724190586201577,"rightPaddleY":0.1411063505759165,"ballX":0.8562357750993429,"ballY":0.44212487741628664}
