{"leftPaddleY":0.025083471587958546,"rightPaddleY":0.5252888642103887,"ballX":0.9350377176251553,"ballY":0.9877256395005525}
