{"leftPaddleY":0.25057091257933206,"rightPaddleY":0.9036539844724986,"ballX":0.23933822407739103,"ballY":0.9240924280260974}
