{"leftPaddleY":0.7509367602601857,"rightPaddleY":0.22020194859011522,"ballX":0.03148371894708979,"ballY":0.8667143859558541}
