{"leftPaddleY":0.7543693114936302,"rightPaddleY":0.5026151213115625,"ballX":0.1866819088264428,"ballY":0.5657094174992527}
