{"leftPaddleY":0.5754366656499732,"rightPaddleY":0.25693352414384885,"ballX":0.6304059167247135,"ballY":0.8867972309031802}
