{"leftPaddleY":0.9793258406455636,"rightPaddleY":0.8032568802035421,"ballX":0.5450316881196904,"ballY":0.9583953164802625}
