{"leftPaddleY":0.4554717927310268,"rightPaddleY":0.4841850456372405,"ballX":0.6900122707581544,"ballY":0.5043574577852383}
