{"leftPaddleY":0.6130000139526308,"rightPaddleY":0.26027313255136314,"ballX":0.2792494686951708,"ballY":0.5878019763145229}
