{"leftPaddleY":0.2248435783104452,"rightPaddleY":0.6004625541395932,"ballX":0.419305567391313,"ballY":0.8672487434235034}
