{"leftPaddleY":0.112715537276596,"rightPaddleY":0.9543816951324172,"ballX":0.2512859053564249,"ballY":0.3394862826265245}
