{"leftPaddleY":0.5975653388665761,"rightPaddleY":0.8834903224682801,"ballX":0.6272595418795793,"ballY":0.9699310493131189}
