{"leftPaddleY":0.8236112758799704,"rightPaddleY":0.2799759025229388,"ballX":0.0035328711685058806,"ballY":0.026344259637740758}
