{"leftPaddleY":0.4257296775370416,"rightPaddleY":0.8511615114013703,"ballX":0.01749228500657398,"ballY":0.9403723873400079}
