{"leftPaddleY":0.41920734094788875,"rightPaddleY":0.03605560749817108,"ballX":0.3772297964308351,"ballY":0.568424025340245}
