{"leftPaddleY":0.6371574423711944,"rightPaddleY":0.8548539835529289,"ballX":0.1672263847899041,"ballY":0.9953189740952628}
