{"leftPaddleY":0.6811681066254295,"rightPaddleY":0.5611112605564419,"ballX":0.5659983214310728,"ballY":0.8291395114555223}
