{"leftPaddleY":0.4031816643592736,"rightPaddleY":0.3541699403440171,"ballX":0.7095700535492988,"ballY":0.7981232428237884}
