{"leftPaddleY":0.5997794904861382,"rightPaddleY":0.6281067475037337,"ballX":0.46127323731582115,"ballY":0.5679575828247495}
