{"leftPaddleY":0.35590450224934994,"rightPaddleY":0.8258879095711767,"ballX":0.43071383889924336,"ballY":0.011800779694562663}
