{"leftPaddleY":0.8469632157121513,"rightPaddleY":0.9521260781177605,"ballX":0.05484734816286139,"ballY":0.4685132558640948}
