{"leftPaddleY":0.2546258197803741,"rightPaddleY":0.36763573608201444,"ballX":0.41986575046463775,"ballY":0.7465702648590055}
