{"leftPaddleY":0.2667836229411295,"rightPaddleY":0.8533290585305882,"ballX":0.3928052805946673,"ballY":0.12853190839898854}
