{"leftPaddleY":0.14165855819957143,"rightPaddleY":0.8068159312471199,"ballX":0.8097456001607742,"ballY":0.5738581313015038}
