{"leftPaddleY":0.7406735001131297,"rightPaddleY":0.31408725590543335,"ballX":0.3888192721355515,"ballY":0.03427728770663311}
