{"leftPaddleY":0.8914929181575513,"rightPaddleY":0.40814141416568156,"ballX":0.5898879484718172,"ballY":0.4368209221324657}
