{"leftPaddleY":0.14127221554490688,"rightPaddleY":0.4283947096572965,"ballX":0.0498390239180515,"ballY":0.6913527503771693}
