{"leftPaddleY":0.8655290363994868,"rightPaddleY":0.04022677879061042,"ballX":0.6400897829493203,"ballY":0.5594202293748306}
