{"leftPaddleY":0.8202053154511396,"rightPaddleY":0.28092158720921984,"ballX":0.03322294301129686,"ballY":0.17007476349186404}
