{"leftPaddleY":0.5672073042423069,"rightPaddleY":0.6343158214688283,"ballX":0.581913553219453,"ballY":0.9577791906594545}
