{"leftPaddleY":0.4703985184336691,"rightPaddleY":0.744840484872938,"ballX":0.7160540694921386,"ballY":0.43835842871365566}
