{"leftPaddleY":0.5360154254150298,"rightPaddleY":0.48805008723987064,"ballX":0.20918890969793605,"ballY":0.7250785544508985}
