{"leftPaddleY":0.6577960473162215,"rightPaddleY":0.9397383489812602,"ballX":0.9825659250350159,"ballY":0.778864189580042}
