{"leftPaddleY":0.31399269295003884,"rightPaddleY":0.5727637746792954,"ballX":0.890132913675381,"ballY":0.16599775816488732}
