{"leftPaddleY":0.45821198301520677,"rightPaddleY":0.2664437585419576,"ballX":0.07619629951787067,"ballY":0.727629351025024}
