{"leftPaddleY":0.24868138475429083,"rightPaddleY":0.7162335369601465,"ballX":0.9219584395010071,"ballY":0.08624826263872255}
