{"leftPaddleY":0.6012484946787834,"rightPaddleY":0.9561081496560057,"ballX":0.507784190421626,"ballY":0.8482068769560146}
