{"leftPaddleY":0.741490694023076,"rightPaddleY":0.017705925133783097,"ballX":0.9378245928547746,"ballY":0.12525803132092386}
