{"leftPaddleY":0.24192257227772693,"rightPaddleY":0.36678465963128176,"ballX":0.38350975597173725,"ballY":0.5778745702169875}
