{"leftPaddleY":0.9435373819750009,"rightPaddleY":0.7255298848881367,"ballX":0.06406749666935625,"ballY":0.09991541032942361}
