{"leftPaddleY":0.23466996768815304,"rightPaddleY":0.3792294163742962,"ballX":0.11219796456799547,"ballY":0.4422555835740173}
