{"leftPaddleY":0.6560347482381025,"rightPaddleY":0.9049897192088532,"ballX":0.45019413987566104,"ballY":0.388647378486856}
