{"leftPaddleY":0.17175888751165855,"rightPaddleY":0.7820478539915997,"ballX":0.09407025375580724,"ballY":0.9197662767907967}
