{"leftPaddleY":0.6613228880800318,"rightPaddleY":0.5629680405914761,"ballX":0.3868559988576949,"ballY":0.8055766588341076}
