{"leftPaddleY":0.6128933784933877,"rightPaddleY":0.533554819822434,"ballX":0.5687891933127533,"ballY":0.7474967195168418}
