{"leftPaddleY":0.8315535600418001,"rightPaddleY":0.8359727750618765,"ballX":0.27158178959791235,"ballY":0.8000420791247633}
