{"leftPaddleY":0.32065599894480823,"rightPaddleY":0.9446332557596212,"ballX":0.10586003641973005,"ballY":0.24067498119743092}
