{"leftPaddleY":0.8813532051547801,"rightPaddleY":0.8235617278038565,"ballX":0.3601797708439119,"ballY":0.03751754955680807}
