{"leftPaddleY":0.6275419498359252,"rightPaddleY":0.034786175924039375,"ballX":0.38885897995333457,"ballY":0.2644327827716159}
