{"leftPaddleY":0.28579208144754553,"rightPaddleY":0.7237958260030519,"ballX":0.8866051881552585,"ballY":0.6021236956267237}
