{"leftPaddleY":0.7576105460346976,"rightPaddleY":0.271186742888982,"ballX":0.49471823554945926,"ballY":0.42931993556322573}
