{"leftPaddleY":0.6251469211854804,"rightPaddleY":0.15882680712885563,"ballX":0.7282790801989354,"ballY":0.590321015996114}
