{"leftPaddleY":0.7639622695970489,"rightPaddleY":0.9371927771565274,"ballX":0.6115186142087533,"ballY":0.6885173558888167}
