{"leftPaddleY":0.15189590069276973,"rightPaddleY":0.8206736228739822,"ballX":0.1758988913205518,"ballY":0.6000190008367277}
