{"leftPaddleY":0.1846489747825141,"rightPaddleY":0.31122956686726494,"ballX":0.8771822656657702,"ballY":0.7487665602957954}
