{"leftPaddleY":0.8673862197261619,"rightPaddleY":0.4893818009195338,"ballX":0.8968856868192383,"ballY":0.7083462878744978}
