{"leftPaddleY":0.20648676580722664,"rightPaddleY":0.8376897688263018,"ballX":0.1683320265922952,"ballY":0.557618986368418}
