{"leftPaddleY":0.8722876841677245,"rightPaddleY":0.05647822253486436,"ballX":0.2799719280332223,"ballY":0.7934853239590012}
