{"leftPaddleY":0.3941450590732632,"rightPaddleY":0.9317545935115726,"ballX":0.3930077634801966,"ballY":0.09013939647068592}
