{"leftPaddleY":0.37029325432945165,"rightPaddleY":0.732114185286443,"ballX":0.932809859750113,"ballY":0.9305509993365669}
