{"leftPaddleY":0.34437865781905097,"rightPaddleY":0.7223569720278548,"ballX":0.492445571609062,"ballY":0.42953818795477344}
