{"leftPaddleY":0.2365615800793078,"rightPaddleY":0.30875003277164814,"ballX":0.6286337985644042,"ballY":0.060880300717301813}
