{"leftPaddleY":0.7706930795851968,"rightPaddleY":0.8947126510567256,"ballX":0.5540416825866655,"ballY":0.15475005296935168}
