{"leftPaddleY":0.29917098546095455,"rightPaddleY":0.8374897944273035,"ballX":0.0622650660522605,"ballY":0.8397667662417764}
