{"leftPaddleY":0.43603078210289914,"rightPaddleY":0.23300051173469244,"ballX":0.6897774991155023,"ballY":0.3501082055714675}
