{"leftPaddleY":0.2064839724164404,"rightPaddleY":0.5660026351743056,"ballX":0.7387022261804136,"ballY":0.6277890949769667}
