{"leftPaddleY":0.8061932088005132,"rightPaddleY":0.8812882759668843,"ballX":0.5331455124665263,"ballY":0.2897684729177232}
