{"leftPaddleY":0.4941515315381172,"rightPaddleY":0.046167903172802845,"ballX":0.2525087646113817,"ballY":0.0700276963961814}
