{"leftPaddleY":0.7506082744197946,"rightPaddleY":0.45044532228514983,"ballX":0.09278400000966712,"ballY":0.849376505043493}
