{"leftPaddleY":0.6124280086874607,"rightPaddleY":0.03044243560076397,"ballX":0.2524955856760607,"ballY":0.7346044263905139}
