{"leftPaddleY":0.9266353618812996,"rightPaddleY":0.7843959235958853,"ballX":0.09171578029257257,"ballY":0.6358558781031288}
