{"leftPaddleY":0.43056002757728734,"rightPaddleY":0.3865975910642094,"ballX":0.28502084840863284,"ballY":0.672404289073584}
