{"leftPaddleY":0.7691391638324235,"rightPaddleY":0.8677802707371739,"ballX":0.14803861782153285,"ballY":0.7137761343981396}
