{"leftPaddleY":0.3138056258112067,"rightPaddleY":0.853005674495109,"ballX":0.660753762839691,"ballY":0.006751299080143293}
