{"leftPaddleY":0.5363188616718005,"rightPaddleY":0.40310358306593475,"ballX":0.8822280185422603,"ballY":0.5840608947964536}
