{"leftPaddleY":0.41098749439618215,"rightPaddleY":0.42230514213735676,"ballX":0.6338058355845155,"ballY":0.01651019919499791}
