{"leftPaddleY":0.6655705709032135,"rightPaddleY":0.08525702194931967,"ballX":0.8088426659958473,"ballY":0.9769940467555777}
