{"leftPaddleY":0.5878094214551232,"rightPaddleY":0.7138648280232476,"ballX":0.42531683188137326,"ballY":0.4252570771025562}
