{"leftPaddleY":0.4064831039452644,"rightPaddleY":0.9437082058779661,"ballX":0.9975051335569932,"ballY":0.9881310737766336}
