{"leftPaddleY":0.17131832343879028,"rightPaddleY":0.2349955693434983,"ballX":0.24214745686583433,"ballY":0.03206919031015161}
