{"leftPaddleY":0.498406809267874,"rightPaddleY":0.3170354234920407,"ballX":0.2952827530617109,"ballY":0.4164032144293265}
