{"leftPaddleY":0.7718030823034593,"rightPaddleY":0.15159329594033574,"ballX":0.21768738232067003,"ballY":0.29267036804484986}
