{"leftPaddleY":0.057883891425735065,"rightPaddleY":0.25723894398084446,"ballX":0.966659771394439,"ballY":0.18056325160758682}
