{"leftPaddleY":0.4283240695454685,"rightPaddleY":0.9926318902121242,"ballX":0.578727630230142,"ballY":0.1604987484524375}
