{"leftPaddleY":0.8314706773815533,"rightPaddleY":0.7443875483357447,"ballX":0.01214087163688376,"ballY":0.5087881107437652}
