{"leftPaddleY":0.10007478270040815,"rightPaddleY":0.04592327996372009,"ballX":0.4421598569099758,"ballY":0.9047562415341556}
