{"leftPaddleY":0.050574841064110934,"rightPaddleY":0.571956184647138,"ballX":0.12318779634577806,"ballY":0.4659651588444196}
