{"leftPaddleY":0.761414245242565,"rightPaddleY":0.4440753127423746,"ballX":0.9125629640744755,"ballY":0.041470394297526775}
