{"leftPaddleY":0.005949742682069448,"rightPaddleY":0.7749837860629696,"ballX":0.35221663332265346,"ballY":0.7747166001210957}
