{"leftPaddleY":0.811564444016646,"rightPaddleY":0.7771361949242505,"ballX":0.12783285859318214,"ballY":0.4350358806124555}
