{"leftPaddleY":0.03242339271173586,"rightPaddleY":0.3783534148195623,"ballX":0.2525666900505015,"ballY":0.1828057712593351}
