{"leftPaddleY":0.39850208111551755,"rightPaddleY":0.9282704388264356,"ballX":0.3091419371641418,"ballY":0.28123347211065525}
