{"leftPaddleY":0.2214458283398926,"rightPaddleY":0.4162432253971539,"ballX":0.9321432333196362,"ballY":0.6148932405527474}
