{"leftPaddleY":0.31192908462357266,"rightPaddleY":0.2566203131951444,"ballX":0.5078106435020078,"ballY":0.5422054792076778}
