{"leftPaddleY":0.9318270856125064,"rightPaddleY":0.5936132483374852,"ballX":0.6945404360186521,"ballY":0.21881092635444988}
