{"leftPaddleY":0.8579467484359236,"rightPaddleY":0.7651770072688535,"ballX":0.0345393821970886,"ballY":0.7878485037870114}
