{"leftPaddleY":0.9549140220539392,"rightPaddleY":0.5123160705342746,"ballX":0.6300496531097233,"ballY":0.5039162688555515}
