{"leftPaddleY":0.8570603172162004,"rightPaddleY":0.5303442571051517,"ballX":0.40577949591045187,"ballY":0.14455715189426094}
