{"leftPaddleY":0.9010578167732093,"rightPaddleY":0.05457356381291618,"ballX":0.4627291772374179,"ballY":0.3643621154579923}
