{"leftPaddleY":0.20240985717947643,"rightPaddleY":0.2432664227890202,"ballX":0.5167304131281544,"ballY":0.239341701697182}
