{"leftPaddleY":0.1783878417242883,"rightPaddleY":0.6131046017420855,"ballX":0.16939710435088884,"ballY":0.6671993700627357}
