{"leftPaddleY":0.20961967939893864,"rightPaddleY":0.844959823322384,"ballX":0.019000211743432395,"ballY":0.3829551666249081}
