{"leftPaddleY":0.35997398947583553,"rightPaddleY":0.011781115097418454,"ballX":0.2335032907542775,"ballY":0.33600860953524747}
