{"leftPaddleY":0.019787475699960276,"rightPaddleY":0.19149023828472772,"ballX":0.9321122606103249,"ballY":0.2841746788829221}
