{"leftPaddleY":0.12886495567002446,"rightPaddleY":0.7436453999525314,"ballX":0.5840933479216655,"ballY":0.5755267920916393}
