{"leftPaddleY":0.29384372083946864,"rightPaddleY":0.15610773748954365,"ballX":0.04192745255445692,"ballY":0.6550860827492031}
