{"leftPaddleY":0.9125192261292351,"rightPaddleY":0.48877758332271437,"ballX":0.7587391889784416,"ballY":0.7276510894322606}
