{"leftPaddleY":0.3006926704356211,"rightPaddleY":0.5621086096564946,"ballX":0.973928887230303,"ballY":0.06405707007747698}
