{"leftPaddleY":0.9541012691231406,"rightPaddleY":0.2378383073431362,"ballX":0.12806911722364564,"ballY":0.3582920736327551}
