{"leftPaddleY":0.2944359762414175,"rightPaddleY":0.16890755700150636,"ballX":0.28067193015132,"ballY":0.3712573207780902}
