{"leftPaddleY":0.3560302307996405,"rightPaddleY":0.16622741286827108,"ballX":0.3013504213155165,"ballY":0.07265723506143719}
