{"leftPaddleY":0.021341820308860622,"rightPaddleY":0.5936053486533814,"ballX":0.4392618898251533,"ballY":0.7792956598530096}
