{"leftPaddleY":0.8781848710026752,"rightPaddleY":0.3082427894059435,"ballX":0.15683103112901955,"ballY":0.13469279525744482}
