{"leftPaddleY":0.7600692096053817,"rightPaddleY":0.6830059878464865,"ballX":0.04643117314941572,"ballY":0.038034723039995964}
