{"leftPaddleY":0.9994465688663862,"rightPaddleY":0.21404555082127882,"ballX":0.02291695698709844,"ballY":0.9740587970093736}
