{"leftPaddleY":0.6349847086872747,"rightPaddleY":0.030039729985323615,"ballX":0.1448607724175964,"ballY":0.6142934382142521}
