{"leftPaddleY":0.8419050911285302,"rightPaddleY":0.986671578611616,"ballX":0.03988397118378237,"ballY":0.1135562530822492}
