{"leftPaddleY":0.7406881798601749,"rightPaddleY":0.5171401676218547,"ballX":0.9240276899856008,"ballY":0.09406541409318453}
