{"leftPaddleY":0.37483586645284156,"rightPaddleY":0.8216163551567366,"ballX":0.5587463813537095,"ballY":0.5338402206530379}
