{"leftPaddleY":0.3310417823002034,"rightPaddleY":0.8482406381272802,"ballX":0.43765618869547435,"ballY":0.4366845161096481}
