{"leftPaddleY":0.623290519444387,"rightPaddleY":0.06800399616152207,"ballX":0.7820751669600671,"ballY":0.35203468263465976}
