{"leftPaddleY":0.7153174011263621,"rightPaddleY":0.20646848604051626,"ballX":0.0635272518256807,"ballY":0.10284588994080912}
