{"leftPaddleY":0.9006734258407206,"rightPaddleY":0.15752227070639885,"ballX":0.7069899230876486,"ballY":0.3034977227369478}
