{"leftPaddleY":0.3920613267013428,"rightPaddleY":0.49941652763341976,"ballX":0.8476870681820717,"ballY":0.46613029976101206}
