{"leftPaddleY":0.7935310241298225,"rightPaddleY":0.291105166166092,"ballX":0.014474004141062058,"ballY":0.7623059029618793}
