{"leftPaddleY":0.6711578792080487,"rightPaddleY":0.7229743252677181,"ballX":0.2826048856051956,"ballY":0.1751367862213777}
