{"leftPaddleY":0.6848208588440878,"rightPaddleY":0.10060842588860133,"ballX":0.9436799043934194,"ballY":0.13377468940078538}
