{"leftPaddleY":0.7794740987291111,"rightPaddleY":0.284568582820276,"ballX":0.15289656310378688,"ballY":0.7548954367072966}
