{"leftPaddleY":0.23841051299864294,"rightPaddleY":0.18366113458630942,"ballX":0.7583043888378186,"ballY":0.11687906228844452}
