{"leftPaddleY":0.2654672914347519,"rightPaddleY":0.8205997329365691,"ballX":0.9091768398082622,"ballY":0.7500059402352548}
