{"leftPaddleY":0.48405534192587146,"rightPaddleY":0.1847017355618095,"ballX":0.5324181900301426,"ballY":0.8531549631870926}
