{"leftPaddleY":0.15852968102797407,"rightPaddleY":0.11861483762708974,"ballX":0.6016913617495645,"ballY":0.8862321006019797}
