{"leftPaddleY":0.48488650768674246,"rightPaddleY":0.8271826964668156,"ballX":0.3472942651136281,"ballY":0.3509983307673363}
