{"leftPaddleY":0.9906039322840057,"rightPaddleY":0.2160929487569327,"ballX":0.5078994321372927,"ballY":0.3895018579948227}
