{"leftPaddleY":0.20652981942482693,"rightPaddleY":0.841649148430978,"ballX":0.12397393602519388,"ballY":0.15434775827054936}
