{"leftPaddleY":0.8174589058959859,"rightPaddleY":0.9116250340694009,"ballX":0.322181800600129,"ballY":0.5058738998841885}
