{"leftPaddleY":0.9761880201873961,"rightPaddleY":0.36463531872382515,"ballX":0.5117122066404528,"ballY":0.9626433055436189}
