{"leftPaddleY":0.7163241371316238,"rightPaddleY":0.6555004152501673,"ballX":0.462982230856104,"ballY":0.4816769184036286}
