{"leftPaddleY":0.8409932519943666,"rightPaddleY":0.11521552406173204,"ballX":0.012109085007287764,"ballY":0.7325563549626147}
