{"leftPaddleY":0.3796415268868766,"rightPaddleY":0.9439403680655244,"ballX":0.10544865320820981,"ballY":0.4640721366427254}
