{"leftPaddleY":0.6353434346703734,"rightPaddleY":0.6334988586915511,"ballX":0.6231768679700077,"ballY":0.6577024752117393}
