{"leftPaddleY":0.09906145773715005,"rightPaddleY":0.5871162030382234,"ballX":0.1744170094866248,"ballY":0.22941549261173574}
