{"leftPaddleY":0.9565002031022751,"rightPaddleY":0.01450217737894033,"ballX":0.949816868390554,"ballY":0.9123924401166192}
