{"leftPaddleY":0.9042834691241103,"rightPaddleY":0.16873961046333164,"ballX":0.4195115933023025,"ballY":0.7328747759459115}
