{"leftPaddleY":0.45276629932805007,"rightPaddleY":0.33864253588920845,"ballX":0.47684412007117066,"ballY":0.5946206505847949}
