{"leftPaddleY":0.7691122467955817,"rightPaddleY":0.4169188794074809,"ballX":0.20002365212606965,"ballY":0.016282813224041893}
