{"leftPaddleY":0.1964239742283915,"rightPaddleY":0.6030983359643974,"ballX":0.18919184236300177,"ballY":0.9406220530250594}
