{"leftPaddleY":0.24847766401438032,"rightPaddleY":0.2047086169227095,"ballX":0.24115447643298235,"ballY":0.5489567780825414}
