{"leftPaddleY":0.8973319438850539,"rightPaddleY":0.41436465258297717,"ballX":0.03789854767272539,"ballY":0.43217420125388545}
