{"leftPaddleY":0.5001197649988361,"rightPaddleY":0.9329435927904257,"ballX":0.017138946310855798,"ballY":0.874544211251952}
