{"leftPaddleY":0.7918544409248761,"rightPaddleY":0.40602592448802227,"ballX":0.5606294695189391,"ballY":0.15464206448543644}
