{"leftPaddleY":0.01634925489127666,"rightPaddleY":0.38967366921431157,"ballX":0.9716378679208727,"ballY":0.08107665840275875}
