{"leftPaddleY":0.16900378216838277,"rightPaddleY":0.8314026019879159,"ballX":0.15866989653306066,"ballY":0.9032837051883875}
