{"leftPaddleY":0.127724871553618,"rightPaddleY":0.9412621832355631,"ballX":0.027614427717306978,"ballY":0.6434159533654267}
