{"leftPaddleY":0.26011938889919806,"rightPaddleY":0.05100906719087263,"ballX":0.9510398690984085,"ballY":0.5761983878162588}
