{"leftPaddleY":0.3681010990052838,"rightPaddleY":0.08894111047220113,"ballX":0.23063607706382383,"ballY":0.3386367197082691}
