{"leftPaddleY":0.8561202865161117,"rightPaddleY":0.9651209541641718,"ballX":0.2607439023218276,"ballY":0.7131599078980579}
