{"leftPaddleY":0.5333780994908772,"rightPaddleY":0.12945401342135626,"ballX":0.30628970447317916,"ballY":0.9638854173781224}
