{"leftPaddleY":0.7700629062852358,"rightPaddleY":0.98741233378894,"ballX":0.702825919786713,"ballY":0.6562143531764246}
