{"leftPaddleY":0.8725367416764394,"rightPaddleY":0.11839022830648428,"ballX":0.2827989036749456,"ballY":0.18928752781360234}
