{"leftPaddleY":0.5787104227043802,"rightPaddleY":0.7605316179820383,"ballX":0.9174008473146193,"ballY":0.25999519874874966}
