{"leftPaddleY":0.12826626105947558,"rightPaddleY":0.01120282791094916,"ballX":0.18225882638142327,"ballY":0.9192807062409156}
