{"leftPaddleY":0.8688248293889917,"rightPaddleY":0.030123197374662895,"ballX":0.8567890473883617,"ballY":0.28115016196773274}
