{"leftPaddleY":0.99686349825746,"rightPaddleY":0.03611201931672035,"ballX":0.17526518039546002,"ballY":0.07643189507625962}
