{"leftPaddleY":0.9357079335415394,"rightPaddleY":0.6876885973442494,"ballX":0.5542851661616717,"ballY":0.3017272477538099}
