{"leftPaddleY":0.8495135960377803,"rightPaddleY":0.5072300797805983,"ballX":0.3985328045703171,"ballY":0.5600387605923183}
