{"leftPaddleY":0.08225375452803216,"rightPaddleY":0.4513407032229758,"ballX":0.4131019820488048,"ballY":0.1207498724332341}
