{"leftPaddleY":0.1980967695200656,"rightPaddleY":0.9517318555454789,"ballX":0.8489309686076209,"ballY":0.7295396192159431}
