{"leftPaddleY":0.32378287006559875,"rightPaddleY":0.8742150749635744,"ballX":0.0558181257810192,"ballY":0.06901404490616546}
