{"leftPaddleY":0.28448942453429316,"rightPaddleY":0.25117494432071985,"ballX":0.9778124945784105,"ballY":0.9072584829133519}
