{"leftPaddleY":0.364058817327976,"rightPaddleY":0.36479027284611354,"ballX":0.6941856920414478,"ballY":0.05910471786250181}
