{"leftPaddleY":0.8909560481053516,"rightPaddleY":0.2655113876765893,"ballX":0.7510009685665905,"ballY":0.8577435361213033}
