{"leftPaddleY":0.7588160781825103,"rightPaddleY":0.7078239552095812,"ballX":0.26699895953306885,"ballY":0.95563109365464}
