{"leftPaddleY":0.25016895295633645,"rightPaddleY":0.6746050404823843,"ballX":0.8493808585024643,"ballY":0.09535951597784473}
