{"leftPaddleY":0.3044414146740737,"rightPaddleY":0.7990155976453402,"ballX":0.9737071462122375,"ballY":0.5316825412896338}
