{"leftPaddleY":0.14194617392085926,"rightPaddleY":0.2644640776793071,"ballX":0.9430399974670641,"ballY":0.03898791797386728}
