{"leftPaddleY":0.10016360391742876,"rightPaddleY":0.8000343206077448,"ballX":0.5017016682410254,"ballY":0.8248765238128769}
