{"leftPaddleY":0.2889455693740541,"rightPaddleY":0.4917838321536216,"ballX":0.6764613688671202,"ballY":0.9097536353947477}
