{"leftPaddleY":0.11684781134691224,"rightPaddleY":0.5252694586098358,"ballX":0.24351507222265578,"ballY":0.039557597207186136}
