{"leftPaddleY":0.06667278131845186,"rightPaddleY":0.19703886055753175,"ballX":0.48882041696166917,"ballY":0.1426778279281858}
