{"leftPaddleY":0.3024834872630463,"rightPaddleY":0.036217399373183155,"ballX":0.6663574872735788,"ballY":0.4278702325361535}
