{"leftPaddleY":0.3359389735656662,"rightPaddleY":0.27754562658503035,"ballX":0.7046839689827524,"ballY":0.986532343919473}
