{"leftPaddleY":0.621324711490881,"rightPaddleY":0.8421388142323033,"ballX":0.172175691282431,"ballY":0.7439847750424884}
