{"leftPaddleY":0.4013102824221436,"rightPaddleY":0.6052564561734525,"ballX":0.30208990586328127,"ballY":0.41577639008015277}
