{"leftPaddleY":0.3573426153057014,"rightPaddleY":0.5992300810172071,"ballX":0.0028083249865535663,"ballY":0.11469638341088474}
