{"leftPaddleY":0.4716517050679124,"rightPaddleY":0.6691816811020146,"ballX":0.5128941233270825,"ballY":0.10953509744606975}
