{"leftPaddleY":0.6372851251418147,"rightPaddleY":0.9014292538686568,"ballX":0.05327983409098948,"ballY":0.7392145046187291}
