{"leftPaddleY":0.29397093635979815,"rightPaddleY":0.23286743581606273,"ballX":0.9965049765361443,"ballY":0.5128635307083617}
