{"leftPaddleY":0.28428879874557,"rightPaddleY":0.7070663318090573,"ballX":0.8577727835882959,"ballY":0.7309529123675167}
