{"leftPaddleY":0.12009812983171797,"rightPaddleY":0.22494661276026962,"ballX":0.9407248330254705,"ballY":0.6592018038961762}
