{"leftPaddleY":0.9355994474278098,"rightPaddleY":0.7313112892762192,"ballX":0.02113738703843056,"ballY":0.13169827268369802}
