{"leftPaddleY":0.055417448467509095,"rightPaddleY":0.9621402891513626,"ballX":0.3188745513455871,"ballY":0.7095638040651446}
