{"leftPaddleY":0.1554434234969412,"rightPaddleY":0.4287528234417237,"ballX":0.574513836622778,"ballY":0.6757525883629107}
