{"leftPaddleY":0.29560787377653874,"rightPaddleY":0.4817715481412811,"ballX":0.8195870353714072,"ballY":0.265344931144929}
