{"leftPaddleY":0.013135126465007889,"rightPaddleY":0.8243333166034289,"ballX":0.19080409262742634,"ballY":0.45491916462121457}
