{"leftPaddleY":0.5069076846713463,"rightPaddleY":0.03430141196803437,"ballX":0.8465729612278472,"ballY":0.0592592954925694}
