{"leftPaddleY":0.1787568624117638,"rightPaddleY":0.4636554927606775,"ballX":0.43062840568510274,"ballY":0.5861532146105076}
