{"leftPaddleY":0.09501907793519393,"rightPaddleY":0.10240096432838168,"ballX":0.7177622644009156,"ballY":0.7090032639480118}
