{"leftPaddleY":0.2957776434170769,"rightPaddleY":0.48740395064462344,"ballX":0.8443220290075704,"ballY":0.3753954761782225}
