{"leftPaddleY":0.5491963724618564,"rightPaddleY":0.5901859953468157,"ballX":0.3337932140070873,"ballY":0.5694010888874624}
