{"leftPaddleY":0.9686744653076823,"rightPaddleY":0.7438292452489556,"ballX":0.9792378001757251,"ballY":0.47298264446373334}
