{"leftPaddleY":0.9154883865631209,"rightPaddleY":0.47162377440487646,"ballX":0.19070193890981668,"ballY":0.7957658286906206}
