{"leftPaddleY":0.31812097259572636,"rightPaddleY":0.40220616293768224,"ballX":0.12642514077828101,"ballY":0.8283346120500338}
