{"leftPaddleY":0.5974199318549308,"rightPaddleY":0.6035830789045272,"ballX":0.46218390505571266,"ballY":0.23563078077823818}
