{"leftPaddleY":0.5839244863198565,"rightPaddleY":0.3668412435888666,"ballX":0.6069245527616799,"ballY":0.1582909007626643}
