{"leftPaddleY":0.8606481503640314,"rightPaddleY":0.696208185530827,"ballX":0.46984481706534037,"ballY":0.514694314389195}
