{"leftPaddleY":0.5849123382548708,"rightPaddleY":0.8465753840254026,"ballX":0.412657098466218,"ballY":0.1120569871996797}
