{"leftPaddleY":0.5743095868452688,"rightPaddleY":0.604889626992276,"ballX":0.7158444796635294,"ballY":0.8681776557347106}
