{"leftPaddleY":0.4201663507490111,"rightPaddleY":0.35645058778646144,"ballX":0.3604059452089917,"ballY":0.14509984198289808}
