{"leftPaddleY":0.4595168483602173,"rightPaddleY":0.8002865042669675,"ballX":0.4255286978450074,"ballY":0.8448635390663621}
