{"leftPaddleY":0.027845315173348328,"rightPaddleY":0.4361861686926481,"ballX":0.355308416485331,"ballY":0.7140843045567661}
