{"leftPaddleY":0.47620928973788307,"rightPaddleY":0.15332222098753837,"ballX":0.542850377783976,"ballY":0.4047061911841679}
