{"leftPaddleY":0.6603331263922306,"rightPaddleY":0.11643652842658678,"ballX":0.7214657787950146,"ballY":0.5298506842096181}
