{"leftPaddleY":0.5087087280358883,"rightPaddleY":0.8293686216699769,"ballX":0.4741683844156432,"ballY":0.5412043604352808}
