{"leftPaddleY":0.5091416010203905,"rightPaddleY":0.6535298545114298,"ballX":0.06873737811634742,"ballY":0.2441075539291307}
