{"leftPaddleY":0.669752757552785,"rightPaddleY":0.5266479360878342,"ballX":0.9550757338354109,"ballY":0.5175228517282715}
