{"leftPaddleY":0.6148860390548567,"rightPaddleY":0.9426765551036601,"ballX":0.5514351562228064,"ballY":0.1282481731933913}
