{"leftPaddleY":0.4011246959345049,"rightPaddleY":0.21055232410478503,"ballX":0.43035709473919775,"ballY":0.18650618264277236}
