{"leftPaddleY":0.14828955558544624,"rightPaddleY":0.12798168345849692,"ballX":0.970146645227456,"ballY":0.37776127655586444}
