{"leftPaddleY":0.33191819935464534,"rightPaddleY":0.8296271074905628,"ballX":0.802548496075141,"ballY":0.22493456942931175}
