{"leftPaddleY":0.5900206286159893,"rightPaddleY":0.13285191093675558,"ballX":0.31631040158656376,"ballY":0.07574910319880987}
