{"leftPaddleY":0.7195454325772556,"rightPaddleY":0.7386803947744387,"ballX":0.1786611169096064,"ballY":0.7171683767594609}
