{"leftPaddleY":0.4587041354479695,"rightPaddleY":0.07148544516925791,"ballX":0.44341248823403845,"ballY":0.9256587195130683}
