{"leftPaddleY":0.5192676301373537,"rightPaddleY":0.022474379084703126,"ballX":0.7334237193670107,"ballY":0.29927438349631874}
