{"leftPaddleY":0.8071206012630533,"rightPaddleY":0.19402122467202584,"ballX":0.8331612966373597,"ballY":0.06493369452063792}
