{"leftPaddleY":0.34616500740255535,"rightPaddleY":0.027648962564295165,"ballX":0.8610823896127326,"ballY":0.5846813357348145}
