{"leftPaddleY":0.5941819530290504,"rightPaddleY":0.5437320636313432,"ballX":0.7468518853054559,"ballY":0.7861195815811292}
