{"leftPaddleY":0.5575001169136553,"rightPaddleY":0.12390291515912547,"ballX":0.2928745865951512,"ballY":0.8404655093428931}
