{"leftPaddleY":0.3941262793288631,"rightPaddleY":0.7738085638436846,"ballX":0.6991331402986872,"ballY":0.4191505054906456}
