{"leftPaddleY":0.9459687989569924,"rightPaddleY":0.19417139508083894,"ballX":0.9742061955376783,"ballY":0.7365798401267108}
