{"leftPaddleY":0.7847587232596035,"rightPaddleY":0.7242472745062798,"ballX":0.025817250920866786,"ballY":0.7194527718957591}
