{"leftPaddleY":0.46959610634994425,"rightPaddleY":0.743553371873655,"ballX":0.03363239217779503,"ballY":0.431878857776914}
