{"leftPaddleY":0.09302579820603864,"rightPaddleY":0.6420813498855267,"ballX":0.09508194123751555,"ballY":0.18242974117996935}
