{"leftPaddleY":0.37529180263592327,"rightPaddleY":0.3740598622668993,"ballX":0.8307530327357843,"ballY":0.23770313675345042}
