{"leftPaddleY":0.0360505517225686,"rightPaddleY":0.8063459879775466,"ballX":0.7618797463606389,"ballY":0.3669497225378403}
