{"leftPaddleY":0.18755898438121504,"rightPaddleY":0.76993447762806,"ballX":0.4463093871345916,"ballY":0.34748218837241085}
