{"leftPaddleY":0.07851603933470948,"rightPaddleY":0.43414364563953983,"ballX":0.44395351993333393,"ballY":0.9900062958820891}
