{"leftPaddleY":0.888403657968255,"rightPaddleY":0.6284479355333381,"ballX":0.6117289245533953,"ballY":0.7469527849870022}
