{"leftPaddleY":0.8819513649139283,"rightPaddleY":0.6800771207462261,"ballX":0.3193206691665688,"ballY":0.35467940290439237}
