{"leftPaddleY":0.6111679570274308,"rightPaddleY":0.060785891814435514,"ballX":0.2647375232369635,"ballY":0.5733607660152147}
