{"leftPaddleY":0.6309428142280952,"rightPaddleY":0.391496335780908,"ballX":0.41917585356574916,"ballY":0.7557549781790742}
