{"leftPaddleY":0.944965646415641,"rightPaddleY":0.8195536610828715,"ballX":0.11459257014844977,"ballY":0.43800742268289367}
