{"leftPaddleY":0.5474077093220093,"rightPaddleY":0.8476924377588032,"ballX":0.5654971779552637,"ballY":0.15783614839468624}
