{"leftPaddleY":0.45661345085535554,"rightPaddleY":0.008736651809247709,"ballX":0.6114348860165258,"ballY":0.8592846883379519}
