{"leftPaddleY":0.5457610121279093,"rightPaddleY":0.6551610699572133,"ballX":0.040437043284644154,"ballY":0.6235858069530812}
