{"leftPaddleY":0.21835924393619152,"rightPaddleY":0.8218270517167645,"ballX":0.6060705330160878,"ballY":0.4907568518356258}
