{"leftPaddleY":0.9012168250261507,"rightPaddleY":0.6913853256064801,"ballX":0.5419821798305248,"ballY":0.017778181594185927}
