{"leftPaddleY":0.14439170537429827,"rightPaddleY":0.22376736648798873,"ballX":0.6092729227863518,"ballY":0.5843322382637113}
