{"leftPaddleY":0.35373449092331544,"rightPaddleY":0.557762832098668,"ballX":0.07526887181108903,"ballY":0.26257316835127753}
