{"leftPaddleY":0.9136920429656752,"rightPaddleY":0.132052176449654,"ballX":0.5786302484814169,"ballY":0.35692677381600374}
