{"leftPaddleY":0.18882888316665739,"rightPaddleY":0.32308297656526813,"ballX":0.2772004222095853,"ballY":0.9372117873028816}
