{"leftPaddleY":0.7763102188445364,"rightPaddleY":0.5101762489543231,"ballX":0.987369116007046,"ballY":0.9025119671831742}
