{"leftPaddleY":0.7388970440006685,"rightPaddleY":0.7321552665376245,"ballX":0.5499883784427536,"ballY":0.8581997709039806}
