{"leftPaddleY":0.1127249577820843,"rightPaddleY":0.49005375555784064,"ballX":0.5939564104057901,"ballY":0.42885931705374475}
