{"leftPaddleY":0.5963663827797642,"rightPaddleY":0.9746809358703404,"ballX":0.2651299131868214,"ballY":0.7047940636301603}
