{"leftPaddleY":0.003792244620533424,"rightPaddleY":0.1761894900920939,"ballX":0.8017720043665796,"ballY":0.39224091250131177}
