{"leftPaddleY":0.82197481867138,"rightPaddleY":0.11549094808511312,"ballX":0.5114103471681416,"ballY":0.749064651846115}
