{"leftPaddleY":0.2609543204484215,"rightPaddleY":0.7934908666309648,"ballX":0.23781643030233093,"ballY":0.9309290397093041}
