{"leftPaddleY":0.046727543332650244,"rightPaddleY":0.45786000847491376,"ballX":0.4574734372874401,"ballY":0.46912634224611177}
