{"leftPaddleY":0.9245327393636633,"rightPaddleY":0.7800938751753509,"ballX":0.10233567770805439,"ballY":0.9724334720252618}
