{"leftPaddleY":0.9079120662628211,"rightPaddleY":0.23169605376885888,"ballX":0.8434204996600476,"ballY":0.4757876539903456}
