{"leftPaddleY":0.3247196904889802,"rightPaddleY":0.6657880837925497,"ballX":0.3067495966221312,"ballY":0.7777235696497806}
