{"leftPaddleY":0.6039601430985647,"rightPaddleY":0.6738893679537536,"ballX":0.7663368090551881,"ballY":0.6052598959205319}
