{"leftPaddleY":0.3012040191678539,"rightPaddleY":0.30199991640942914,"ballX":0.5137043634176829,"ballY":0.6723255717479791}
