{"leftPaddleY":0.8210516972782664,"rightPaddleY":0.06408675959544365,"ballX":0.6258896657760178,"ballY":0.6823797857246233}
