{"leftPaddleY":0.17817405347175846,"rightPaddleY":0.44898926854824167,"ballX":0.2590095548183117,"ballY":0.7189518801440634}
