{"leftPaddleY":0.49657326531211377,"rightPaddleY":0.15934723870185685,"ballX":0.9065230298368915,"ballY":0.9093585150029972}
