{"leftPaddleY":0.2600484890387031,"rightPaddleY":0.4373033352044261,"ballX":0.8362740415292576,"ballY":0.17832874373545052}
