{"leftPaddleY":0.6447662230735417,"rightPaddleY":0.21504092541810868,"ballX":0.9986283896133215,"ballY":0.026950765833478864}
