{"leftPaddleY":0.37691608676621396,"rightPaddleY":0.3078015706208629,"ballX":0.93747648386827,"ballY":0.010229407904236406}
