{"leftPaddleY":0.6016494251226833,"rightPaddleY":0.08586071635651338,"ballX":0.5290304096799249,"ballY":0.9579483117539002}
