{"leftPaddleY":0.7256879298352689,"rightPaddleY":0.2643759614490532,"ballX":0.8810695784066322,"ballY":0.43485360040891097}
