{"leftPaddleY":0.6163807915685474,"rightPaddleY":0.6336155634082403,"ballX":0.9796583715993307,"ballY":0.2614615137293633}
