{"leftPaddleY":0.8089122802492289,"rightPaddleY":0.17151719309979596,"ballX":0.4837415712725528,"ballY":0.7732030100851007}
