{"leftPaddleY":0.514616624493297,"rightPaddleY":0.9100755171532512,"ballX":0.11207816453858627,"ballY":0.2775229582042088}
