{"leftPaddleY":0.5577460048430142,"rightPaddleY":0.10523543610849442,"ballX":0.4480476986627383,"ballY":0.8263857423974206}
