{"leftPaddleY":0.0236712701947978,"rightPaddleY":0.6970368955149164,"ballX":0.6992018685855,"ballY":0.4440117791349964}
