{"leftPaddleY":0.6746829100542032,"rightPaddleY":0.3450048775638324,"ballX":0.21622056907946502,"ballY":0.6196307197891446}
