{"leftPaddleY":0.07212079691977812,"rightPaddleY":0.2525455978912818,"ballX":0.6100909803871352,"ballY":0.9970146563711424}
