{"leftPaddleY":0.995321952626035,"rightPaddleY":0.8695547276165924,"ballX":0.9208486718877295,"ballY":0.25985954055946703}
