{"leftPaddleY":0.42921596336187834,"rightPaddleY":0.5021862723699615,"ballX":0.27111739967466125,"ballY":0.8213711553299433}
