{"leftPaddleY":0.8713759405047778,"rightPaddleY":0.8784123682467622,"ballX":0.0650218954839629,"ballY":0.5053808044794426}
