{"leftPaddleY":0.35060681182161907,"rightPaddleY":0.7916916758935916,"ballX":0.028933838157747683,"ballY":0.17293724941762714}
