{"leftPaddleY":0.6180217016453116,"rightPaddleY":0.8921777317491888,"ballX":0.15239393072107105,"ballY":0.6516542627491954}
