{"leftPaddleY":0.45631234394926223,"rightPaddleY":0.1892049945249548,"ballX":0.878834560362024,"ballY":0.3773553947409766}
