{"leftPaddleY":0.6724498877661365,"rightPaddleY":0.64760125275593,"ballX":0.5245170454280029,"ballY":0.6359925121163372}
