{"leftPaddleY":0.03657372053249682,"rightPaddleY":0.46982966109486196,"ballX":0.8452409965862208,"ballY":0.3535649786189898}
