{"leftPaddleY":0.28867689849792005,"rightPaddleY":0.9211440687391523,"ballX":0.7608711839989585,"ballY":0.07300761621110985}
