{"leftPaddleY":0.2985815888801703,"rightPaddleY":0.957233133947833,"ballX":0.20243229736141508,"ballY":0.6713293264568961}
