{"leftPaddleY":0.46522947952740074,"rightPaddleY":0.9559772694081303,"ballX":0.6060252795375397,"ballY":0.6299683716963494}
