{"leftPaddleY":0.48284897020760975,"rightPaddleY":0.6230009583711613,"ballX":0.9588030007513323,"ballY":0.646054514216427}
