{"leftPaddleY":0.38656907473548685,"rightPaddleY":0.3738098723712193,"ballX":0.5951418313881138,"ballY":0.2606066957988746}
