{"leftPaddleY":0.7895584927416288,"rightPaddleY":0.36104351558693587,"ballX":0.4594194232942646,"ballY":0.7973491042211621}
