{"leftPaddleY":0.6179603916829753,"rightPaddleY":0.170722434165441,"ballX":0.11604242170273395,"ballY":0.8662989871118164}
