{"leftPaddleY":0.803036067208303,"rightPaddleY":0.8531379583559603,"ballX":0.21401401222334743,"ballY":0.3657174759449791}
