{"leftPaddleY":0.5850884416440711,"rightPaddleY":0.7307109469861811,"ballX":0.9381456524604451,"ballY":0.741337110193909}
