{"leftPaddleY":0.9041608466961434,"rightPaddleY":0.19653521324813164,"ballX":0.04913201045545742,"ballY":0.5059089907028539}
