{"leftPaddleY":0.19351848748553357,"rightPaddleY":0.5916653039350018,"ballX":0.1677992578601114,"ballY":0.7109916963611422}
