{"leftPaddleY":0.13367734799961764,"rightPaddleY":0.047897789681333666,"ballX":0.19676915611978413,"ballY":0.8207797457208438}
