{"leftPaddleY":0.716531407821894,"rightPaddleY":0.7803104482313415,"ballX":0.12303789869637952,"ballY":0.31641787720779374}
