{"leftPaddleY":0.8429709342387678,"rightPaddleY":0.18915253159172493,"ballX":0.01741815179400416,"ballY":0.5959305141740672}
