{"leftPaddleY":0.1458959753969646,"rightPaddleY":0.613269308579982,"ballX":0.7389834957822236,"ballY":0.1621388825168134}
