{"leftPaddleY":0.9971369191973741,"rightPaddleY":0.7363262242461276,"ballX":0.8963708828351349,"ballY":0.38484371040276943}
