{"leftPaddleY":0.11539414306604003,"rightPaddleY":0.3618164562323929,"ballX":0.9203724594857727,"ballY":0.8798620354757718}
