{"leftPaddleY":0.7848695300854357,"rightPaddleY":0.9263118102479112,"ballX":0.5790405186900514,"ballY":0.785841301901179}
