{"leftPaddleY":0.25661402337999084,"rightPaddleY":0.9675083733851864,"ballX":0.596612526874172,"ballY":0.9499014766154387}
