{"leftPaddleY":0.29322100370971943,"rightPaddleY":0.31161303224155107,"ballX":0.2903537936091514,"ballY":0.7254171939343009}
