{"leftPaddleY":0.33114691813687613,"rightPaddleY":0.09804146747281837,"ballX":0.4935920665613804,"ballY":0.3679981121480663}
