{"leftPaddleY":0.31617824404718203,"rightPaddleY":0.7406474053008817,"ballX":0.7823995252152495,"ballY":0.07113894492163847}
