{"leftPaddleY":0.28021786702360113,"rightPaddleY":0.7162231459661873,"ballX":0.44733803578244036,"ballY":0.5987675929296503}
