{"leftPaddleY":0.382804052920114,"rightPaddleY":0.5804052690598536,"ballX":0.4643787052286643,"ballY":0.21495947218647696}
