{"leftPaddleY":0.6915684098654145,"rightPaddleY":0.7557541550445257,"ballX":0.4124860833626091,"ballY":0.07256728572277071}
