{"leftPaddleY":0.16240832817518644,"rightPaddleY":0.846739960818064,"ballX":0.3293426604125029,"ballY":0.2728759166772739}
