{"leftPaddleY":0.3043734264108109,"rightPaddleY":0.637698783904065,"ballX":0.5001484486838099,"ballY":0.5809747838088893}
