{"leftPaddleY":0.5804764436670469,"rightPaddleY":0.8615304233637938,"ballX":0.7131304450091606,"ballY":0.7865345694744543}
