{"leftPaddleY":0.9660501638504524,"rightPaddleY":0.1398759927088651,"ballX":0.7226970803553948,"ballY":0.6655915957816257}
