{"leftPaddleY":0.43340982915093307,"rightPaddleY":0.2251195186223122,"ballX":0.83313877567649,"ballY":0.18015019249143055}
