{"leftPaddleY":0.1914048897129522,"rightPaddleY":0.0667441118771245,"ballX":0.5091050234350077,"ballY":0.5625751407247281}
