{"leftPaddleY":0.6285020868814202,"rightPaddleY":0.23939629218942274,"ballX":0.9446538417862252,"ballY":0.39133928033750937}
