{"leftPaddleY":0.5654875457963141,"rightPaddleY":0.5938179802628382,"ballX":0.13333021048655522,"ballY":0.5921901731894147}
