{"leftPaddleY":0.6557774161832882,"rightPaddleY":0.6477741058782904,"ballX":0.9539375460191918,"ballY":0.8434216254649516}
