{"leftPaddleY":0.12364410011907012,"rightPaddleY":0.31962994205045436,"ballX":0.18422911816875207,"ballY":0.9142232608021151}
