{"leftPaddleY":0.08129355473724506,"rightPaddleY":0.7676851319471518,"ballX":0.14236543945281427,"ballY":0.5937998941458258}
