{"leftPaddleY":0.5555889298766759,"rightPaddleY":0.6793845035194271,"ballX":0.9533504799179388,"ballY":0.4524645995097298}
