{"leftPaddleY":0.6034705164600812,"rightPaddleY":0.5342093396306973,"ballX":0.7640424831533571,"ballY":0.7266939925372354}
