{"leftPaddleY":0.43917408700473537,"rightPaddleY":0.6288702313220264,"ballX":0.4527861862166178,"ballY":0.5776205836510198}
