{"leftPaddleY":0.24213786555056696,"rightPaddleY":0.14149735931622937,"ballX":0.44841585384758365,"ballY":0.9581595994138585}
