{"leftPaddleY":0.12990845283384303,"rightPaddleY":0.9420448898421215,"ballX":0.7907497251341083,"ballY":0.6376748898289096}
