{"leftPaddleY":0.8391135431979851,"rightPaddleY":0.6738286059674761,"ballX":0.15914724239346453,"ballY":0.18475975207314888}
