{"leftPaddleY":0.19341407927869925,"rightPaddleY":0.018281559765872257,"ballX":0.2932751973372862,"ballY":0.5687100544985545}
