{"leftPaddleY":0.10290672784954037,"rightPaddleY":0.3364137585904232,"ballX":0.1761913298213185,"ballY":0.8891105976104402}
