{"leftPaddleY":0.09720452513814723,"rightPaddleY":0.048607489786280086,"ballX":0.01592680844010769,"ballY":0.812295873552775}
