{"leftPaddleY":0.9558835055753019,"rightPaddleY":0.8357768262095939,"ballX":0.5423323809652867,"ballY":0.9412732976380136}
