{"leftPaddleY":0.15874052113770853,"rightPaddleY":0.7102855959931325,"ballX":0.0851246569476241,"ballY":0.8140373868103558}
