{"leftPaddleY":0.6360927746650868,"rightPaddleY":0.30113024954245793,"ballX":0.02635835079423932,"ballY":0.9686679907527559}
