{"leftPaddleY":0.48249066464156726,"rightPaddleY":0.1790188994741561,"ballX":0.06560192679105163,"ballY":0.44322450688375986}
