{"leftPaddleY":0.17934357985813895,"rightPaddleY":0.45799685432339743,"ballX":0.41338010956469895,"ballY":0.9605275510650618}
