{"leftPaddleY":0.011315962074846676,"rightPaddleY":0.5614450031646666,"ballX":0.6128830817345793,"ballY":0.9199357496606582}
