{"leftPaddleY":0.28264140956733963,"rightPaddleY":0.08467657916363158,"ballX":0.12130434704069745,"ballY":0.6221684516582294}
