{"leftPaddleY":0.7640391563353851,"rightPaddleY":0.08834047500887805,"ballX":0.693080242508354,"ballY":0.3403185805063756}
