{"leftPaddleY":0.7728059828506342,"rightPaddleY":0.6507392892471803,"ballX":0.7769453603229738,"ballY":0.04811396076712682}
