{"leftPaddleY":0.6301603517360276,"rightPaddleY":0.25207383688430807,"ballX":0.14168816572104084,"ballY":0.3371473171061366}
