{"leftPaddleY":0.8378085024863492,"rightPaddleY":0.6241916829948707,"ballX":0.9847258339673318,"ballY":0.2554888649557364}
