{"leftPaddleY":0.053124145440419664,"rightPaddleY":0.7007127606011658,"ballX":0.5171151500158048,"ballY":0.7232725022344662}
