{"leftPaddleY":0.3260972704763328,"rightPaddleY":0.6363667530485909,"ballX":0.2814774707460931,"ballY":0.500825231989597}
