{"leftPaddleY":0.9780338484459276,"rightPaddleY":0.6178362029396274,"ballX":0.6632277530559628,"ballY":0.879959905125435}
