{"leftPaddleY":0.02409461027495859,"rightPaddleY":0.730192111545581,"ballX":0.3743080099661498,"ballY":0.45567801016222187}
