{"leftPaddleY":0.8642814135034075,"rightPaddleY":0.336716897225596,"ballX":0.6557916943378352,"ballY":0.7907023649737022}
