{"leftPaddleY":0.0071257867770776525,"rightPaddleY":0.16099066832887007,"ballX":0.9673702727629452,"ballY":0.3851666324908994}
