{"leftPaddleY":0.4501368745858818,"rightPaddleY":0.8637674909322077,"ballX":0.5976181266877133,"ballY":0.3429857241946481}
