{"leftPaddleY":0.294913265533543,"rightPaddleY":0.04784881231068255,"ballX":0.0798371368931548,"ballY":0.7543250244998417}
