{"leftPaddleY":0.33371198825395987,"rightPaddleY":0.4180329666661409,"ballX":0.1978877363821487,"ballY":0.8651414840666158}
