{"leftPaddleY":0.9376190004648572,"rightPaddleY":0.3816299541072545,"ballX":0.2194462961188633,"ballY":0.6108654244607545}
