{"leftPaddleY":0.5291644833427577,"rightPaddleY":0.1194736929926336,"ballX":0.9942100576635259,"ballY":0.9321039843308647}
