{"leftPaddleY":0.10210760796421083,"rightPaddleY":0.07190991428142585,"ballX":0.2972554582492152,"ballY":0.6169820737212507}
