{"leftPaddleY":0.3432870821641538,"rightPaddleY":0.42002532266533316,"ballX":0.3672853296445276,"ballY":0.014450880649672052}
