{"leftPaddleY":0.4349924623367622,"rightPaddleY":0.9424568223928723,"ballX":0.1962254632429845,"ballY":0.6729324882643317}
