{"leftPaddleY":0.9573686420532641,"rightPaddleY":0.8990125694847558,"ballX":0.4346198605211642,"ballY":0.606124935118464}
