{"leftPaddleY":0.4877349857932389,"rightPaddleY":0.7649444321059882,"ballX":0.6744346621479653,"ballY":0.8026625567923432}
