{"leftPaddleY":0.20076602393972462,"rightPaddleY":0.22229353111018818,"ballX":0.8416081102518416,"ballY":0.0030594442300185256}
