{"leftPaddleY":0.7507873942416018,"rightPaddleY":0.0034530397017747414,"ballX":0.6893691703019723,"ballY":0.02066446999624036}
