{"leftPaddleY":0.8201994599598779,"rightPaddleY":0.5282866933217514,"ballX":0.13732478999105763,"ballY":0.1388613270530338}
