{"leftPaddleY":0.7089756086018953,"rightPaddleY":0.3513210410380058,"ballX":0.494810653284426,"ballY":0.9312127479869527}
