{"leftPaddleY":0.5942561539295023,"rightPaddleY":0.2477742941875617,"ballX":0.8089451756120817,"ballY":0.8246364407962165}
