{"leftPaddleY":0.5974050607354665,"rightPaddleY":0.5160814288024972,"ballX":0.7737963053855343,"ballY":0.7377697074393198}
