{"leftPaddleY":0.45309091598449597,"rightPaddleY":0.18337719657848772,"ballX":0.4649862461631535,"ballY":0.09750004017375297}
