{"leftPaddleY":0.059148248447623446,"rightPaddleY":0.3606632790315719,"ballX":0.6507092657209861,"ballY":0.4750084195175811}
