{"leftPaddleY":0.3711154102733422,"rightPaddleY":0.7193349317444797,"ballX":0.9537829109229929,"ballY":0.08766645329785851}
