{"leftPaddleY":0.5596438638689248,"rightPaddleY":0.33531718739651145,"ballX":0.23047756487645524,"ballY":0.3777877493501596}
