{"leftPaddleY":0.173945401089719,"rightPaddleY":0.8113572619498627,"ballX":0.8556659264751099,"ballY":0.10002211044966565}
