{"leftPaddleY":0.09578831671392897,"rightPaddleY":0.5769880997296174,"ballX":0.47895997860348627,"ballY":0.27294856424113684}
