{"leftPaddleY":0.38675176847236686,"rightPaddleY":0.5118489680222821,"ballX":0.42392893959334116,"ballY":0.9838495596150046}
