{"leftPaddleY":0.5408067663797999,"rightPaddleY":0.9557710242784987,"ballX":0.18045680520864665,"ballY":0.9667999923264521}
