{"leftPaddleY":0.856769743181632,"rightPaddleY":0.9496627212274943,"ballX":0.3856473933492947,"ballY":0.519968441897984}
