{"leftPaddleY":0.453466789654411,"rightPaddleY":0.9138843225087201,"ballX":0.1085878085198225,"ballY":0.5020277170875781}
