{"leftPaddleY":0.6298580758211968,"rightPaddleY":0.07704152395174739,"ballX":0.454381309317333,"ballY":0.16050131245967156}
