{"leftPaddleY":0.21340931994267404,"rightPaddleY":0.3303208159520566,"ballX":0.6320302652880535,"ballY":0.16514810115344894}
