{"leftPaddleY":0.8296809841073215,"rightPaddleY":0.07982625982592627,"ballX":0.06766046755937698,"ballY":0.8152043585507018}
