{"leftPaddleY":0.28534268257492934,"rightPaddleY":0.8408307220688295,"ballX":0.9825682159182717,"ballY":0.8465500530663062}
