{"leftPaddleY":0.9426766099630962,"rightPaddleY":0.4076742759108814,"ballX":0.8198398698716856,"ballY":0.503771104004829}
