{"leftPaddleY":0.14235417990318808,"rightPaddleY":0.10240317518054362,"ballX":0.23542592493363543,"ballY":0.6865825711415109}
