{"leftPaddleY":0.8072123812017492,"rightPaddleY":0.6632679885073092,"ballX":0.2824473522704463,"ballY":0.10195861231723793}
