{"leftPaddleY":0.447420025892541,"rightPaddleY":0.6555714884023109,"ballX":0.640403858931489,"ballY":0.6484322639491014}
