{"leftPaddleY":0.7648610837620987,"rightPaddleY":0.1380117372503382,"ballX":0.5738436640424666,"ballY":0.3451039782635805}
