{"leftPaddleY":0.4055877355225301,"rightPaddleY":0.647659940127866,"ballX":0.20528992107247454,"ballY":0.7504649639847142}
