{"leftPaddleY":0.9032332449227801,"rightPaddleY":0.062105912313710245,"ballX":0.41623522220742376,"ballY":0.8468768203536334}
