{"leftPaddleY":0.66422934150821,"rightPaddleY":0.48382248743686884,"ballX":0.20430488864854265,"ballY":0.9958173799096223}
