{"leftPaddleY":0.31095052520909117,"rightPaddleY":0.8270688647777288,"ballX":0.3753645451329517,"ballY":0.9044227145318957}
