{"leftPaddleY":0.4373318746536056,"rightPaddleY":0.803960404967063,"ballX":0.755293353917505,"ballY":0.5572685566965307}
