{"leftPaddleY":0.8728617353659467,"rightPaddleY":0.06906283193558953,"ballX":0.9636705893517068,"ballY":0.02500900033393028}
