{"leftPaddleY":0.9435522031841118,"rightPaddleY":0.6393694124583977,"ballX":0.7277702349572408,"ballY":0.7001592008841345}
