{"leftPaddleY":0.4148044425892438,"rightPaddleY":0.945970673323444,"ballX":0.47212669936339674,"ballY":0.6264208301847578}
