{"leftPaddleY":0.3616160121143936,"rightPaddleY":0.810110380383619,"ballX":0.03593063222678207,"ballY":0.862005499052268}
