{"leftPaddleY":0.7535115076678512,"rightPaddleY":0.3387866095650727,"ballX":0.23039229938065353,"ballY":0.3859921164437767}
