{"leftPaddleY":0.48652993195858457,"rightPaddleY":0.6468390936078597,"ballX":0.4474510156934731,"ballY":0.22616937112709834}
