{"leftPaddleY":0.1214761529486215,"rightPaddleY":0.16757623891192167,"ballX":0.19969775291060649,"ballY":0.6276464260616553}
