{"leftPaddleY":0.4677194329075476,"rightPaddleY":0.5567984305152226,"ballX":0.3448810961295043,"ballY":0.5269091312105981}
