{"leftPaddleY":0.6021127596800977,"rightPaddleY":0.5846954901535983,"ballX":0.07889236886896056,"ballY":0.20317494682755108}
