{"leftPaddleY":0.9858801555527391,"rightPaddleY":0.7903278897593192,"ballX":0.1861215810976257,"ballY":0.3513302023940605}
