{"leftPaddleY":0.13058392342739406,"rightPaddleY":0.06496130829677227,"ballX":0.10389362321623782,"ballY":0.6679082548384643}
