{"leftPaddleY":0.48759437721081816,"rightPaddleY":0.07536777174655211,"ballX":0.4384991078478707,"ballY":0.23110458481263454}
