{"leftPaddleY":0.796299336822581,"rightPaddleY":0.08937373420710462,"ballX":0.3728730019976088,"ballY":0.20014086493339897}
