{"leftPaddleY":0.5872047973641944,"rightPaddleY":0.9281140190254845,"ballX":0.3346507160047676,"ballY":0.8566454017766593}
