{"leftPaddleY":0.49677056965881256,"rightPaddleY":0.7455457284042013,"ballX":0.9956395221139469,"ballY":0.7159595955593858}
