{"leftPaddleY":0.06953286220277693,"rightPaddleY":0.894150690082067,"ballX":0.20805182945932518,"ballY":0.04749780049197511}
