{"leftPaddleY":0.9476598669586503,"rightPaddleY":0.1048322162860684,"ballX":0.24311586987633024,"ballY":0.9962817361605629}
