{"leftPaddleY":0.23833692225368122,"rightPaddleY":0.24092932866537334,"ballX":0.6731022066166794,"ballY":0.9514707258928705}
