{"leftPaddleY":0.7727283962674226,"rightPaddleY":0.04497598986568022,"ballX":0.6995844552684453,"ballY":0.22191335432447873}
