{"leftPaddleY":0.3622682441706295,"rightPaddleY":0.26403529522670316,"ballX":0.6638586103795203,"ballY":0.5208684588473907}
