{"leftPaddleY":0.6566452494213608,"rightPaddleY":0.9757523720389842,"ballX":0.34444461016958744,"ballY":0.058601044733675334}
