{"leftPaddleY":0.03449955623604058,"rightPaddleY":0.9975219275992073,"ballX":0.06198369380176913,"ballY":0.557504036545164}
