{"leftPaddleY":0.4883871314427221,"rightPaddleY":0.3503946432999022,"ballX":0.26029835990785566,"ballY":0.912296818702183}
