{"leftPaddleY":0.9794577325146301,"rightPaddleY":0.12948584925049036,"ballX":0.5344388351126326,"ballY":0.5394513071357321}
