{"leftPaddleY":0.8536925280853807,"rightPaddleY":0.3448697222015064,"ballX":0.04859754886195999,"ballY":0.6935573811766969}
