{"leftPaddleY":0.7720085502046269,"rightPaddleY":0.6093707018027289,"ballX":0.13550899828612684,"ballY":0.03865656614412479}
