{"leftPaddleY":0.6251334538022224,"rightPaddleY":0.09733738298770676,"ballX":0.5747019134160845,"ballY":0.032441238632743785}
