{"leftPaddleY":0.5552291298600592,"rightPaddleY":0.20290944018548215,"ballX":0.37452218363888007,"ballY":0.4611856765002574}
