{"leftPaddleY":0.9892956531792997,"rightPaddleY":0.8728533811536642,"ballX":0.8154656227384858,"ballY":0.13871347151665797}
