{"leftPaddleY":0.4245281296269335,"rightPaddleY":0.17117806131276608,"ballX":0.18801464541405977,"ballY":0.8333281149682544}
