{"leftPaddleY":0.10284165068523317,"rightPaddleY":0.05304152134761409,"ballX":0.9461633712881087,"ballY":0.8297682131809101}
