{"leftPaddleY":0.4065835284188195,"rightPaddleY":0.5970138302737321,"ballX":0.9480621332479269,"ballY":0.5579632875923105}
