{"leftPaddleY":0.3583597451647946,"rightPaddleY":0.03768177602192108,"ballX":0.1605130860538403,"ballY":0.22275001406556436}
