{"leftPaddleY":0.693177436486676,"rightPaddleY":0.3695213045436309,"ballX":0.27020902419540743,"ballY":0.7619738579879309}
