{"leftPaddleY":0.7349014394505394,"rightPaddleY":0.4192771929331731,"ballX":0.39794898341450874,"ballY":0.14507210854931565}
