{"leftPaddleY":0.6707745966701201,"rightPaddleY":0.4680778539317803,"ballX":0.2561176743195185,"ballY":0.6790163997424133}
