{"leftPaddleY":0.39190461487383194,"rightPaddleY":0.7838859008412012,"ballX":0.46809448325127195,"ballY":0.44072714519976786}
