{"leftPaddleY":0.946754722928183,"rightPaddleY":0.7112314232068863,"ballX":0.63468880908655,"ballY":0.9554571824058543}
