{"leftPaddleY":0.8137254977528563,"rightPaddleY":0.6217511426751213,"ballX":0.16100779844984786,"ballY":0.8754363162165284}
