{"leftPaddleY":0.5921270575955295,"rightPaddleY":0.39950785247601106,"ballX":0.3185775934178086,"ballY":0.6049719229788331}
