{"leftPaddleY":0.40597364419668147,"rightPaddleY":0.14614655649132213,"ballX":0.536101081116123,"ballY":0.20136885215819844}
