{"leftPaddleY":0.24984317215734267,"rightPaddleY":0.26198504683983365,"ballX":0.6062563024429253,"ballY":0.17221212312862474}
