{"leftPaddleY":0.4209950458621725,"rightPaddleY":0.3276198488088104,"ballX":0.9797771749898878,"ballY":0.4727326196784675}
