{"leftPaddleY":0.7051753877257078,"rightPaddleY":0.3745202902634633,"ballX":0.6417797477604431,"ballY":0.8419846271469805}
