{"leftPaddleY":0.522267155039501,"rightPaddleY":0.735893443281499,"ballX":0.8211303374885677,"ballY":0.4023153723860945}
