{"leftPaddleY":0.3914652856543779,"rightPaddleY":0.8059916206748036,"ballX":0.8536038850309012,"ballY":0.16146558614932632}
