{"leftPaddleY":0.33334784926411404,"rightPaddleY":0.24963246706926187,"ballX":0.39570165143633096,"ballY":0.1479063550184373}
