{"leftPaddleY":0.7224612732060265,"rightPaddleY":0.07919263498276805,"ballX":0.2124147092663631,"ballY":0.6076869460711173}
