{"leftPaddleY":0.7971359807039877,"rightPaddleY":0.02280115190700373,"ballX":0.6056132101765711,"ballY":0.12382313029065364}
