{"leftPaddleY":0.425326664127274,"rightPaddleY":0.6368773982385015,"ballX":0.8332935072763935,"ballY":0.3537827775095391}
