{"leftPaddleY":0.4225170024976153,"rightPaddleY":0.843281953454002,"ballX":0.3403680406887089,"ballY":0.1669791403714662}
