{"leftPaddleY":0.284993545741875,"rightPaddleY":0.5807785306229325,"ballX":0.9325773519437983,"ballY":0.5210205139418304}
