{"leftPaddleY":0.15923776872287115,"rightPaddleY":0.8771010770709413,"ballX":0.704417911184424,"ballY":0.47277898997943313}
