{"leftPaddleY":0.010329470424653547,"rightPaddleY":0.9521487476163206,"ballX":0.8051722314771705,"ballY":0.699357706046781}
