{"leftPaddleY":0.055318844280438755,"rightPaddleY":0.83078279037006,"ballX":0.4726994465148642,"ballY":0.569035316121002}
