{"leftPaddleY":0.7362312146667841,"rightPaddleY":0.12098739404828945,"ballX":0.49381747293863715,"ballY":0.9064847878912132}
