{"leftPaddleY":0.9701287617447338,"rightPaddleY":0.019136491295478043,"ballX":0.24021989530015267,"ballY":0.5539807555245478}
