{"leftPaddleY":0.07494422271249133,"rightPaddleY":0.5702455301109112,"ballX":0.4187337178865909,"ballY":0.9909556377895279}
