{"leftPaddleY":0.07889031940352392,"rightPaddleY":0.9679262683820139,"ballX":0.09700312374204684,"ballY":0.6475553630116377}
