{"leftPaddleY":0.9537533150434023,"rightPaddleY":0.41987695165571215,"ballX":0.5491813574352319,"ballY":0.19867659505200813}
