{"leftPaddleY":0.42601883143481895,"rightPaddleY":0.9958933943842866,"ballX":0.02689950674872839,"ballY":0.1879314572189043}
