{"leftPaddleY":0.2337131427679944,"rightPaddleY":0.9507598110281084,"ballX":0.9308853086365563,"ballY":0.6031037589015183}
