{"leftPaddleY":0.2817880658104364,"rightPaddleY":0.7516196711547289,"ballX":0.07875271175827823,"ballY":0.8289046821819707}
