{"leftPaddleY":0.7324022559706657,"rightPaddleY":0.9564008608436787,"ballX":0.9356879542201755,"ballY":0.2650505875959533}
