{"leftPaddleY":0.9890467443605908,"rightPaddleY":0.09271182810666412,"ballX":0.910889043825327,"ballY":0.9928075870222073}
