{"leftPaddleY":0.6585381310338815,"rightPaddleY":0.48165956780627966,"ballX":0.8099786033118577,"ballY":0.7217192356053652}
