{"leftPaddleY":0.0368686358948178,"rightPaddleY":0.36688475445751156,"ballX":0.4344333331051864,"ballY":0.004104640731173728}
