{"leftPaddleY":0.267442604201234,"rightPaddleY":0.058883346591942845,"ballX":0.32111344041884887,"ballY":0.18421912006764404}
