{"leftPaddleY":0.6450263393351613,"rightPaddleY":0.07097815438983933,"ballX":0.12366655236157709,"ballY":0.18117570038659764}
