{"leftPaddleY":0.12480447181101077,"rightPaddleY":0.7397274056560301,"ballX":0.9448748261468907,"ballY":0.6271296395394969}
