{"leftPaddleY":0.4911726365018701,"rightPaddleY":0.5307142563397748,"ballX":0.9102490179172306,"ballY":0.8821282213483561}
