{"leftPaddleY":0.337379496266097,"rightPaddleY":0.2734715222673531,"ballX":0.9340730898730564,"ballY":0.5335831974585851}
