{"leftPaddleY":0.5798172888527071,"rightPaddleY":0.1972138988618193,"ballX":0.9243812383085283,"ballY":0.3769122474104232}
