{"leftPaddleY":0.658901958883549,"rightPaddleY":0.5674381333415998,"ballX":0.03589031854575663,"ballY":0.9235649796534071}
