{"leftPaddleY":0.6991974653059561,"rightPaddleY":0.8252877286461459,"ballX":0.32399641496753523,"ballY":0.19901653113179338}
