{"leftPaddleY":0.9862101902735558,"rightPaddleY":0.7909296794818285,"ballX":0.6105435509011835,"ballY":0.4160147181768854}
