{"leftPaddleY":0.39464793039575574,"rightPaddleY":0.9372505790522436,"ballX":0.723468809051666,"ballY":0.22996172533727363}
