{"leftPaddleY":0.005795998287810904,"rightPaddleY":0.40210709142353046,"ballX":0.5245247624501578,"ballY":0.09912009607367281}
