{"leftPaddleY":0.47989129110416534,"rightPaddleY":0.4830118245151964,"ballX":0.1856841966019321,"ballY":0.003505811598150638}
