{"leftPaddleY":0.6481487271439033,"rightPaddleY":0.49036650931733217,"ballX":0.24075628905116764,"ballY":0.16301485016059156}
