{"leftPaddleY":0.8047633353918534,"rightPaddleY":0.35496350304072977,"ballX":0.1312419456512589,"ballY":0.9522796886393319}
