{"leftPaddleY":0.5098448912225493,"rightPaddleY":0.4330777544874284,"ballX":0.4757273562069532,"ballY":0.5817446760847376}
