{"leftPaddleY":0.07380298779616055,"rightPaddleY":0.3735234536731718,"ballX":0.11350689318983388,"ballY":0.8960326098320353}
