{"leftPaddleY":0.6185665222768122,"rightPaddleY":0.12635110433259292,"ballX":0.014650643173552622,"ballY":0.3742660315215433}
