{"leftPaddleY":0.27374463948298844,"rightPaddleY":0.3249266938868201,"ballX":0.06422435593118815,"ballY":0.4095882962099624}
