{"leftPaddleY":0.8155607780591686,"rightPaddleY":0.10266707827538045,"ballX":0.8220326147623541,"ballY":0.8097573601563529}
