{"leftPaddleY":0.768700726359105,"rightPaddleY":0.3673772378308908,"ballX":0.8670939580250907,"ballY":0.29390701692644067}
