{"leftPaddleY":0.7780494440175388,"rightPaddleY":0.8585286274935731,"ballX":0.6600499569415278,"ballY":0.7270464234747978}
