{"leftPaddleY":0.23149558989474617,"rightPaddleY":0.5068076143806526,"ballX":0.11840111903727557,"ballY":0.8898613403729763}
