{"leftPaddleY":0.8712398280592397,"rightPaddleY":0.2850932969599017,"ballX":0.8543045020401827,"ballY":0.9422307551058263}
