{"leftPaddleY":0.9548837536169563,"rightPaddleY":0.6163385820067193,"ballX":0.9970763137444089,"ballY":0.026830164590616195}
