{"leftPaddleY":0.63828356215174,"rightPaddleY":0.6439730262491952,"ballX":0.3072192643333259,"ballY":0.7829671620587126}
