{"leftPaddleY":0.7481188216595684,"rightPaddleY":0.8256933385335283,"ballX":0.31142671489498736,"ballY":0.684517794107725}
