{"leftPaddleY":0.6037018517568461,"rightPaddleY":0.07129540405302852,"ballX":0.2454322664860725,"ballY":0.7878669375531392}
