{"leftPaddleY":0.6646981801252917,"rightPaddleY":0.7903095009794353,"ballX":0.6535055086866366,"ballY":0.184651542420143}
