{"leftPaddleY":0.3690173742243664,"rightPaddleY":0.0007223767148915194,"ballX":0.2741541398074861,"ballY":0.12308598029704562}
