{"leftPaddleY":0.10555147602587256,"rightPaddleY":0.09545583689723137,"ballX":0.5749737112362052,"ballY":0.2973767322772681}
