{"leftPaddleY":0.5088506321893191,"rightPaddleY":0.9896928453235854,"ballX":0.39835446180355205,"ballY":0.6869323222924169}
