{"leftPaddleY":0.9244942184212519,"rightPaddleY":0.004994869919978613,"ballX":0.9270368733108969,"ballY":0.07011294491330804}
