{"leftPaddleY":0.16266258176508183,"rightPaddleY":0.07476236022695269,"ballX":0.5037252002589216,"ballY":0.41036120222917116}
