{"leftPaddleY":0.9996775126408753,"rightPaddleY":0.3909372351105436,"ballX":0.9551985654655599,"ballY":0.8711404700596561}
