{"leftPaddleY":0.8055985834057465,"rightPaddleY":0.3997722459174051,"ballX":0.7128256652685832,"ballY":0.8833658628908861}
