{"leftPaddleY":0.36854813870347136,"rightPaddleY":0.3224608812097041,"ballX":0.16508812054271071,"ballY":0.04481923525873026}
