{"leftPaddleY":0.13865898457678288,"rightPaddleY":0.8529500380841689,"ballX":0.24146155380328482,"ballY":0.7163060355089335}
