{"leftPaddleY":0.6644152781289916,"rightPaddleY":0.13135072936989364,"ballX":0.48288195514226107,"ballY":0.2858058152773148}
