{"leftPaddleY":0.33026893435318627,"rightPaddleY":0.3979870385309345,"ballX":0.48039826460348234,"ballY":0.15767046168212637}
