{"leftPaddleY":0.994105617956667,"rightPaddleY":0.31706766564541655,"ballX":0.03207572964060144,"ballY":0.5068396884878883}
