{"leftPaddleY":0.07844864505434176,"rightPaddleY":0.4663606266237846,"ballX":0.7367306918449666,"ballY":0.5218480869471905}
