{"leftPaddleY":0.5591487021114439,"rightPaddleY":0.4827031260529449,"ballX":0.08918685211997618,"ballY":0.4529972791239678}
