{"leftPaddleY":0.29788260469655103,"rightPaddleY":0.5091988172567858,"ballX":0.3214600800340129,"ballY":0.30375423607295043}
