{"leftPaddleY":0.1272003165681869,"rightPaddleY":0.27340005144974067,"ballX":0.21201589596759396,"ballY":0.9652820235606558}
