{"leftPaddleY":0.9702261105290013,"rightPaddleY":0.9962964576187906,"ballX":0.7015246433062763,"ballY":0.7841420442384439}
