{"leftPaddleY":0.596331904093796,"rightPaddleY":0.92156000044315,"ballX":0.62068443515318,"ballY":0.9084081219920458}
