{"leftPaddleY":0.12743134572429834,"rightPaddleY":0.93495539485407,"ballX":0.5045386277882745,"ballY":0.3576262683428189}
