{"leftPaddleY":0.37133715594680433,"rightPaddleY":0.36537628767883457,"ballX":0.590179847493808,"ballY":0.6640840458257432}
