{"leftPaddleY":0.8481657777375449,"rightPaddleY":0.6866388061660433,"ballX":0.2517092714638821,"ballY":0.04394674494428377}
