{"leftPaddleY":0.6541163899183389,"rightPaddleY":0.9724524516898481,"ballX":0.5603873932248317,"ballY":0.9468808659054289}
