{"leftPaddleY":0.2656246847649159,"rightPaddleY":0.4051815172268774,"ballX":0.7683941164950271,"ballY":0.25992633186017333}
