{"leftPaddleY":0.8107069398519736,"rightPaddleY":0.45424227452541316,"ballX":0.6593037531346279,"ballY":0.5007418261583833}
