{"leftPaddleY":0.4163527804590322,"rightPaddleY":0.7363137668735666,"ballX":0.8706582315157518,"ballY":0.9785213487785915}
