{"leftPaddleY":0.8437155343779428,"rightPaddleY":0.5777713361890923,"ballX":0.8541816341078644,"ballY":0.2489020585994515}
