{"leftPaddleY":0.9005579577444303,"rightPaddleY":0.04289417534888133,"ballX":0.8688273831994321,"ballY":0.025748605213309607}
