{"leftPaddleY":0.8246395938635167,"rightPaddleY":0.5786880764580958,"ballX":0.5337799349046216,"ballY":0.9280067305677008}
