{"leftPaddleY":0.9857315577177274,"rightPaddleY":0.3065203425159877,"ballX":0.13836078406530117,"ballY":0.8398713204888334}
