{"leftPaddleY":0.48834004748619353,"rightPaddleY":0.7219480828177258,"ballX":0.13519075555142296,"ballY":0.09070756459641606}
