{"leftPaddleY":0.6011534090753679,"rightPaddleY":0.42607054324149224,"ballX":0.4894094279000932,"ballY":0.11078677903742973}
