{"leftPaddleY":0.17745333136762548,"rightPaddleY":0.8474337544605972,"ballX":0.8733516809765344,"ballY":0.15782223293394682}
