{"leftPaddleY":0.8271689360239282,"rightPaddleY":0.16757760326779958,"ballX":0.45307129547789815,"ballY":0.841663008826297}
