{"leftPaddleY":0.09655122518297615,"rightPaddleY":0.42782686664021835,"ballX":0.08935974120396292,"ballY":0.4021569176708127}
