{"leftPaddleY":0.5971814852728066,"rightPaddleY":0.041202050766351805,"ballX":0.5016947947724778,"ballY":0.34366277590489325}
