{"leftPaddleY":0.01627299314125959,"rightPaddleY":0.33731187516755073,"ballX":0.9832725166767302,"ballY":0.7820535745610808}
