{"leftPaddleY":0.06988727351883366,"rightPaddleY":0.5176521540808865,"ballX":0.09174689954004564,"ballY":0.7359267608045089}
