{"leftPaddleY":0.08839628630153087,"rightPaddleY":0.08628642363683835,"ballX":0.3338243449670376,"ballY":0.8895391584583232}
