{"leftPaddleY":0.6104842213896046,"rightPaddleY":0.6353021940387408,"ballX":0.2375384944088592,"ballY":0.04741270051998447}
