{"leftPaddleY":0.332203884355044,"rightPaddleY":0.1402439800552194,"ballX":0.17872684039111833,"ballY":0.19279877734172576}
