{"leftPaddleY":0.14502108986711268,"rightPaddleY":0.30230416549075084,"ballX":0.03184492356277787,"ballY":0.8381714826879875}
