{"leftPaddleY":0.42906401302468106,"rightPaddleY":0.6526523049280196,"ballX":0.9641547702035534,"ballY":0.10598973645871967}
