{"leftPaddleY":0.2463106659099528,"rightPaddleY":0.06134428603959095,"ballX":0.5063744717059678,"ballY":0.18510860666109274}
