{"leftPaddleY":0.15838848939752337,"rightPaddleY":0.5191915026530279,"ballX":0.10268411300086741,"ballY":0.14309611126791708}
