{"leftPaddleY":0.5317839250549982,"rightPaddleY":0.6379672872265705,"ballX":0.8193829844436409,"ballY":0.11716251382077898}
