{"leftPaddleY":0.22304791521290132,"rightPaddleY":0.8483822413920371,"ballX":0.48906833218509327,"ballY":0.9101221502993184}
