{"leftPaddleY":0.45150525052552387,"rightPaddleY":0.1510429642127274,"ballX":0.823601769183045,"ballY":0.7677746266680858}
