{"leftPaddleY":0.5072741943969279,"rightPaddleY":0.6708028885446808,"ballX":0.4611962031388668,"ballY":0.7961353204402863}
