{"leftPaddleY":0.9419220776654529,"rightPaddleY":0.21565692659937052,"ballX":0.2641448503816633,"ballY":0.03294220266315633}
