{"leftPaddleY":0.8325268595871358,"rightPaddleY":0.999315541376099,"ballX":0.9052355900326838,"ballY":0.2802374816715771}
