{"leftPaddleY":0.28727369476026826,"rightPaddleY":0.3490259998940016,"ballX":0.40596364668660617,"ballY":0.27831364220044963}
