{"leftPaddleY":0.2063311954862637,"rightPaddleY":0.13307139471770882,"ballX":0.00709821582037956,"ballY":0.2512297167344908}
