{"leftPaddleY":0.837881351298819,"rightPaddleY":0.15991010206224682,"ballX":0.7287601303513666,"ballY":0.5680047437947421}
