{"leftPaddleY":0.05500053053288073,"rightPaddleY":0.17434058915561432,"ballX":0.5337493912322578,"ballY":0.01711468576532065}
