{"leftPaddleY":0.4859697745848154,"rightPaddleY":0.6468189628409157,"ballX":0.7782532568610342,"ballY":0.8877703095553239}
