{"leftPaddleY":0.45294469425989453,"rightPaddleY":0.7234551129050334,"ballX":0.7241336071624188,"ballY":0.023258870569375402}
