{"leftPaddleY":0.4821785680842721,"rightPaddleY":0.6001042255310982,"ballX":0.40781765256437547,"ballY":0.7944190330429158}
