{"leftPaddleY":0.09004541001772923,"rightPaddleY":0.3184997591353945,"ballX":0.5562084881004112,"ballY":0.44590434945883506}
