{"leftPaddleY":0.24731521383524713,"rightPaddleY":0.040876790023589356,"ballX":0.48961537390936977,"ballY":0.5365796523114867}
