{"leftPaddleY":0.6518500985196065,"rightPaddleY":0.7494449648479999,"ballX":0.0888595342214958,"ballY":0.22181578648598527}
