{"leftPaddleY":0.8560232768203787,"rightPaddleY":0.19030370436208263,"ballX":0.6708063485510387,"ballY":0.35244460891810986}
