{"leftPaddleY":0.4065552165651046,"rightPaddleY":0.7227311106000912,"ballX":0.5718067698792364,"ballY":0.7356041165862928}
