{"leftPaddleY":0.4414448611806056,"rightPaddleY":0.38325256174013006,"ballX":0.23451441138187246,"ballY":0.3617083403872646}
