{"leftPaddleY":0.6503210016788806,"rightPaddleY":0.14181250044275684,"ballX":0.8762592882521117,"ballY":0.8148691706991894}
