{"leftPaddleY":0.3995962357521093,"rightPaddleY":0.24976461478765288,"ballX":0.018515856605205244,"ballY":0.9886142605332217}
