{"leftPaddleY":0.012127567134835366,"rightPaddleY":0.4758089816272813,"ballX":0.13791824508716202,"ballY":0.029872992030799194}
