{"leftPaddleY":0.9040707435279788,"rightPaddleY":0.7335435083615183,"ballX":0.8689757683916542,"ballY":0.5454800778797783}
