{"leftPaddleY":0.4459293982331981,"rightPaddleY":0.2228019293552933,"ballX":0.45863466400628,"ballY":0.11613523448439492}
