{"leftPaddleY":0.15825505979745227,"rightPaddleY":0.8092276822429003,"ballX":0.13086590536980738,"ballY":0.405364772433356}
