{"leftPaddleY":0.9603409964982478,"rightPaddleY":0.789874379241533,"ballX":0.017878253902580646,"ballY":0.8753126435807904}
