{"leftPaddleY":0.44946568844597856,"rightPaddleY":0.8394385761188642,"ballX":0.6992039160746916,"ballY":0.8493188122318036}
