{"leftPaddleY":0.4031506409937799,"rightPaddleY":0.21204567315762968,"ballX":0.13354148100310584,"ballY":0.4021118470402619}
