{"leftPaddleY":0.16054897765745918,"rightPaddleY":0.3853783796139402,"ballX":0.07647434151449155,"ballY":0.86166290515766}
