{"leftPaddleY":0.7632942138127724,"rightPaddleY":0.11136029753815965,"ballX":0.8098884445458152,"ballY":0.002890667675346208}
