{"leftPaddleY":0.33461446039524917,"rightPaddleY":0.9417548846306284,"ballX":0.7968007005342693,"ballY":0.3477683865979332}
