{"leftPaddleY":0.6582178966774437,"rightPaddleY":0.2997180513373896,"ballX":0.8962980424354511,"ballY":0.8660970109041316}
