{"leftPaddleY":0.2341875011491083,"rightPaddleY":0.3706725772272888,"ballX":0.28058714755739605,"ballY":0.056583405155482866}
