{"leftPaddleY":0.4963584525675872,"rightPaddleY":0.32995953865954697,"ballX":0.693763896717996,"ballY":0.01475986080236212}
