{"leftPaddleY":0.7717979181077547,"rightPaddleY":0.48576981636320166,"ballX":0.08514177693138705,"ballY":0.6450707208574654}
