{"leftPaddleY":0.4036646964450651,"rightPaddleY":0.8662990572245918,"ballX":0.42764478471426004,"ballY":0.5989703214127141}
