{"leftPaddleY":0.501071729004494,"rightPaddleY":0.20118512268022828,"ballX":0.9533498369110579,"ballY":0.9190525500066217}
