{"leftPaddleY":0.7915808246026336,"rightPaddleY":0.8628230243747499,"ballX":0.3146799235277545,"ballY":0.35620988954647514}
