{"leftPaddleY":0.8191031111158954,"rightPaddleY":0.48978656897973416,"ballX":0.864681822312809,"ballY":0.3546054588615866}
