{"leftPaddleY":0.5859893358071117,"rightPaddleY":0.10575924205781351,"ballX":0.0146867601434989,"ballY":0.47406016869368334}
