{"leftPaddleY":0.1285245020299688,"rightPaddleY":0.586163487416109,"ballX":0.5328694848888835,"ballY":0.6681303861380721}
