{"leftPaddleY":0.006623324208823224,"rightPaddleY":0.14662327515221157,"ballX":0.522810381494397,"ballY":0.9714292657652068}
