{"leftPaddleY":0.15741586851914927,"rightPaddleY":0.5947809803186945,"ballX":0.012046067924419862,"ballY":0.7805206731679268}
