{"leftPaddleY":0.8127236846361311,"rightPaddleY":0.14556434742220484,"ballX":0.975416993533656,"ballY":0.7926608619787651}
