{"leftPaddleY":0.6809857174479903,"rightPaddleY":0.9405431887095703,"ballX":0.7557608920061191,"ballY":0.4831356447768424}
