{"leftPaddleY":0.578261743094409,"rightPaddleY":0.9398042867511931,"ballX":0.8991651693451633,"ballY":0.35724780677092394}
