{"leftPaddleY":0.415977755361679,"rightPaddleY":0.7369908555292691,"ballX":0.8887839908280032,"ballY":0.654498073957614}
