{"leftPaddleY":0.4790158836824324,"rightPaddleY":0.7073779153098815,"ballX":0.20280044188871663,"ballY":0.741118969621193}
