{"leftPaddleY":0.07936287229729502,"rightPaddleY":0.47538209108122714,"ballX":0.48027266845137306,"ballY":0.11465271264621926}
