{"leftPaddleY":0.731642294369178,"rightPaddleY":0.5899236898097685,"ballX":0.9009508872830424,"ballY":0.041837925572391514}
