{"leftPaddleY":0.37857969255514284,"rightPaddleY":0.2397166579700275,"ballX":0.896103039232939,"ballY":0.12287025658131452}
