{"leftPaddleY":0.2766239066933591,"rightPaddleY":0.6901920781781716,"ballX":0.984266197712736,"ballY":0.15736301944726597}
