{"leftPaddleY":0.8005308112584116,"rightPaddleY":0.6386676645017711,"ballX":0.6222050893100323,"ballY":0.9944892199929989}
