{"leftPaddleY":0.7899725951170544,"rightPaddleY":0.7135655127378734,"ballX":0.4705266366051204,"ballY":0.08795931691290457}
