{"leftPaddleY":0.08899822214877888,"rightPaddleY":0.4545339679753184,"ballX":0.4469787066115127,"ballY":0.8322741725923408}
