{"leftPaddleY":0.033406668867350386,"rightPaddleY":0.8186540412793281,"ballX":0.4184215330374138,"ballY":0.5555289684712801}
