{"leftPaddleY":0.4106575514148106,"rightPaddleY":0.9736467925644753,"ballX":0.13376745538939652,"ballY":0.08157978472710697}
