{"leftPaddleY":0.717002863539081,"rightPaddleY":0.876726726514137,"ballX":0.6310874490163109,"ballY":0.918478115505473}
