{"leftPaddleY":0.5876705269657188,"rightPaddleY":0.8682406641598801,"ballX":0.16173747297025814,"ballY":0.7255883661737906}
