{"leftPaddleY":0.2112121960512443,"rightPaddleY":0.9570474475368103,"ballX":0.1136772736621026,"ballY":0.7460295596162387}
