{"leftPaddleY":0.23207669941966466,"rightPaddleY":0.29672036354862624,"ballX":0.21280291507416246,"ballY":0.8394032072744502}
