{"leftPaddleY":0.5051053966463607,"rightPaddleY":0.5266779532097996,"ballX":0.7418283430456387,"ballY":0.16117003425283874}
