{"leftPaddleY":0.5246992563902362,"rightPaddleY":0.3028524819088746,"ballX":0.6194770056654028,"ballY":0.38166036441862394}
