{"leftPaddleY":0.22574038021290668,"rightPaddleY":0.20626611676264303,"ballX":0.7962602622373781,"ballY":0.30696858137876615}
