{"leftPaddleY":0.20942763728421732,"rightPaddleY":0.18047071015455168,"ballX":0.5544245766796994,"ballY":0.9522042635954904}
