{"leftPaddleY":0.42634042761096624,"rightPaddleY":0.5544404020918605,"ballX":0.43656681274873504,"ballY":0.969154286800907}
