{"leftPaddleY":0.8002663863767879,"rightPaddleY":0.08965776169710754,"ballX":0.3172144630378338,"ballY":0.6483335713802756}
