{"leftPaddleY":0.5909256929479735,"rightPaddleY":0.5121410723406626,"ballX":0.3126757767781754,"ballY":0.6486363892736047}
