{"leftPaddleY":0.8509608112957675,"rightPaddleY":0.3590357149570297,"ballX":0.20702964621430878,"ballY":0.23533420923924012}
