{"leftPaddleY":0.49076816111808425,"rightPaddleY":0.4202685875902755,"ballX":0.07703050043578309,"ballY":0.23325377688108614}
