{"leftPaddleY":0.9351570500235536,"rightPaddleY":0.58719670283812,"ballX":0.4727489032682757,"ballY":0.5382374753673365}
