{"leftPaddleY":0.9452999220537228,"rightPaddleY":0.4185098260353535,"ballX":0.8327826801362771,"ballY":0.054590912988289865}
