{"leftPaddleY":0.16217525117727993,"rightPaddleY":0.15316007422674963,"ballX":0.11145471591822155,"ballY":0.9860744683252561}
