{"leftPaddleY":0.3688576365811218,"rightPaddleY":0.40903922657084946,"ballX":0.61553430065479,"ballY":0.8283096435692721}
