{"leftPaddleY":0.38081545534936667,"rightPaddleY":0.6002792068600878,"ballX":0.04441320315267262,"ballY":0.13217935524635255}
