{"leftPaddleY":0.51573829180045,"rightPaddleY":0.7515514765674429,"ballX":0.0651944592817961,"ballY":0.25851762087183205}
