{"leftPaddleY":0.0996470169736053,"rightPaddleY":0.384435668649713,"ballX":0.5877971569833875,"ballY":0.08041312027494324}
