{"leftPaddleY":0.4454232334851861,"rightPaddleY":0.5417893382951019,"ballX":0.858680088907419,"ballY":0.09282499121382044}
