{"leftPaddleY":0.3035486509344536,"rightPaddleY":0.5863578244216058,"ballX":0.5530601458270146,"ballY":0.8889235031191085}
