{"leftPaddleY":0.7474355641442382,"rightPaddleY":0.11653445728113511,"ballX":0.376015015818955,"ballY":0.8354248881627052}
