{"leftPaddleY":0.2688502221260184,"rightPaddleY":0.5311155200307244,"ballX":0.3096231752454823,"ballY":0.4231914819983712}
