{"leftPaddleY":0.9986785115862801,"rightPaddleY":0.8749578111983086,"ballX":0.47323121083994724,"ballY":0.2933162416684164}
