{"leftPaddleY":0.08303020886542721,"rightPaddleY":0.5647929413145059,"ballX":0.4808402726127742,"ballY":0.38258129774213523}
