{"leftPaddleY":0.8557976198388338,"rightPaddleY":0.37301694206390573,"ballX":0.2271859783962001,"ballY":0.19310849925097875}
