{"leftPaddleY":0.08834275553889408,"rightPaddleY":0.42073277714858476,"ballX":0.09087213493356629,"ballY":0.6066114456279686}
