{"leftPaddleY":0.1758179999631463,"rightPaddleY":0.2503986838293226,"ballX":0.013585491241395069,"ballY":0.4099954474188329}
