{"leftPaddleY":0.37308105020059923,"rightPaddleY":0.10817224201510513,"ballX":0.8650176685938542,"ballY":0.745681131460292}
