{"leftPaddleY":0.4309450212017181,"rightPaddleY":0.918406267911475,"ballX":0.29224103200003587,"ballY":0.5080962709785848}
