{"leftPaddleY":0.3870151228824043,"rightPaddleY":0.12590610832704147,"ballX":0.3289363282106191,"ballY":0.1617982131101562}
