{"leftPaddleY":0.34962713653918853,"rightPaddleY":0.5179749813699858,"ballX":0.15401686942033094,"ballY":0.12323432186728688}
