{"leftPaddleY":0.31514139736929947,"rightPaddleY":0.33258352938090435,"ballX":0.884172360828721,"ballY":0.8257760257110389}
