{"leftPaddleY":0.4612920917531391,"rightPaddleY":0.023961959172127272,"ballX":0.1656023042533435,"ballY":0.3757249160831013}
