{"leftPaddleY":0.050239900367976036,"rightPaddleY":0.777580320846932,"ballX":0.20793634802370442,"ballY":0.36863498641975434}
