{"leftPaddleY":0.7846565309559512,"rightPaddleY":0.24007018322556314,"ballX":0.04388383748200745,"ballY":0.6171973041285143}
