{"leftPaddleY":0.8893156808249798,"rightPaddleY":0.21646265036216422,"ballX":0.3680674153496129,"ballY":0.6989808140241994}
