{"leftPaddleY":0.2080187764350405,"rightPaddleY":0.898719103463314,"ballX":0.3447828910421654,"ballY":0.6189652298612287}
