{"leftPaddleY":0.23691780400471962,"rightPaddleY":0.9786705040969678,"ballX":0.8511478781371289,"ballY":0.39815435570292995}
