{"leftPaddleY":0.3917516011319121,"rightPaddleY":0.2004095824400981,"ballX":0.7714626748701822,"ballY":0.6654042512823073}
