{"leftPaddleY":0.5523975103018706,"rightPaddleY":0.91023525963441,"ballX":0.8070061459119091,"ballY":0.640014019127805}
