{"leftPaddleY":0.27881571801207017,"rightPaddleY":0.05649731735979211,"ballX":0.2513323114808175,"ballY":0.7019297227880406}
