{"leftPaddleY":0.4246349702124124,"rightPaddleY":0.2672947766581122,"ballX":0.10687312556355932,"ballY":0.4601537303437524}
