{"leftPaddleY":0.21742500418442579,"rightPaddleY":0.21378599453755376,"ballX":0.6139654300996161,"ballY":0.31718110765698676}
