{"leftPaddleY":0.3600837046089183,"rightPaddleY":0.8159913920005968,"ballX":0.7432873802124547,"ballY":0.12990424179096713}
