{"leftPaddleY":0.7781122824235889,"rightPaddleY":0.7763581882085476,"ballX":0.605539086524697,"ballY":0.06779018304898517}
