{"leftPaddleY":0.004012910601847668,"rightPaddleY":0.7910217811065692,"ballX":0.5072059952602723,"ballY":0.5807045072999175}
