{"leftPaddleY":0.8994262363135718,"rightPaddleY":0.15536388095701303,"ballX":0.7655684642011736,"ballY":0.4646414419869275}
