{"leftPaddleY":0.46955654926832113,"rightPaddleY":0.3836516992895708,"ballX":0.8136089114115413,"ballY":0.5331509465335709}
