{"leftPaddleY":0.28936463484040037,"rightPaddleY":0.5529223279045508,"ballX":0.8345428102710393,"ballY":0.5042371072767228}
