{"leftPaddleY":0.7811219688316611,"rightPaddleY":0.32884982962136344,"ballX":0.9783737237105775,"ballY":0.5461671325991628}
