{"leftPaddleY":0.3455812402457804,"rightPaddleY":0.57419197601033,"ballX":0.009082909617106292,"ballY":0.5926766893405703}
