{"leftPaddleY":0.2496397677050654,"rightPaddleY":0.43350536228202585,"ballX":0.9432563691572261,"ballY":0.046285358211726677}
