{"leftPaddleY":0.16722827240035243,"rightPaddleY":0.7370755911002128,"ballX":0.3610282995275562,"ballY":0.49186646565274234}
