{"leftPaddleY":0.2703003853423672,"rightPaddleY":0.6612993191833139,"ballX":0.29289838730818357,"ballY":0.3992919280833155}
