{"leftPaddleY":0.222744774752191,"rightPaddleY":0.898088376566623,"ballX":0.3037390719387321,"ballY":0.03203994570234536}
