{"leftPaddleY":0.5839968394127154,"rightPaddleY":0.5330675519080754,"ballX":0.8819547786873765,"ballY":0.4472620657800683}
