{"leftPaddleY":0.07110882140151732,"rightPaddleY":0.24389119530063974,"ballX":0.8742965154498046,"ballY":0.8065007951804756}
