{"leftPaddleY":0.27778013431352416,"rightPaddleY":0.19772538873164244,"ballX":0.45389873852855983,"ballY":0.20222318565665945}
