{"leftPaddleY":0.4508601341225861,"rightPaddleY":0.8324439356754761,"ballX":0.4595265802495814,"ballY":0.38520188041234127}
