{"leftPaddleY":0.5454743438939798,"rightPaddleY":0.1966203882854597,"ballX":0.7461908361008824,"ballY":0.3448471905045059}
