{"leftPaddleY":0.13169033786811768,"rightPaddleY":0.39014470877633844,"ballX":0.12730719555840392,"ballY":0.610107393146286}
