{"leftPaddleY":0.5869580306625534,"rightPaddleY":0.8782888411987236,"ballX":0.8567598796301934,"ballY":0.45883020976892125}
