{"leftPaddleY":0.3677141160767011,"rightPaddleY":0.793311700476706,"ballX":0.8228546338867416,"ballY":0.2786790922305552}
