{"leftPaddleY":0.000988945418469129,"rightPaddleY":0.8739552356799786,"ballX":0.23471736890949907,"ballY":0.5746593247840476}
