{"leftPaddleY":0.06947448168791844,"rightPaddleY":0.334015683320316,"ballX":0.5976352448239671,"ballY":0.378215924888778}
