{"leftPaddleY":0.728291406518198,"rightPaddleY":0.9719268794141074,"ballX":0.5181835640455785,"ballY":0.5058170391540718}
