{"leftPaddleY":0.5269701233542672,"rightPaddleY":0.33766340054755956,"ballX":0.33129135231312834,"ballY":0.00965114711392692}
