{"leftPaddleY":0.9515859279276669,"rightPaddleY":0.6548173829048742,"ballX":0.8962173905373507,"ballY":0.3782148324300744}
