{"leftPaddleY":0.5519615554176063,"rightPaddleY":0.20764938376646322,"ballX":0.4970062266872838,"ballY":0.2544660561021546}
