{"leftPaddleY":0.9003871180840328,"rightPaddleY":0.10624515131235421,"ballX":0.7510861416131153,"ballY":0.7336463520622385}
