{"leftPaddleY":0.6818369158676967,"rightPaddleY":0.669362878960559,"ballX":0.9877353653223939,"ballY":0.7552359242411882}
