{"leftPaddleY":0.6577024800503465,"rightPaddleY":0.007593330533177054,"ballX":0.11420317410405871,"ballY":0.7119469080865405}
