{"leftPaddleY":0.8667670749564603,"rightPaddleY":0.647780099966718,"ballX":0.38228771261269023,"ballY":0.4241137447947554}
