{"leftPaddleY":0.21410407159777012,"rightPaddleY":0.9875025075562504,"ballX":0.20396559752085153,"ballY":0.18603869226666103}
