{"leftPaddleY":0.39614467417792615,"rightPaddleY":0.6862800412184388,"ballX":0.3137239371358802,"ballY":0.2809046992418502}
