{"leftPaddleY":0.10765947622441872,"rightPaddleY":0.806785906564843,"ballX":0.48380559391991645,"ballY":0.9585761839210326}
