{"leftPaddleY":0.4563290424058749,"rightPaddleY":0.01507105877886267,"ballX":0.052756481179554233,"ballY":0.690970980632505}
