{"leftPaddleY":0.8768003151550666,"rightPaddleY":0.8899545998722054,"ballX":0.45700738502353766,"ballY":0.8266737063295975}
