{"leftPaddleY":0.5330606945947302,"rightPaddleY":0.7379450423661651,"ballX":0.6748805137060071,"ballY":0.8286129525406501}
