{"leftPaddleY":0.8529514601642217,"rightPaddleY":0.2937100659672057,"ballX":0.5478737965672689,"ballY":0.2658571213215608}
