{"leftPaddleY":0.8918825704944867,"rightPaddleY":0.3296935787911387,"ballX":0.8695195227597217,"ballY":0.21227212394009493}
