{"leftPaddleY":0.12050074258435699,"rightPaddleY":0.371410077125958,"ballX":0.541593826508247,"ballY":0.3370828987670309}
