{"leftPaddleY":0.921267239892599,"rightPaddleY":0.05689504695280651,"ballX":0.5189189376902855,"ballY":0.7859561231224498}
