{"leftPaddleY":0.09517827688587242,"rightPaddleY":0.7911617419294785,"ballX":0.32779234417022446,"ballY":0.12576349401674433}
