{"leftPaddleY":0.791089288569159,"rightPaddleY":0.24103190658288892,"ballX":0.27015076422845496,"ballY":0.19630156694700066}
