{"leftPaddleY":0.6079341652223577,"rightPaddleY":0.9293929670548379,"ballX":0.5054738800873408,"ballY":0.44798885153534773}
