{"leftPaddleY":0.9991464890818812,"rightPaddleY":0.8268285350561946,"ballX":0.3931694225330465,"ballY":0.5189434901546038}
