{"leftPaddleY":0.3415832090497461,"rightPaddleY":0.11946253913907363,"ballX":0.2224389574321729,"ballY":0.0957720320267722}
