{"leftPaddleY":0.3233452388978943,"rightPaddleY":0.25465955996007883,"ballX":0.5151868435411079,"ballY":0.4809961434184169}
