{"leftPaddleY":0.13203232632285386,"rightPaddleY":0.9641125946480046,"ballX":0.34067447323813616,"ballY":0.4305057902087961}
