{"leftPaddleY":0.8955260838998614,"rightPaddleY":0.30928704992580935,"ballX":0.5717723987453581,"ballY":0.07220231860740443}
