{"leftPaddleY":0.4943457218212402,"rightPaddleY":0.0941006291323024,"ballX":0.6136730724007959,"ballY":0.7034755171056754}
