{"leftPaddleY":0.8054547068072031,"rightPaddleY":0.514625931065048,"ballX":0.5558910401969529,"ballY":0.4652116023199277}
