{"leftPaddleY":0.08785791180919815,"rightPaddleY":0.7244722206555785,"ballX":0.00307976450811359,"ballY":0.25995141000801003}
