{"leftPaddleY":0.7526850756699301,"rightPaddleY":0.1841559387566448,"ballX":0.7301642104608476,"ballY":0.9161139727234855}
