{"leftPaddleY":0.28069791026277274,"rightPaddleY":0.7248520545826675,"ballX":0.7398875587003381,"ballY":0.18470741676613206}
