{"leftPaddleY":0.8983227380000828,"rightPaddleY":0.9883741658633632,"ballX":0.5683381122817845,"ballY":0.33932142180584385}
