{"leftPaddleY":0.8392396869998318,"rightPaddleY":0.4819300763757962,"ballX":0.22481377701477223,"ballY":0.6549678869012259}
