{"leftPaddleY":0.9829410031450275,"rightPaddleY":0.9747683035633997,"ballX":0.823125762030861,"ballY":0.7129753240629364}
