{"leftPaddleY":0.7876620108509339,"rightPaddleY":0.5024443934707558,"ballX":0.3952384732172498,"ballY":0.3464340759173236}
