{"leftPaddleY":0.6546588908827542,"rightPaddleY":0.4407000535113233,"ballX":0.6147234392335369,"ballY":0.9124870473154911}
