{"leftPaddleY":0.8735841073119279,"rightPaddleY":0.27702688523786495,"ballX":0.006779150759480054,"ballY":0.9252491328565476}
