{"leftPaddleY":0.4931658370074347,"rightPaddleY":0.12649006306055716,"ballX":0.07732821353981731,"ballY":0.7823365782674859}
