{"leftPaddleY":0.8819959525835558,"rightPaddleY":0.20318591593476973,"ballX":0.5602943718870342,"ballY":0.02805260546553503}
