{"leftPaddleY":0.7185411893801839,"rightPaddleY":0.7336640883405416,"ballX":0.8456642071177977,"ballY":0.09003349742820896}
