{"leftPaddleY":0.7272915281586674,"rightPaddleY":0.8905034255255322,"ballX":0.31716473496650227,"ballY":0.007351713445243518}
