{"leftPaddleY":0.8938154692370132,"rightPaddleY":0.6311739970063059,"ballX":0.3155199980610188,"ballY":0.5836020520718362}
