{"leftPaddleY":0.2954449767113026,"rightPaddleY":0.3856270097566616,"ballX":0.7695318381937785,"ballY":0.19174248200961122}
