{"leftPaddleY":0.8941720074213244,"rightPaddleY":0.011248244170989175,"ballX":0.35481020395484186,"ballY":0.6295243841598573}
