{"leftPaddleY":0.6001340676050704,"rightPaddleY":0.577527344841819,"ballX":0.8781107167099601,"ballY":0.08446404562911666}
