{"leftPaddleY":0.9419939447153329,"rightPaddleY":0.38252954454470206,"ballX":0.08874576122495972,"ballY":0.02100942570572268}
