{"leftPaddleY":0.36179008021778297,"rightPaddleY":0.46980514322707034,"ballX":0.8024599470930903,"ballY":0.5035888031286757}
