{"leftPaddleY":0.07743568706238145,"rightPaddleY":0.03305320242077354,"ballX":0.5999552678506184,"ballY":0.8379062419748097}
