{"leftPaddleY":0.6473326643346993,"rightPaddleY":0.3137261991794859,"ballX":0.46766882907488194,"ballY":0.26081321373218364}
