{"leftPaddleY":0.8622741483862217,"rightPaddleY":0.9456736826858049,"ballX":0.3436172776303203,"ballY":0.31537718959293176}
