{"leftPaddleY":0.9253657374511833,"rightPaddleY":0.2954328563985448,"ballX":0.8708053254738299,"ballY":0.45530399031000374}
