{"leftPaddleY":0.013545398587999531,"rightPaddleY":0.5927422098100432,"ballX":0.13326621584541562,"ballY":0.730560670590581}
