{"leftPaddleY":0.818226551814726,"rightPaddleY":0.28481866152757046,"ballX":0.16244451055908954,"ballY":0.06834752457991805}
