{"leftPaddleY":0.8272590370356416,"rightPaddleY":0.09966499385008844,"ballX":0.6056782840539225,"ballY":0.4492246486178098}
