{"leftPaddleY":0.9325146831017558,"rightPaddleY":0.39381185226587834,"ballX":0.684422735077594,"ballY":0.6707470126704626}
