{"leftPaddleY":0.692295038960971,"rightPaddleY":0.0544152021046117,"ballX":0.16358151473348576,"ballY":0.18870552740525526}
