{"leftPaddleY":0.13735715315971014,"rightPaddleY":0.2413925855619074,"ballX":0.905086299410255,"ballY":0.516112347091851}
