{"leftPaddleY":0.20386467318620619,"rightPaddleY":0.429891695543345,"ballX":0.5753976492153541,"ballY":0.7437507330422853}
