{"leftPaddleY":0.13091656606177,"rightPaddleY":0.3594562695845569,"ballX":0.3637211431701276,"ballY":0.4638080458315518}
