{"leftPaddleY":0.5208449936486923,"rightPaddleY":0.5131307202281692,"ballX":0.06236321351608382,"ballY":0.49997484715967405}
