{"leftPaddleY":0.645035625152845,"rightPaddleY":0.1108326642727145,"ballX":0.3035138653063437,"ballY":0.44844328756959306}
