{"leftPaddleY":0.8473325403791384,"rightPaddleY":0.07584685316060871,"ballX":0.822522345231518,"ballY":0.33311079114913417}
