{"leftPaddleY":0.740320206890383,"rightPaddleY":0.6034299557886463,"ballX":0.19426415719552845,"ballY":0.33152108483459714}
