{"leftPaddleY":0.5220775629550342,"rightPaddleY":0.7873814834032556,"ballX":0.6427172465591727,"ballY":0.0345847780901291}
