{"leftPaddleY":0.06148346553494247,"rightPaddleY":0.9432052739391384,"ballX":0.7746824254216166,"ballY":0.02312170947456908}
