{"leftPaddleY":0.2542676376091119,"rightPaddleY":0.13476182643329826,"ballX":0.29429732729318664,"ballY":0.07286426261127228}
