{"leftPaddleY":0.765915877278635,"rightPaddleY":0.5006419558447468,"ballX":0.19148219180468845,"ballY":0.12300868985985465}
