{"leftPaddleY":0.921824648657346,"rightPaddleY":0.8488538911388053,"ballX":0.6011071627668605,"ballY":0.2903411834990744}
