{"leftPaddleY":0.05415530515538981,"rightPaddleY":0.16202819182568207,"ballX":0.9280495209526611,"ballY":0.5744430141906245}
