{"leftPaddleY":0.9849757387336583,"rightPaddleY":0.19446308182778355,"ballX":0.09511949823744277,"ballY":0.8201443131975473}
