{"leftPaddleY":0.17393921803451332,"rightPaddleY":0.8214070096400933,"ballX":0.17738813953850538,"ballY":0.19934856442432775}
