{"leftPaddleY":0.7171354535248865,"rightPaddleY":0.46151518265863256,"ballX":0.42572938483512984,"ballY":0.2482518249258555}
