{"leftPaddleY":0.04796474361330473,"rightPaddleY":0.274643637818892,"ballX":0.573735134692322,"ballY":0.25398307121238883}
