{"leftPaddleY":0.1680857115985165,"rightPaddleY":0.37968881556123596,"ballX":0.6907100003482307,"ballY":0.24543271319927584}
