{"leftPaddleY":0.041247007234592604,"rightPaddleY":0.2151031760968408,"ballX":0.18354985498357387,"ballY":0.8920134704715843}
