{"leftPaddleY":0.8321564129815565,"rightPaddleY":0.06185240264395999,"ballX":0.410916985970725,"ballY":0.391547559149846}
