{"leftPaddleY":0.532730244072896,"rightPaddleY":0.07772092356243786,"ballX":0.6909471531942966,"ballY":0.6085476510161132}
