{"leftPaddleY":0.7979382855994289,"rightPaddleY":0.2637220008300177,"ballX":0.9778114681882297,"ballY":0.9505108523628292}
