{"leftPaddleY":0.002767497425033648,"rightPaddleY":0.4496611081477684,"ballX":0.4763938213703792,"ballY":0.4083535327637651}
