{"leftPaddleY":0.17497375179213728,"rightPaddleY":0.709162421194142,"ballX":0.9641512753717117,"ballY":0.7580975509807364}
