{"leftPaddleY":0.9871869898466774,"rightPaddleY":0.6012246545470095,"ballX":0.7243401028052662,"ballY":0.9734488504503925}
