{"leftPaddleY":0.037687206801820985,"rightPaddleY":0.8458922773891551,"ballX":0.22271617667215737,"ballY":0.16511406890611532}
