{"leftPaddleY":0.9284358604546097,"rightPaddleY":0.20596586812565718,"ballX":0.5309530354076384,"ballY":0.8831308262726545}
