{"leftPaddleY":0.026946534254446784,"rightPaddleY":0.0036573787173821205,"ballX":0.7517142101297841,"ballY":0.8566089486808379}
