{"leftPaddleY":0.13372176266051208,"rightPaddleY":0.7847684807399503,"ballX":0.11113439170776307,"ballY":0.6044807751906708}
