{"leftPaddleY":0.07861488892965167,"rightPaddleY":0.38129154410255484,"ballX":0.3048550037450978,"ballY":0.2830425799627334}
