{"leftPaddleY":0.5238712317009162,"rightPaddleY":0.8331795870711256,"ballX":0.6205737585349901,"ballY":0.7246096203213608}
