{"leftPaddleY":0.7517940966721686,"rightPaddleY":0.46173990190541414,"ballX":0.22834027360738168,"ballY":0.05378353668672062}
