{"leftPaddleY":0.3583700730414513,"rightPaddleY":0.4745370479953107,"ballX":0.586867661507128,"ballY":0.9927464763552962}
