{"leftPaddleY":0.6481973902553783,"rightPaddleY":0.8416071713885083,"ballX":0.08016209321480641,"ballY":0.92796999725798}
