{"leftPaddleY":0.6626771414816457,"rightPaddleY":0.39792406348484566,"ballX":0.370555544705624,"ballY":0.88575460902766}
