{"leftPaddleY":0.9988559829326225,"rightPaddleY":0.07019639424100345,"ballX":0.5831048829157458,"ballY":0.5957433668852458}
