{"leftPaddleY":0.87783751027709,"rightPaddleY":0.6910810949560836,"ballX":0.6874643129542598,"ballY":0.42921145304422137}
