{"leftPaddleY":0.31690442295915183,"rightPaddleY":0.7725892428765561,"ballX":0.5416677608317435,"ballY":0.12577876006568373}
