{"leftPaddleY":0.6047528874182926,"rightPaddleY":0.9194164701404752,"ballX":0.7673268389694228,"ballY":0.8137158332035942}
