{"leftPaddleY":0.3074130257088104,"rightPaddleY":0.5428437814870102,"ballX":0.594515011638959,"ballY":0.8159876829958712}
