{"leftPaddleY":0.2440929206925185,"rightPaddleY":0.11784411295753787,"ballX":0.3447277160662107,"ballY":0.786512518166182}
