{"leftPaddleY":0.8061379755715419,"rightPaddleY":0.42052101693465666,"ballX":0.5823559352972548,"ballY":0.314113485045442}
