{"leftPaddleY":0.6589275773582122,"rightPaddleY":0.6064040099651593,"ballX":0.5271189755477098,"ballY":0.22099630575806234}
