{"leftPaddleY":0.29895797872359486,"rightPaddleY":0.7212873087983694,"ballX":0.056180568000993865,"ballY":0.8965362700209513}
