{"leftPaddleY":0.44425986926660377,"rightPaddleY":0.5540795587036073,"ballX":0.4478604949154168,"ballY":0.7392784760078668}
