{"leftPaddleY":0.5062407990082225,"rightPaddleY":0.32738592637141073,"ballX":0.47401243198909804,"ballY":0.6424000771277286}
