{"leftPaddleY":0.7553878800842377,"rightPaddleY":0.8654981409758602,"ballX":0.9491474086278554,"ballY":0.7003195048919956}
