{"leftPaddleY":0.46897051792865524,"rightPaddleY":0.7415817056950987,"ballX":0.26721140447760733,"ballY":0.0366115612377931}
