{"leftPaddleY":0.11563954925675501,"rightPaddleY":0.20151482274860413,"ballX":0.862237384733272,"ballY":0.5328279832366233}
