{"leftPaddleY":0.7085580509535999,"rightPaddleY":0.83900536772531,"ballX":0.04826968037268587,"ballY":0.14422288876181458}
