{"leftPaddleY":0.2407287924059244,"rightPaddleY":0.8031028782756117,"ballX":0.6336333644933542,"ballY":0.30509309543525437}
