{"leftPaddleY":0.23787590836310035,"rightPaddleY":0.2712436801418841,"ballX":0.0075173590607456,"ballY":0.11054097811312448}
