{"leftPaddleY":0.9834546208533609,"rightPaddleY":0.6678975009905898,"ballX":0.16716953768145637,"ballY":0.08930139771808228}
