{"leftPaddleY":0.13114956626358065,"rightPaddleY":0.816985413185499,"ballX":0.796062805241777,"ballY":0.5662528331799346}
