{"leftPaddleY":0.6336408822111,"rightPaddleY":0.9859552695373971,"ballX":0.43703096416432946,"ballY":0.4005549714783164}
