{"leftPaddleY":0.04283396026648804,"rightPaddleY":0.7836573733375263,"ballX":0.8205201503515088,"ballY":0.774002438496982}
