{"leftPaddleY":0.12459417210626968,"rightPaddleY":0.8184043533744644,"ballX":0.4389868323296603,"ballY":0.07680678216101815}
