{"leftPaddleY":0.3477903296195202,"rightPaddleY":0.8043201927135065,"ballX":0.44551540436127046,"ballY":0.004734973493395106}
