{"leftPaddleY":0.9013411010881777,"rightPaddleY":0.5812520827733805,"ballX":0.7626371826484231,"ballY":0.949789316289212}
