{"leftPaddleY":0.5198811534994566,"rightPaddleY":0.22056794092134382,"ballX":0.26423384303434205,"ballY":0.7223745097715265}
