{"leftPaddleY":0.5471609687898052,"rightPaddleY":0.7860312480622093,"ballX":0.7833776580586322,"ballY":0.2555676067461813}
