{"leftPaddleY":0.04340537138174006,"rightPaddleY":0.2544993889591833,"ballX":0.7235502347495388,"ballY":0.7744354237534627}
