{"leftPaddleY":0.16731095241790625,"rightPaddleY":0.20795957292655332,"ballX":0.9713892941126194,"ballY":0.5137764405682393}
