{"leftPaddleY":0.7015069617513486,"rightPaddleY":0.43190728012367646,"ballX":0.6043035877951894,"ballY":0.33546227526426087}
