{"leftPaddleY":0.8771452702485864,"rightPaddleY":0.20862854711589462,"ballX":0.5994678033390529,"ballY":0.1918044775239268}
