{"leftPaddleY":0.6609117930202136,"rightPaddleY":0.9785430549410475,"ballX":0.01381037819009526,"ballY":0.792730953090452}
