{"leftPaddleY":0.9089234148011723,"rightPaddleY":0.8186607269628277,"ballX":0.5960988523023208,"ballY":0.09556595100701516}
