{"leftPaddleY":0.5371421525573254,"rightPaddleY":0.09566831028681014,"ballX":0.6799724326538962,"ballY":0.7111819499030743}
