{"leftPaddleY":0.07420003410194496,"rightPaddleY":0.40330440504603476,"ballX":0.18204941246218873,"ballY":0.19241577658010492}
