{"leftPaddleY":0.4283702055556732,"rightPaddleY":0.9352427873233715,"ballX":0.15409800588587783,"ballY":0.6970535715712236}
