{"leftPaddleY":0.11999743938222333,"rightPaddleY":0.8408814626847817,"ballX":0.6174283950677163,"ballY":0.9395516265656113}
