{"leftPaddleY":0.4908713043531033,"rightPaddleY":0.44249915717882427,"ballX":0.8259776550970535,"ballY":0.6070856879938534}
