{"leftPaddleY":0.912416263767994,"rightPaddleY":0.7822710380671528,"ballX":0.00975248757135363,"ballY":0.6957359114277102}
