{"leftPaddleY":0.7494039964662355,"rightPaddleY":0.4743308629359651,"ballX":0.12301876480418972,"ballY":0.3486468636356181}
