{"leftPaddleY":0.07634411190728065,"rightPaddleY":0.2993781738987787,"ballX":0.3420834595872112,"ballY":0.5765060535281381}
