{"leftPaddleY":0.5374709081313036,"rightPaddleY":0.6598232038525484,"ballX":0.46824537412575284,"ballY":0.053464644320126396}
