{"leftPaddleY":0.03225365799062743,"rightPaddleY":0.9262350052997124,"ballX":0.9924322757039139,"ballY":0.8355775343658253}
