{"leftPaddleY":0.14954365488713658,"rightPaddleY":0.9349753982261697,"ballX":0.6850747653767394,"ballY":0.5127926628244176}
