{"leftPaddleY":0.9675304093159348,"rightPaddleY":0.35955548821273225,"ballX":0.07226365011880324,"ballY":0.17378625197884343}
