{"leftPaddleY":0.0763218990638698,"rightPaddleY":0.43028148699035507,"ballX":0.5193139210199963,"ballY":0.30921830937121003}
