{"leftPaddleY":0.7667699374193176,"rightPaddleY":0.6070296378505726,"ballX":0.6969709061542988,"ballY":0.3645623362021115}
