{"leftPaddleY":0.21486436639670747,"rightPaddleY":0.27249319347220113,"ballX":0.20760718043894713,"ballY":0.8005410168076246}
