{"leftPaddleY":0.5349243762126923,"rightPaddleY":0.27641496065106674,"ballX":0.5719654190328396,"ballY":0.28116364207675704}
