{"leftPaddleY":0.2011142658384949,"rightPaddleY":0.1732741519883586,"ballX":0.7931302018710747,"ballY":0.04839995897434708}
