{"leftPaddleY":0.8601220370865789,"rightPaddleY":0.8574184145082241,"ballX":0.49687654037419315,"ballY":0.42116166567997176}
