{"leftPaddleY":0.11559138197746988,"rightPaddleY":0.8456943348333683,"ballX":0.6272792045732052,"ballY":0.3700392845996497}
