{"leftPaddleY":0.41014697929260835,"rightPaddleY":0.012883628656820058,"ballX":0.8505465728556346,"ballY":0.09840272872403931}
