{"leftPaddleY":0.07570125564989892,"rightPaddleY":0.8816082266131556,"ballX":0.1064006702252461,"ballY":0.5521180835956239}
