{"leftPaddleY":0.8657008376022326,"rightPaddleY":0.4626558429846534,"ballX":0.37187326330151643,"ballY":0.10980092664919126}
