{"leftPaddleY":0.09898125515144694,"rightPaddleY":0.36120710880510537,"ballX":0.14962528781946197,"ballY":0.02463165216347566}
