{"leftPaddleY":0.3371566019257576,"rightPaddleY":0.7012948672381983,"ballX":0.9867221491554098,"ballY":0.17257760193611577}
