{"leftPaddleY":0.8681243052490535,"rightPaddleY":0.9992869697275745,"ballX":0.13636825087880466,"ballY":0.06168355529014469}
