{"leftPaddleY":0.8436326489418671,"rightPaddleY":0.511646923068576,"ballX":0.5918757066609418,"ballY":0.8075927623396479}
