{"leftPaddleY":0.6836974512488001,"rightPaddleY":0.6262566918956335,"ballX":0.2263374116496968,"ballY":0.6586794538981897}
