{"leftPaddleY":0.14240141618478716,"rightPaddleY":0.9612172620480681,"ballX":0.9629694751376853,"ballY":0.21618649075499524}
