{"leftPaddleY":0.17392833636039334,"rightPaddleY":0.1024816392305749,"ballX":0.9611291969239126,"ballY":0.9647416160560358}
