{"leftPaddleY":0.134520728158377,"rightPaddleY":0.9520999857113737,"ballX":0.1259472104403508,"ballY":0.2406940346055212}
