{"leftPaddleY":0.6663609745788882,"rightPaddleY":0.7564993939784362,"ballX":0.7329147089794592,"ballY":0.2654225683456482}
