{"leftPaddleY":0.8950677159044438,"rightPaddleY":0.47925006699816275,"ballX":0.8860120559975143,"ballY":0.9575237852162565}
