{"leftPaddleY":0.26270824126179976,"rightPaddleY":0.9424929207100823,"ballX":0.8953082576875487,"ballY":0.6751447260635309}
