{"leftPaddleY":0.45449853441726507,"rightPaddleY":0.3503329475931992,"ballX":0.18601296487252483,"ballY":0.5085424476382451}
