{"leftPaddleY":0.002242174564777411,"rightPaddleY":0.7855026775667422,"ballX":0.8131561226665166,"ballY":0.8802528052442208}
