{"leftPaddleY":0.11129914193672513,"rightPaddleY":0.5891370887861104,"ballX":0.051926330263451344,"ballY":0.5146001841714938}
