{"leftPaddleY":0.7903021284802698,"rightPaddleY":0.5659561225213183,"ballX":0.28334433429568556,"ballY":0.5498287491794271}
