{"leftPaddleY":0.6780871294019697,"rightPaddleY":0.4490240576248282,"ballX":0.6043025918206668,"ballY":0.0202342322337497}
