{"leftPaddleY":0.9546158429380557,"rightPaddleY":0.39891780818525036,"ballX":0.528909847597873,"ballY":0.7358112056123799}
