{"leftPaddleY":0.5547085507130615,"rightPaddleY":0.8487326579444576,"ballX":0.9645246760053845,"ballY":0.44966078650944863}
