{"leftPaddleY":0.5104356326756769,"rightPaddleY":0.43772828382603324,"ballX":0.17405271563001906,"ballY":0.20662801485442112}
