{"leftPaddleY":0.516125393200394,"rightPaddleY":0.08058743490571753,"ballX":0.05664376768160472,"ballY":0.9697689063201488}
