{"leftPaddleY":0.2233383474798242,"rightPaddleY":0.3439749650019622,"ballX":0.7572795255687211,"ballY":0.02328478621668122}
