{"leftPaddleY":0.4111107334391819,"rightPaddleY":0.03263918169339799,"ballX":0.1512701418332443,"ballY":0.8791981004429222}
