{"leftPaddleY":0.23899293773715383,"rightPaddleY":0.903183594042006,"ballX":0.1793073023540426,"ballY":0.7374410989570911}
