{"leftPaddleY":0.4182108338688475,"rightPaddleY":0.8374881162049492,"ballX":0.14695772684157196,"ballY":0.8389438259306933}
