{"leftPaddleY":0.7590235295634556,"rightPaddleY":0.0327397394227408,"ballX":0.5720225449859758,"ballY":0.34586427606734477}
