{"leftPaddleY":0.7341981773125725,"rightPaddleY":0.7270328862341086,"ballX":0.7358945300504823,"ballY":0.7487842039600343}
