{"leftPaddleY":0.8191539273334483,"rightPaddleY":0.15318131030367219,"ballX":0.7462994927466367,"ballY":0.9736966418006598}
