{"leftPaddleY":0.8149587198866852,"rightPaddleY":0.8326748432428653,"ballX":0.05242422637900247,"ballY":0.6844238963482704}
