{"leftPaddleY":0.3900354169894603,"rightPaddleY":0.716519175911568,"ballX":0.40326450037719797,"ballY":0.8869389025966552}
