{"leftPaddleY":0.684123664441756,"rightPaddleY":0.8357293957243895,"ballX":0.8568879062328594,"ballY":0.33061467591324006}
