{"leftPaddleY":0.42067719195952397,"rightPaddleY":0.5638794023934449,"ballX":0.5012752630386669,"ballY":0.1625869210253677}
