{"leftPaddleY":0.4072530888534065,"rightPaddleY":0.6070302721012403,"ballX":0.0877838372417743,"ballY":0.8612137460679801}
