{"leftPaddleY":0.8393822057736665,"rightPaddleY":0.011532971457163343,"ballX":0.12143904169369692,"ballY":0.3233048374426264}
