{"leftPaddleY":0.13431047392508477,"rightPaddleY":0.07113104918309807,"ballX":0.20202994344711797,"ballY":0.06613063419617285}
