{"leftPaddleY":0.015233863737323244,"rightPaddleY":0.44205838305254846,"ballX":0.8579315341353766,"ballY":0.006604506300202609}
