{"leftPaddleY":0.09106694930330818,"rightPaddleY":0.4668510439660338,"ballX":0.7240958953678976,"ballY":0.07463528210013232}
