{"leftPaddleY":0.43455963919331075,"rightPaddleY":0.06225427180074159,"ballX":0.4804697469555977,"ballY":0.22023414522594745}
