{"leftPaddleY":0.13582997255566917,"rightPaddleY":0.2936140320577788,"ballX":0.65759998190294,"ballY":0.24872122332216973}
