{"leftPaddleY":0.5515827327588839,"rightPaddleY":0.6196449621761186,"ballX":0.079566912925895,"ballY":0.20439715807930683}
