{"leftPaddleY":0.25868288589139526,"rightPaddleY":0.020824278352139167,"ballX":0.7552043731109837,"ballY":0.7091626473992744}
