{"leftPaddleY":0.8468600104010388,"rightPaddleY":0.4993610048878367,"ballX":0.6228044389763175,"ballY":0.6213700672948408}
