{"leftPaddleY":0.16338438386892087,"rightPaddleY":0.9167962494852833,"ballX":0.8320700514040916,"ballY":0.66974909942246}
