{"leftPaddleY":0.6030703776064502,"rightPaddleY":0.8566327698874288,"ballX":0.8568359813314865,"ballY":0.3453078319036232}
