{"leftPaddleY":0.07672495288655956,"rightPaddleY":0.893875848368118,"ballX":0.6290189975338268,"ballY":0.20167298619848234}
