{"leftPaddleY":0.013828999934951689,"rightPaddleY":0.7298133742480408,"ballX":0.6796462772458454,"ballY":0.8004796599643177}
