{"leftPaddleY":0.9676057449775815,"rightPaddleY":0.1072251749777679,"ballX":0.3115001989907536,"ballY":0.4140785283943087}
