{"leftPaddleY":0.9687856279680211,"rightPaddleY":0.4845059105332571,"ballX":0.4374522386840152,"ballY":0.827062832856803}
