{"leftPaddleY":0.23589492605030468,"rightPaddleY":0.947874431874662,"ballX":0.30034904219836417,"ballY":0.14764817308680955}
