{"leftPaddleY":0.9659730036133779,"rightPaddleY":0.481367660874863,"ballX":0.7260440817145991,"ballY":0.4357936810558529}
