{"leftPaddleY":0.3721119923371683,"rightPaddleY":0.001300788320315403,"ballX":0.15993401507426158,"ballY":0.4768080298020929}
