{"leftPaddleY":0.015426654170548287,"rightPaddleY":0.49006081098277166,"ballX":0.8780391626954399,"ballY":0.323790013806978}
