{"leftPaddleY":0.17617721299955033,"rightPaddleY":0.443714770133057,"ballX":0.6030354657206817,"ballY":0.998734427112152}
