{"leftPaddleY":0.6565839694619934,"rightPaddleY":0.7028448906327738,"ballX":0.23331735790407962,"ballY":0.6395713439189944}
