{"leftPaddleY":0.4504521195768772,"rightPaddleY":0.10093190992891517,"ballX":0.8583516423070136,"ballY":0.15110225361417154}
