{"leftPaddleY":0.476712303389537,"rightPaddleY":0.053514696911845294,"ballX":0.8068524352033308,"ballY":0.8861062652289403}
