{"leftPaddleY":0.37037525651381453,"rightPaddleY":0.15629074102046864,"ballX":0.1043186097193701,"ballY":0.8849265143454028}
