{"leftPaddleY":0.38499335983227523,"rightPaddleY":0.8028659906303507,"ballX":0.4164494522461212,"ballY":0.2437366747297306}
