{"leftPaddleY":0.8365252815064946,"rightPaddleY":0.03210738552314526,"ballX":0.4967982327589741,"ballY":0.12095581190639251}
