{"leftPaddleY":0.18631722702274447,"rightPaddleY":0.2677708119967767,"ballX":0.3997701060068696,"ballY":0.09187372209604029}
