{"leftPaddleY":0.9276344632932032,"rightPaddleY":0.9150979397188187,"ballX":0.14415026042192033,"ballY":0.46985335779872933}
