{"leftPaddleY":0.31418653199672036,"rightPaddleY":0.9762708901116994,"ballX":0.6538852666108559,"ballY":0.21619465525067394}
