{"leftPaddleY":0.6074753609419037,"rightPaddleY":0.5648931996236434,"ballX":0.008098635798531598,"ballY":0.35418716961901137}
