{"leftPaddleY":0.28013608768918047,"rightPaddleY":0.3080944214995837,"ballX":0.577595065785287,"ballY":0.002344448358192871}
