{"leftPaddleY":0.15220417213312595,"rightPaddleY":0.8571637509295632,"ballX":0.38414479066653817,"ballY":0.23081111212014888}
