{"leftPaddleY":0.20890424817667425,"rightPaddleY":0.04187179452194437,"ballX":0.8588286645357815,"ballY":0.8341139823239936}
