{"leftPaddleY":0.6032746600213341,"rightPaddleY":0.027657550806515926,"ballX":0.6199731395806924,"ballY":0.2405815274485264}
