{"leftPaddleY":0.28801690040109906,"rightPaddleY":0.899386203699665,"ballX":0.5040509313385358,"ballY":0.6153807678414186}
