{"leftPaddleY":0.6947614189613719,"rightPaddleY":0.695700854567186,"ballX":0.508973109657999,"ballY":0.45527640424035637}
