{"leftPaddleY":0.919967875994563,"rightPaddleY":0.60739150262921,"ballX":0.8627299549169166,"ballY":0.2217318689562302}
