{"leftPaddleY":0.9485028996576756,"rightPaddleY":0.8822225757880461,"ballX":0.4862745556502405,"ballY":0.30973719313355086}
