{"leftPaddleY":0.9690837725376065,"rightPaddleY":0.9194730606763096,"ballX":0.4103575631312808,"ballY":0.9714518675118681}
