{"leftPaddleY":0.15483682668882015,"rightPaddleY":0.9656511167959156,"ballX":0.27896319435448513,"ballY":0.4751437037060835}
