{"leftPaddleY":0.02574462547776186,"rightPaddleY":0.20601482461915863,"ballX":0.34349969858006757,"ballY":0.15792101697294217}
