{"leftPaddleY":0.8230143684357499,"rightPaddleY":0.4733179121698581,"ballX":0.3005531805447413,"ballY":0.11270036303132439}
