{"leftPaddleY":0.39930923104486615,"rightPaddleY":0.6975887851794438,"ballX":0.8968837089083049,"ballY":0.29429750869164667}
