{"leftPaddleY":0.009887173000238472,"rightPaddleY":0.007569902149201315,"ballX":0.8836973316274749,"ballY":0.4544625491490272}
