{"leftPaddleY":0.10094861273758397,"rightPaddleY":0.8024592507033335,"ballX":0.5589104058164511,"ballY":0.6560686388865739}
