{"leftPaddleY":0.3374226044766611,"rightPaddleY":0.04437382954193004,"ballX":0.4779375468834765,"ballY":0.7651236739283411}
