{"leftPaddleY":0.7828133041007487,"rightPaddleY":0.07464689998184854,"ballX":0.853631811326977,"ballY":0.9902650111094566}
