{"leftPaddleY":0.8961713569356936,"rightPaddleY":0.9223296344154392,"ballX":0.29639645508603746,"ballY":0.8479119516950226}
