{"leftPaddleY":0.9623894278601021,"rightPaddleY":0.4919797914690852,"ballX":0.541909982070633,"ballY":0.989130237581856}
