{"leftPaddleY":0.9594447511233704,"rightPaddleY":0.42378071819519847,"ballX":0.23855906775832825,"ballY":0.09115414614284313}
