{"leftPaddleY":0.5672677744052831,"rightPaddleY":0.9196143521729813,"ballX":0.35279468178224116,"ballY":0.574608924316246}
