{"leftPaddleY":0.789530845378435,"rightPaddleY":0.771655650000875,"ballX":0.6474192902972222,"ballY":0.5349019712362396}
