{"leftPaddleY":0.39267899179972293,"rightPaddleY":0.9961318596951949,"ballX":0.8303350360716095,"ballY":0.3165496672678256}
