{"leftPaddleY":0.5560395983892865,"rightPaddleY":0.7416641926746855,"ballX":0.1176740252435304,"ballY":0.5003234178017667}
