{"leftPaddleY":0.13086993942570993,"rightPaddleY":0.5640197146093802,"ballX":0.7678808380409176,"ballY":0.49857026893215123}
