{"leftPaddleY":0.818130205372493,"rightPaddleY":0.0018008104030304924,"ballX":0.4803373737012954,"ballY":0.39048244646921165}
