{"leftPaddleY":0.09337580292616711,"rightPaddleY":0.7692214346338692,"ballX":0.6860217081026921,"ballY":0.5882353205622096}
