{"leftPaddleY":0.2602389303033145,"rightPaddleY":0.03962788315128703,"ballX":0.0827126574711901,"ballY":0.9584802094476044}
