{"leftPaddleY":0.8826517759919903,"rightPaddleY":0.7318422776984859,"ballX":0.8235260649944034,"ballY":0.2668886434071053}
