{"leftPaddleY":0.9906817803881479,"rightPaddleY":0.14842799718252442,"ballX":0.6113710824184269,"ballY":0.3934076892443827}
