{"leftPaddleY":0.5158144675369681,"rightPaddleY":0.1615619886594117,"ballX":0.4188021595171461,"ballY":0.020087484358114048}
