{"leftPaddleY":0.17046844079504272,"rightPaddleY":0.9280006134650126,"ballX":0.734012029994791,"ballY":0.9773530252288776}
