{"leftPaddleY":0.7588928718797527,"rightPaddleY":0.006502570017766791,"ballX":0.005252983058133243,"ballY":0.5146511561812909}
