{"leftPaddleY":0.14852029851957627,"rightPaddleY":0.717015383653084,"ballX":0.1766972846111729,"ballY":0.6504403374285143}
