{"leftPaddleY":0.13437515984231102,"rightPaddleY":0.6449616965672151,"ballX":0.3015812032283821,"ballY":0.2689380234637855}
