{"leftPaddleY":0.9212862926248239,"rightPaddleY":0.8532864653323164,"ballX":0.5766682101968454,"ballY":0.37021981218189454}
