{"leftPaddleY":0.19325441248902772,"rightPaddleY":0.6940143770654185,"ballX":0.971600048763616,"ballY":0.96193129996826}
