{"leftPaddleY":0.3944634428861145,"rightPaddleY":0.1781107062740638,"ballX":0.8040100450145778,"ballY":0.0877932268663793}
