{"leftPaddleY":0.7765727607267184,"rightPaddleY":0.13898065935723897,"ballX":0.2032312407493841,"ballY":0.5023777648669732}
