{"leftPaddleY":0.9857209042916976,"rightPaddleY":0.2985835901801956,"ballX":0.06334359990023586,"ballY":0.1078548403601714}
