{"leftPaddleY":0.4967811803606446,"rightPaddleY":0.003825249253440063,"ballX":0.7385521524865365,"ballY":0.5121954987934452}
