{"leftPaddleY":0.790317001070319,"rightPaddleY":0.2231022640268674,"ballX":0.037145848581394025,"ballY":0.05531197256880505}
