{"leftPaddleY":0.21089079097487365,"rightPaddleY":0.5627654242978746,"ballX":0.5100606844483525,"ballY":0.10799301722251754}
