{"leftPaddleY":0.664967113952476,"rightPaddleY":0.5984087714373697,"ballX":0.5010999589668595,"ballY":0.7439146365525529}
