{"leftPaddleY":0.18376173310448685,"rightPaddleY":0.3612332586623226,"ballX":0.14011235553959647,"ballY":0.6942443855537761}
