{"leftPaddleY":0.39601436506364757,"rightPaddleY":0.5495917597403492,"ballX":0.9009689520176429,"ballY":0.21543171227763155}
