{"leftPaddleY":0.6139452734608667,"rightPaddleY":0.45806890187182764,"ballX":0.31047036521980675,"ballY":0.621065637128143}
