{"leftPaddleY":0.9514537645135243,"rightPaddleY":0.07785012984793814,"ballX":0.9100038677217167,"ballY":0.10512040781459119}
