{"leftPaddleY":0.6361160940791751,"rightPaddleY":0.7395315956000654,"ballX":0.12778347298308887,"ballY":0.36583214255273777}
