{"leftPaddleY":0.7905634941238013,"rightPaddleY":0.9818934996442287,"ballX":0.17233861960931385,"ballY":0.08972975216697553}
