{"leftPaddleY":0.47085453222301354,"rightPaddleY":0.9629667150585679,"ballX":0.3191271917980234,"ballY":0.3749905408553928}
