{"leftPaddleY":0.9049807917621807,"rightPaddleY":0.0328775141950661,"ballX":0.7162426170818521,"ballY":0.4448641644635566}
