{"leftPaddleY":0.6886287652911772,"rightPaddleY":0.6938142989533849,"ballX":0.9099363558572762,"ballY":0.7640886839363145}
