{"leftPaddleY":0.07163359563070357,"rightPaddleY":0.23787439235554594,"ballX":0.30097664936458995,"ballY":0.5930870660166739}
