{"leftPaddleY":0.8319851097085336,"rightPaddleY":0.5288021690170761,"ballX":0.50029187372469,"ballY":0.26366586634849115}
