{"leftPaddleY":0.22651633723192807,"rightPaddleY":0.05529380357918889,"ballX":0.448376778991719,"ballY":0.8338478742046208}
