{"leftPaddleY":0.08054524694986807,"rightPaddleY":0.6390669423864408,"ballX":0.1429615546932369,"ballY":0.49399211532867066}
