{"leftPaddleY":0.6129616083094002,"rightPaddleY":0.7328697440533961,"ballX":0.2794208047041467,"ballY":0.6486995493251404}
