{"leftPaddleY":0.4178391807037594,"rightPaddleY":0.5953869280622672,"ballX":0.1685764570922224,"ballY":0.7296774397211269}
