{"leftPaddleY":0.6307417166034455,"rightPaddleY":0.20252204784887903,"ballX":0.05147194698608199,"ballY":0.18133423138181803}
