{"leftPaddleY":0.5930455405036666,"rightPaddleY":0.17826170735454705,"ballX":0.0988506331784492,"ballY":0.7358392463036255}
