{"leftPaddleY":0.8850771880436765,"rightPaddleY":0.899363130217892,"ballX":0.9412911706966277,"ballY":0.5156422178262458}
