{"leftPaddleY":0.046217288024456356,"rightPaddleY":0.8390891065015732,"ballX":0.38381797966144937,"ballY":0.6071744373780689}
