{"leftPaddleY":0.3718338204129317,"rightPaddleY":0.9077653113934622,"ballX":0.5965205794288949,"ballY":0.9926346864671408}
