{"leftPaddleY":0.11181462666813863,"rightPaddleY":0.8926653769664438,"ballX":0.36240293007263086,"ballY":0.8000290284116615}
