{"leftPaddleY":0.6256270156587518,"rightPaddleY":0.3194946527829078,"ballX":0.30065082555405304,"ballY":0.46594701089143276}
