{"leftPaddleY":0.8197027629098974,"rightPaddleY":0.34344294255655383,"ballX":0.4303769694126929,"ballY":0.6365603159473097}
