{"leftPaddleY":0.32495022912594307,"rightPaddleY":0.9484927690827193,"ballX":0.8362774443301432,"ballY":0.7010503989819842}
