{"leftPaddleY":0.5296749660868899,"rightPaddleY":0.9447736261031359,"ballX":0.36783633374193053,"ballY":0.7193507321361046}
