{"leftPaddleY":0.08315254380338799,"rightPaddleY":0.2967133489044275,"ballX":0.6619499176163778,"ballY":0.09886275450347053}
