{"leftPaddleY":0.6220410673730732,"rightPaddleY":0.7362642502646823,"ballX":0.7499146165098958,"ballY":0.897647189488941}
