{"leftPaddleY":0.7930674062307794,"rightPaddleY":0.5072593208868991,"ballX":0.8242873661152827,"ballY":0.21305614745252283}
