{"leftPaddleY":0.2565194408927688,"rightPaddleY":0.20274455098773475,"ballX":0.9732181505412728,"ballY":0.354608691366566}
