{"leftPaddleY":0.48536240561830596,"rightPaddleY":0.4624207934018688,"ballX":0.8860166679625896,"ballY":0.7523883039774518}
