{"leftPaddleY":0.8056367886642578,"rightPaddleY":0.6177444990568202,"ballX":0.49736710169698745,"ballY":0.8026960592007636}
