{"leftPaddleY":0.577989993821316,"rightPaddleY":0.036607592098905184,"ballX":0.2610926561844992,"ballY":0.656084137492521}
