{"leftPaddleY":0.2318752484438428,"rightPaddleY":0.1776904471365688,"ballX":0.01060088808110374,"ballY":0.7670396589440708}
