{"leftPaddleY":0.3120305563185998,"rightPaddleY":0.5853748725803876,"ballX":0.9914771148207178,"ballY":0.7898232590166879}
