{"leftPaddleY":0.40362646219771625,"rightPaddleY":0.3306333630962876,"ballX":0.5044716101975836,"ballY":0.9122674452426994}
