{"leftPaddleY":0.6633772826271219,"rightPaddleY":0.640453024361141,"ballX":0.48346514532442975,"ballY":0.8860166954308818}
