{"leftPaddleY":0.545544920225659,"rightPaddleY":0.48914228696223483,"ballX":0.2411610634247096,"ballY":0.14869160219461477}
