{"leftPaddleY":0.7127854479991855,"rightPaddleY":0.8290735951872146,"ballX":0.6326943022367444,"ballY":0.2761542486831201}
