{"leftPaddleY":0.8907111531237974,"rightPaddleY":0.8632431902430836,"ballX":0.5203306436000177,"ballY":0.8825370223305492}
