{"leftPaddleY":0.3698657879646097,"rightPaddleY":0.1415341707915196,"ballX":0.15526747627654722,"ballY":0.4993252946691954}
