{"leftPaddleY":0.9715970377936416,"rightPaddleY":0.11876496842007962,"ballX":0.6796020938072642,"ballY":0.2878766641189393}
