{"leftPaddleY":0.7066542919545219,"rightPaddleY":0.5955614958979616,"ballX":0.22958389774139898,"ballY":0.8728007256665318}
