{"leftPaddleY":0.2707066403881218,"rightPaddleY":0.6604447664663432,"ballX":0.6212981215393386,"ballY":0.5843988198981803}
