{"leftPaddleY":0.3851465419052565,"rightPaddleY":0.2676855666285455,"ballX":0.4224961230749899,"ballY":0.4863718657396149}
