{"leftPaddleY":0.2087273597714645,"rightPaddleY":0.18493412466004192,"ballX":0.8633906822454918,"ballY":0.41616606530080413}
