{"leftPaddleY":0.863815678685182,"rightPaddleY":0.5942988485832924,"ballX":0.22828910154290535,"ballY":0.2451453950312304}
