{"leftPaddleY":0.6128325228093419,"rightPaddleY":0.10205209183651406,"ballX":0.20008598284725398,"ballY":0.6862150696189918}
