{"leftPaddleY":0.9666575012423065,"rightPaddleY":0.8128083313880493,"ballX":0.26273527844668165,"ballY":0.346279987365312}
