{"leftPaddleY":0.6203131113493813,"rightPaddleY":0.8496279000418017,"ballX":0.8658586270709988,"ballY":0.11354908295192792}
