{"leftPaddleY":0.19591491998683425,"rightPaddleY":0.10730965313521532,"ballX":0.38163914053292775,"ballY":0.8527846009260746}
