{"leftPaddleY":0.11257817746986938,"rightPaddleY":0.39763948787078307,"ballX":0.19284590492247533,"ballY":0.832799614057765}
