{"leftPaddleY":0.7035230409964073,"rightPaddleY":0.9064577604635717,"ballX":0.9126912120042852,"ballY":0.6241143010360946}
