{"leftPaddleY":0.627535978516317,"rightPaddleY":0.16361535391955898,"ballX":0.8195586903178836,"ballY":0.632364830883557}
