{"leftPaddleY":0.573873275153869,"rightPaddleY":0.22842010679818447,"ballX":0.4408107247307973,"ballY":0.41358975620010285}
