{"leftPaddleY":0.10890297112530584,"rightPaddleY":0.3660367024905858,"ballX":0.7756941783678674,"ballY":0.21059289076491386}
