{"leftPaddleY":0.6513012024263296,"rightPaddleY":0.42354423343507686,"ballX":0.12258044491118968,"ballY":0.3773403096827038}
