{"leftPaddleY":0.8862193208914254,"rightPaddleY":0.24791782627521344,"ballX":0.45477816657416964,"ballY":0.6290219624944295}
