{"leftPaddleY":0.5171356453200959,"rightPaddleY":0.6731211730447635,"ballX":0.5882036528224048,"ballY":0.2680395070808535}
