{"leftPaddleY":0.6875458200482572,"rightPaddleY":0.14951482955064574,"ballX":0.3559982189266772,"ballY":0.21030197294991282}
