{"leftPaddleY":0.620670536626742,"rightPaddleY":0.5915910132590552,"ballX":0.602107068388878,"ballY":0.5226070920639933}
