{"leftPaddleY":0.29047646832430885,"rightPaddleY":0.5057450285624294,"ballX":0.7577820450250445,"ballY":0.7981233447562045}
