{"leftPaddleY":0.8094223115995932,"rightPaddleY":0.07237743314047398,"ballX":0.49098339852865197,"ballY":0.38764618075606205}
