{"leftPaddleY":0.1424418822777013,"rightPaddleY":0.15010990132611582,"ballX":0.7192612009174186,"ballY":0.8092541875085891}
