{"leftPaddleY":0.42333264910496565,"rightPaddleY":0.9195459181352144,"ballX":0.319436516534463,"ballY":0.49691265648284094}
