{"leftPaddleY":0.8955590701604277,"rightPaddleY":0.467930554115089,"ballX":0.5936519843239237,"ballY":0.7616029276786552}
