{"leftPaddleY":0.3968866247859819,"rightPaddleY":0.011258211500315049,"ballX":0.8001639689769687,"ballY":0.23257067987303265}
