{"leftPaddleY":0.011889395574400372,"rightPaddleY":0.43867037724121233,"ballX":0.41992657149888485,"ballY":0.7175121608966784}
