{"leftPaddleY":0.24619156847514914,"rightPaddleY":0.01601050611412488,"ballX":0.3261909706640499,"ballY":0.4918321257993015}
