{"leftPaddleY":0.34280912340135355,"rightPaddleY":0.2272193326857896,"ballX":0.14025671304870294,"ballY":0.20641741734861133}
