{"leftPaddleY":0.4501137213240572,"rightPaddleY":0.36627747863774146,"ballX":0.7157330032538589,"ballY":0.45813957304077985}
