{"leftPaddleY":0.3794129813332694,"rightPaddleY":0.9952172390580669,"ballX":0.9689818449476794,"ballY":0.08206862854633802}
