{"leftPaddleY":0.30259287413168373,"rightPaddleY":0.8394252378513711,"ballX":0.3589294327521605,"ballY":0.4938432385900937}
