{"leftPaddleY":0.6535193944818933,"rightPaddleY":0.1257930445104585,"ballX":0.45517424509494053,"ballY":0.767613551048758}
