{"leftPaddleY":0.5617238434913631,"rightPaddleY":0.2007235296148762,"ballX":0.4208333294925312,"ballY":0.48568817703556216}
