{"leftPaddleY":0.4528739744728034,"rightPaddleY":0.5104511207212378,"ballX":0.7225115166460659,"ballY":0.9050542895188038}
