{"leftPaddleY":0.5569548990678518,"rightPaddleY":0.6268143961363641,"ballX":0.016779521600385858,"ballY":0.7069433966572795}
