{"leftPaddleY":0.10655338108743213,"rightPaddleY":0.07298797568723193,"ballX":0.6462565456529047,"ballY":0.061919388746426524}
