{"leftPaddleY":0.40204000650576827,"rightPaddleY":0.37417673796146467,"ballX":0.9971089719838292,"ballY":0.8655829883494395}
