{"leftPaddleY":0.5210495628190082,"rightPaddleY":0.10174968027678552,"ballX":0.6967431011085236,"ballY":0.06235890935072692}
