{"leftPaddleY":0.8752798520913981,"rightPaddleY":0.44972375446537405,"ballX":0.1744992187219479,"ballY":0.04280933694777667}
