{"leftPaddleY":0.23005389324744682,"rightPaddleY":0.5477104990727373,"ballX":0.8923471457101235,"ballY":0.9626449340183737}
