{"leftPaddleY":0.5589451500546724,"rightPaddleY":0.1393404914013532,"ballX":0.9068706446373226,"ballY":0.17740135005592325}
