{"leftPaddleY":0.4291501813126727,"rightPaddleY":0.7025090912672667,"ballX":0.31733195395294844,"ballY":0.5628476782653524}
