{"leftPaddleY":0.9288734574940214,"rightPaddleY":0.30517915492342396,"ballX":0.719277538288814,"ballY":0.3873137958647763}
