{"leftPaddleY":0.674504879568735,"rightPaddleY":0.3540282326380575,"ballX":0.5416333272047676,"ballY":0.15966389359076205}
