{"leftPaddleY":0.5886649807841446,"rightPaddleY":0.45694941777708536,"ballX":0.40516317049803313,"ballY":0.6274736267819144}
