{"leftPaddleY":0.0019312414141946298,"rightPaddleY":0.21243259503946832,"ballX":0.4533030943953367,"ballY":0.8978503979420402}
