{"leftPaddleY":0.6517056173158909,"rightPaddleY":0.7068105731817559,"ballX":0.6076134697110896,"ballY":0.6156059306772615}
