{"leftPaddleY":0.2852984186342777,"rightPaddleY":0.3492198259093987,"ballX":0.10879920739390624,"ballY":0.8632986208777333}
