{"leftPaddleY":0.46825892549643394,"rightPaddleY":0.37550666656793164,"ballX":0.05581983862609643,"ballY":0.989045062959651}
