{"leftPaddleY":0.3250734961251556,"rightPaddleY":0.8388108320794856,"ballX":0.6678521866170605,"ballY":0.7559660267613082}
