{"leftPaddleY":0.3879810651882832,"rightPaddleY":0.7054827099963566,"ballX":0.5785584147384665,"ballY":0.5774089464922312}
