{"leftPaddleY":0.552929655275645,"rightPaddleY":0.19229531909480307,"ballX":0.3284023590121776,"ballY":0.9855020380265829}
