{"leftPaddleY":0.2332662776758482,"rightPaddleY":0.4282674744051068,"ballX":0.9542427240945575,"ballY":0.8234136288259155}
