{"leftPaddleY":0.9372890157627513,"rightPaddleY":0.5415285052891724,"ballX":0.6619617946547899,"ballY":0.554006124966616}
