{"leftPaddleY":0.6568833452385167,"rightPaddleY":0.28484108528334584,"ballX":0.9932312665433853,"ballY":0.9392436743519962}
