{"leftPaddleY":0.3387295624265421,"rightPaddleY":0.036713101359363134,"ballX":0.924855627162533,"ballY":0.9084264497131189}
