{"leftPaddleY":0.35814829978325213,"rightPaddleY":0.15574650143084987,"ballX":0.3100353876689836,"ballY":0.809670259262421}
