{"leftPaddleY":0.968927494055971,"rightPaddleY":0.08667985059529805,"ballX":0.09055582893508597,"ballY":0.45908032059447196}
