{"leftPaddleY":0.7364164608683487,"rightPaddleY":0.9595464526095769,"ballX":0.1884287480924713,"ballY":0.8189874383851741}
