{"leftPaddleY":0.5123133269787703,"rightPaddleY":0.5746208804888651,"ballX":0.23128590283912198,"ballY":0.435212454755851}
