{"leftPaddleY":0.7133385662661107,"rightPaddleY":0.5671094720248073,"ballX":0.10187216279593378,"ballY":0.5364441805992471}
