{"leftPaddleY":0.9918303338792822,"rightPaddleY":0.7014452440490254,"ballX":0.4116043227356436,"ballY":0.11214550478459902}
