{"leftPaddleY":0.35832863008601684,"rightPaddleY":0.22588816269468184,"ballX":0.7123014067896729,"ballY":0.6206513710536079}
