{"leftPaddleY":0.18203881656245666,"rightPaddleY":0.8656796195563286,"ballX":0.9553451043696513,"ballY":0.28163168547676193}
