{"leftPaddleY":0.8041841400250543,"rightPaddleY":0.5307263758239358,"ballX":0.11461776061119068,"ballY":0.9110614625680394}
