{"leftPaddleY":0.6890279206475455,"rightPaddleY":0.11754979445252302,"ballX":0.9516296730374201,"ballY":0.9743703906800937}
