{"leftPaddleY":0.8596443651311604,"rightPaddleY":0.31204214600499475,"ballX":0.6033869308863727,"ballY":0.45904362831037754}
