{"leftPaddleY":0.5503519074714552,"rightPaddleY":0.15697421748631674,"ballX":0.7382677902721156,"ballY":0.657713979395706}
