{"leftPaddleY":0.49048075489313847,"rightPaddleY":0.1589701452440384,"ballX":0.6565651782149392,"ballY":0.7487086792110722}
