{"leftPaddleY":0.996889310281006,"rightPaddleY":0.7079688787787974,"ballX":0.13477328592289314,"ballY":0.13879813183288706}
