{"leftPaddleY":0.3094000784708273,"rightPaddleY":0.17666193476464712,"ballX":0.8171511723140839,"ballY":0.822505759216846}
