{"leftPaddleY":0.9599646434093153,"rightPaddleY":0.8456037903159509,"ballX":0.8589103272149563,"ballY":0.8686526014856645}
