{"leftPaddleY":0.7337789613965556,"rightPaddleY":0.4260643039049778,"ballX":0.18601128757890886,"ballY":0.7055427720521507}
