{"leftPaddleY":0.13265256935417838,"rightPaddleY":0.8863912516027179,"ballX":0.6920311484844242,"ballY":0.40055776517697667}
