{"leftPaddleY":0.05217589280317045,"rightPaddleY":0.143723542523562,"ballX":0.3479325767522149,"ballY":0.1932845343332348}
