{"leftPaddleY":0.4601159994686048,"rightPaddleY":0.9223072331578008,"ballX":0.004579837565463399,"ballY":0.8505264527064523}
