{"leftPaddleY":0.6257614335331234,"rightPaddleY":0.19705236875477614,"ballX":0.9233411610000647,"ballY":0.824639631273076}
