{"leftPaddleY":0.844940546354932,"rightPaddleY":0.17903430169917123,"ballX":0.7749004411774487,"ballY":0.6085095339586188}
