{"leftPaddleY":0.4083913845688284,"rightPaddleY":0.6042430526975938,"ballX":0.4245267476366136,"ballY":0.3577465633606841}
