{"leftPaddleY":0.7005145162142317,"rightPaddleY":0.4774574523894261,"ballX":0.5344151139539347,"ballY":0.5814224590542529}
