{"leftPaddleY":0.45585464189133224,"rightPaddleY":0.29873905874525153,"ballX":0.5234435099971729,"ballY":0.441111812443513}
