{"leftPaddleY":0.3823361981797934,"rightPaddleY":0.9260171162962987,"ballX":0.6762712472138369,"ballY":0.6640373529915666}
