{"leftPaddleY":0.18903694772220236,"rightPaddleY":0.5888797134740966,"ballX":0.8696629959592953,"ballY":0.378611147424007}
