{"leftPaddleY":0.1999416856432325,"rightPaddleY":0.5301373057642731,"ballX":0.7710702318059889,"ballY":0.07429129283035778}
