{"leftPaddleY":0.7469174093858795,"rightPaddleY":0.6338579799227879,"ballX":0.3270958200605866,"ballY":0.6958657469010772}
