{"leftPaddleY":0.29240717488677526,"rightPaddleY":0.5179818626000752,"ballX":0.24399655348865132,"ballY":0.5826643715498128}
