{"leftPaddleY":0.6206976064944427,"rightPaddleY":0.8758540490015543,"ballX":0.6347077644114005,"ballY":0.6274193478334058}
