{"leftPaddleY":0.4120146483119311,"rightPaddleY":0.22319945831260707,"ballX":0.30236508398363793,"ballY":0.8933269976242475}
