{"leftPaddleY":0.8959168184747126,"rightPaddleY":0.2701457166697024,"ballX":0.20638297836961372,"ballY":0.9698111255900588}
