{"leftPaddleY":0.2675903642950152,"rightPaddleY":0.4418182829197569,"ballX":0.029492467439834934,"ballY":0.5016548474238586}
