{"leftPaddleY":0.1435842213298739,"rightPaddleY":0.1815552234175943,"ballX":0.7225358822919554,"ballY":0.4732873250514121}
