{"leftPaddleY":0.9912223671148229,"rightPaddleY":0.5939139761077138,"ballX":0.6378724598619133,"ballY":0.04470307138960642}
