{"leftPaddleY":0.7793353077213125,"rightPaddleY":0.9514865271285814,"ballX":0.19478798780814008,"ballY":0.2219014787702541}
