{"leftPaddleY":0.6384153916918737,"rightPaddleY":0.6046097795721002,"ballX":0.16684785623112894,"ballY":0.14786451916721585}
