{"leftPaddleY":0.26435869946496166,"rightPaddleY":0.6691577254736991,"ballX":0.16722696734845913,"ballY":0.14910731835081414}
