{"leftPaddleY":0.4593665463233497,"rightPaddleY":0.8126597536829352,"ballX":0.0743156866178604,"ballY":0.9336592739770291}
