{"leftPaddleY":0.08310470802747204,"rightPaddleY":0.028687555929453795,"ballX":0.16221287954816727,"ballY":0.4866084631568738}
