{"leftPaddleY":0.3789903767686912,"rightPaddleY":0.24554136108089836,"ballX":0.46304805699393226,"ballY":0.33723491956039986}
