{"leftPaddleY":0.7770678187711163,"rightPaddleY":0.6104505397160342,"ballX":0.6345960969237217,"ballY":0.06836427720533386}
