{"leftPaddleY":0.4229794351408845,"rightPaddleY":0.8232246281508061,"ballX":0.13834658606142444,"ballY":0.9069233962176062}
