{"leftPaddleY":0.17114579557683077,"rightPaddleY":0.179033170771141,"ballX":0.10597242354964963,"ballY":0.7628240549041001}
