{"leftPaddleY":0.7023262828324234,"rightPaddleY":0.21902635174769672,"ballX":0.3559621327259603,"ballY":0.30960850457264444}
