{"leftPaddleY":0.0023785300322740027,"rightPaddleY":0.016756186268094043,"ballX":0.7709587247500843,"ballY":0.42568327047954085}
