{"leftPaddleY":0.8028360980151504,"rightPaddleY":0.6667095028664854,"ballX":0.8283048284276081,"ballY":0.6863171582134246}
