{"leftPaddleY":0.20649603153686483,"rightPaddleY":0.058871571410967195,"ballX":0.019851604289534537,"ballY":0.3667254318607645}
