{"leftPaddleY":0.6965286451458018,"rightPaddleY":0.6743578178176752,"ballX":0.5714266985459262,"ballY":0.5581149794320497}
