{"leftPaddleY":0.26938412552310825,"rightPaddleY":0.46841650696706955,"ballX":0.7419570269584692,"ballY":0.45965571664065963}
