{"leftPaddleY":0.2703034266721168,"rightPaddleY":0.5955029225065328,"ballX":0.6757511570237382,"ballY":0.05412122843334887}
