{"leftPaddleY":0.6399597365022973,"rightPaddleY":0.30683039804898277,"ballX":0.8979794630240695,"ballY":0.5047937870495443}
