{"leftPaddleY":0.1547228019463765,"rightPaddleY":0.23824141096456924,"ballX":0.050393446074516554,"ballY":0.6826303183602446}
