{"leftPaddleY":0.483114138994806,"rightPaddleY":0.7148795625241227,"ballX":0.1900404660677734,"ballY":0.4909074934747953}
