{"leftPaddleY":0.18434236230423795,"rightPaddleY":0.898878486044354,"ballX":0.46684273636728113,"ballY":0.0972973173087607}
