{"leftPaddleY":0.7151657009462409,"rightPaddleY":0.42277325302863894,"ballX":0.5126438551185508,"ballY":0.6521185445476321}
