{"leftPaddleY":0.9671075842274064,"rightPaddleY":0.8587993952930152,"ballX":0.6606047687481952,"ballY":0.6826972928559089}
