{"leftPaddleY":0.40822089665175765,"rightPaddleY":0.052206840686042914,"ballX":0.7656210225046876,"ballY":0.7814906992246206}
