{"leftPaddleY":0.34969045338316673,"rightPaddleY":0.21161465960895762,"ballX":0.4317478718599236,"ballY":0.5023033814719366}
