{"leftPaddleY":0.47846622131206346,"rightPaddleY":0.206992859882426,"ballX":0.06717851458101994,"ballY":0.7183346085887719}
