{"leftPaddleY":0.7201818037232002,"rightPaddleY":0.4602037507742252,"ballX":0.2824026913019438,"ballY":0.2537067468863167}
