{"leftPaddleY":0.2170882271887791,"rightPaddleY":0.4863931161777245,"ballX":0.41317342889684855,"ballY":0.6447402732075106}
