{"leftPaddleY":0.5003362923497606,"rightPaddleY":0.40448155154511,"ballX":0.657148628793861,"ballY":0.19428725780493192}
