{"leftPaddleY":0.8368082997131795,"rightPaddleY":0.18101403003933206,"ballX":0.08441383203695643,"ballY":0.5939901582119922}
