{"leftPaddleY":0.9452068840330471,"rightPaddleY":0.3343823505179844,"ballX":0.4790769674172712,"ballY":0.6363453327338556}
