{"leftPaddleY":0.2407619217836811,"rightPaddleY":0.033467225578263454,"ballX":0.2012389378280624,"ballY":0.12969310118362032}
