{"leftPaddleY":0.24974811171772057,"rightPaddleY":0.74921697531425,"ballX":0.24489661493331003,"ballY":0.3063685390975148}
