{"leftPaddleY":0.3727094718961131,"rightPaddleY":0.9872020082498886,"ballX":0.7079153758884297,"ballY":0.43830096636649474}
