{"leftPaddleY":0.6289813692073006,"rightPaddleY":0.314769038255006,"ballX":0.022833080336089093,"ballY":0.4312356396756726}
