{"leftPaddleY":0.5438562077156913,"rightPaddleY":0.03870271273579631,"ballX":0.4404873021680802,"ballY":0.8403982401312429}
