{"leftPaddleY":0.8336096177903723,"rightPaddleY":0.8162017601672424,"ballX":0.5524487001366788,"ballY":0.20506237355719306}
