{"leftPaddleY":0.6435568385596661,"rightPaddleY":0.6929836850163009,"ballX":0.48672859257561807,"ballY":0.5618504057197512}
