{"leftPaddleY":0.31196640126811837,"rightPaddleY":0.12357464688061617,"ballX":0.05427315266341296,"ballY":0.719659324857795}
