{"leftPaddleY":0.35694570094670897,"rightPaddleY":0.2357422667092759,"ballX":0.548454997538156,"ballY":0.7571764441924361}
