{"leftPaddleY":0.5928700067170524,"rightPaddleY":0.3497219169057271,"ballX":0.774131608592233,"ballY":0.35737721066812655}
