{"leftPaddleY":0.7710068045229346,"rightPaddleY":0.6721941020730712,"ballX":0.8388200920411217,"ballY":0.12636032640650344}
