{"leftPaddleY":0.8728375287892539,"rightPaddleY":0.322789932954969,"ballX":0.7710681630528694,"ballY":0.20762965799689725}
