{"leftPaddleY":0.34158213776678714,"rightPaddleY":0.7319304269391556,"ballX":0.3492205014295259,"ballY":0.6820017769785799}
