{"leftPaddleY":0.3439805029301158,"rightPaddleY":0.5064800311438207,"ballX":0.7316413898331915,"ballY":0.05329057003239916}
