{"leftPaddleY":0.45703293155041524,"rightPaddleY":0.5982961353480648,"ballX":0.7807052101467453,"ballY":0.03734937383236548}
