{"leftPaddleY":0.7538421681906002,"rightPaddleY":0.004491112921601235,"ballX":0.6088720701728244,"ballY":0.7256050300806187}
