{"leftPaddleY":0.38439816524690507,"rightPaddleY":0.24800337768901623,"ballX":0.9411910123238464,"ballY":0.24853631798330636}
