{"leftPaddleY":0.32955546695071575,"rightPaddleY":0.3391714438174979,"ballX":0.5755814547481123,"ballY":0.9167529018993851}
