{"leftPaddleY":0.3179984640813855,"rightPaddleY":0.6840141880304885,"ballX":0.6294239161622188,"ballY":0.46816656315266303}
