{"leftPaddleY":0.12955846274515798,"rightPaddleY":0.32936414313983275,"ballX":0.7051635694847609,"ballY":0.942385760302152}
