{"leftPaddleY":0.1295553146092367,"rightPaddleY":0.7341507464387806,"ballX":0.8589537592175752,"ballY":0.909635996298547}
