{"leftPaddleY":0.21586062780884646,"rightPaddleY":0.31516359224438734,"ballX":0.9952386432977887,"ballY":0.9669198004268739}
