{"leftPaddleY":0.9482937568814586,"rightPaddleY":0.2951407514841817,"ballX":0.23230804613411168,"ballY":0.4584855159529533}
