{"leftPaddleY":0.5666122823915394,"rightPaddleY":0.12052449155494024,"ballX":0.2096923448850988,"ballY":0.08540382055010054}
