{"leftPaddleY":0.6105012665433676,"rightPaddleY":0.503365456638023,"ballX":0.34857959999788307,"ballY":0.5504208048354852}
