{"leftPaddleY":0.5972833267087064,"rightPaddleY":0.045091365998785604,"ballX":0.09265906755108168,"ballY":0.9162442118440095}
