{"leftPaddleY":0.7717814787717692,"rightPaddleY":0.4563075413574274,"ballX":0.1590848416952127,"ballY":0.692436483601979}
