{"leftPaddleY":0.9366348368256627,"rightPaddleY":0.3076287262076303,"ballX":0.5011047539349699,"ballY":0.44919467910342553}
