{"leftPaddleY":0.8724737140646802,"rightPaddleY":0.640583184741887,"ballX":0.6904541074029622,"ballY":0.7322536732962281}
