{"leftPaddleY":0.9734442221866637,"rightPaddleY":0.595966219481732,"ballX":0.6584635530058099,"ballY":0.3545773073914702}
