{"leftPaddleY":0.04376395428161883,"rightPaddleY":0.39251520946795354,"ballX":0.7505160909515982,"ballY":0.9693584631842866}
