{"leftPaddleY":0.4397406838345971,"rightPaddleY":0.029339064829947307,"ballX":0.4802583344139925,"ballY":0.5726462653927856}
