{"leftPaddleY":0.5620631458176353,"rightPaddleY":0.5093946871204224,"ballX":0.6971896002511331,"ballY":0.05574489918935721}
