{"leftPaddleY":0.7967007758354924,"rightPaddleY":0.7125530754165064,"ballX":0.31688110966171557,"ballY":0.6018246849170699}
