{"leftPaddleY":0.3523212357731045,"rightPaddleY":0.6568620644038008,"ballX":0.12405431859752587,"ballY":0.5872857469398188}
