{"leftPaddleY":0.3794784355833579,"rightPaddleY":0.7220808572926284,"ballX":0.5683778185671955,"ballY":0.9443477604424038}
