{"leftPaddleY":0.8117190285100652,"rightPaddleY":0.5583768031008188,"ballX":0.7009131026068592,"ballY":0.25961003896552404}
