{"leftPaddleY":0.8332740174765996,"rightPaddleY":0.037546692633552,"ballX":0.3869959435612277,"ballY":0.08000393796547184}
