{"leftPaddleY":0.9908483989420207,"rightPaddleY":0.7657129027983691,"ballX":0.26299952084174033,"ballY":0.08916065729235162}
