{"leftPaddleY":0.29398159062868695,"rightPaddleY":0.5409045913266258,"ballX":0.2485450914545729,"ballY":0.5840716270418405}
