{"leftPaddleY":0.5822419063052181,"rightPaddleY":0.6529924949571452,"ballX":0.15423939274591797,"ballY":0.26764108244492}
