{"leftPaddleY":0.5995708762283665,"rightPaddleY":0.45419865520037705,"ballX":0.007637780355054259,"ballY":0.02984197211701516}
