{"leftPaddleY":0.3649478771667863,"rightPaddleY":0.6259898156595838,"ballX":0.43056899786992314,"ballY":0.7148374270934327}
