{"leftPaddleY":0.6087468447595822,"rightPaddleY":0.6138327515897749,"ballX":0.7106174792704774,"ballY":0.009054104426381642}
