{"leftPaddleY":0.43653056001295065,"rightPaddleY":0.6778097066439931,"ballX":0.532918611003231,"ballY":0.7037457593421583}
