{"leftPaddleY":0.6113857246092457,"rightPaddleY":0.25159503219415563,"ballX":0.6096322597093481,"ballY":0.27409133254914153}
