{"leftPaddleY":0.419776054691722,"rightPaddleY":0.29275369018872943,"ballX":0.4855468176045291,"ballY":0.5961657588410093}
