{"leftPaddleY":0.6642742877816803,"rightPaddleY":0.6448347990876022,"ballX":0.7608312797259068,"ballY":0.8962943599188741}
