{"leftPaddleY":0.8946912708840987,"rightPaddleY":0.9734200958871059,"ballX":0.7416552735585022,"ballY":0.6707742328418993}
