{"leftPaddleY":0.22945458860450582,"rightPaddleY":0.11277828022090612,"ballX":0.13698568233439398,"ballY":0.313747499700081}
