{"leftPaddleY":0.8903196108989619,"rightPaddleY":0.669355816439344,"ballX":0.556771286860632,"ballY":0.8958191338476459}
