{"leftPaddleY":0.04438747373324429,"rightPaddleY":0.8556084699246624,"ballX":0.7484923251551333,"ballY":0.5710864549413824}
