{"leftPaddleY":0.8216763091383518,"rightPaddleY":0.793859279563324,"ballX":0.5153272144571177,"ballY":0.37149063273501853}
