{"leftPaddleY":0.8596670087790301,"rightPaddleY":0.7843157663603101,"ballX":0.9404625370544515,"ballY":0.31398800307948965}
