{"leftPaddleY":0.9970414552788219,"rightPaddleY":0.20722136842077687,"ballX":0.8377742032714948,"ballY":0.8474696707773078}
