{"leftPaddleY":0.034411496963291086,"rightPaddleY":0.90772876242074,"ballX":0.47794444157686916,"ballY":0.012738110351741374}
