{"leftPaddleY":0.8688481699279252,"rightPaddleY":0.8062813200269896,"ballX":0.15863017823898853,"ballY":0.10846830178538618}
