{"leftPaddleY":0.04326732950458488,"rightPaddleY":0.8830109115024914,"ballX":0.17704925508423222,"ballY":0.30688173701513566}
