{"leftPaddleY":0.4573503359439332,"rightPaddleY":0.6791200443121224,"ballX":0.7336636974839085,"ballY":0.7631952506060757}
