{"leftPaddleY":0.18815304433842295,"rightPaddleY":0.7136373521325828,"ballX":0.8860067475355894,"ballY":0.9604635161006303}
