{"leftPaddleY":0.16439697940247175,"rightPaddleY":0.7718416832512575,"ballX":0.7497702834941425,"ballY":0.568004946795207}
