{"leftPaddleY":0.9379279693806797,"rightPaddleY":0.4352465071293916,"ballX":0.04070379731608107,"ballY":0.902708647786188}
