{"leftPaddleY":0.45761575163204066,"rightPaddleY":0.07746792422687958,"ballX":0.04817500777559789,"ballY":0.5851033963297867}
