{"leftPaddleY":0.9963959330975624,"rightPaddleY":0.9400339203401402,"ballX":0.5183121833395888,"ballY":0.49171875538593585}
