{"leftPaddleY":0.14041221877187815,"rightPaddleY":0.9122140032863657,"ballX":0.8142764873824887,"ballY":0.9279808857279377}
