{"leftPaddleY":0.25749571210391375,"rightPaddleY":0.5437200634225746,"ballX":0.5366067516788,"ballY":0.5082550468128882}
