{"leftPaddleY":0.42329308305219854,"rightPaddleY":0.6964060140756828,"ballX":0.47293994814820056,"ballY":0.6332227129381226}
