{"leftPaddleY":0.7147771830199464,"rightPaddleY":0.15299120877440534,"ballX":0.9136705654780222,"ballY":0.6188941505812582}
