{"leftPaddleY":0.9905663022002129,"rightPaddleY":0.8643892587315813,"ballX":0.9239238813576123,"ballY":0.37311480461750873}
