{"leftPaddleY":0.7874380903586531,"rightPaddleY":0.7804521489167737,"ballX":0.22172517662237723,"ballY":0.9872791800506485}
