{"leftPaddleY":0.8453120693040693,"rightPaddleY":0.0061062588202878505,"ballX":0.853009979777801,"ballY":0.17633566720281246}
