{"leftPaddleY":0.3048012089235894,"rightPaddleY":0.05042302995702659,"ballX":0.14141204954508652,"ballY":0.7571702506897278}
