{"leftPaddleY":0.7496908311233518,"rightPaddleY":0.9460979060236927,"ballX":0.07263965164326872,"ballY":0.2815798274223253}
