{"leftPaddleY":0.7911480702488694,"rightPaddleY":0.574097914729232,"ballX":0.6253674638584578,"ballY":0.13655767985963224}
