{"leftPaddleY":0.17403767776152465,"rightPaddleY":0.804928327059425,"ballX":0.65083812355475,"ballY":0.6843910459390393}
