{"leftPaddleY":0.024853419674570228,"rightPaddleY":0.09391677092302304,"ballX":0.5667368901939545,"ballY":0.1413422126067214}
