{"leftPaddleY":0.7612383593280625,"rightPaddleY":0.9452505075678962,"ballX":0.3561754735462258,"ballY":0.6510651256069613}
