{"leftPaddleY":0.11331408258913896,"rightPaddleY":0.9675517684895043,"ballX":0.6251310270676029,"ballY":0.7932119619406943}
