{"leftPaddleY":0.059172677288562923,"rightPaddleY":0.6350538529802884,"ballX":0.05219605633081417,"ballY":0.6947519277479322}
