{"leftPaddleY":0.5705108591722394,"rightPaddleY":0.27549749662591533,"ballX":0.5734144621116962,"ballY":0.004584386900457265}
