{"leftPaddleY":0.6759353351237668,"rightPaddleY":0.6345926263779196,"ballX":0.35801220061167377,"ballY":0.18906814543218625}
