{"leftPaddleY":0.8949410774177974,"rightPaddleY":0.8671832582947384,"ballX":0.7248989691163176,"ballY":0.5337908903054592}
