{"leftPaddleY":0.8310203881447772,"rightPaddleY":0.8821294736391905,"ballX":0.07630528646453806,"ballY":0.9427056334820163}
