{"leftPaddleY":0.6323999626887896,"rightPaddleY":0.6457625864255837,"ballX":0.7993708878793039,"ballY":0.3435614752834649}
