{"leftPaddleY":0.41986684014708386,"rightPaddleY":0.19865032520639728,"ballX":0.521355172710441,"ballY":0.0007422814244710419}
