{"leftPaddleY":0.09971775155300906,"rightPaddleY":0.5781533159431309,"ballX":0.290948590230468,"ballY":0.06987570121198068}
