{"leftPaddleY":0.8297768592251236,"rightPaddleY":0.3130436039683869,"ballX":0.16643204759923128,"ballY":0.5577127034346543}
