{"leftPaddleY":0.5639813532007996,"rightPaddleY":0.26442096173085444,"ballX":0.8811371934010004,"ballY":0.14022601787693276}
