{"leftPaddleY":0.6483400732782904,"rightPaddleY":0.6196582585811031,"ballX":0.45787053973549796,"ballY":0.32471479166560163}
