{"leftPaddleY":0.6802619746153803,"rightPaddleY":0.572998371588701,"ballX":0.6546830739375543,"ballY":0.08000083672288591}
