{"leftPaddleY":0.9093621706274067,"rightPaddleY":0.8254427565775805,"ballX":0.7975137182149781,"ballY":0.5147505814981109}
