{"leftPaddleY":0.5831750193736253,"rightPaddleY":0.5384153372166947,"ballX":0.08513629776939795,"ballY":0.2513103701525933}
