{"leftPaddleY":0.6526635083838499,"rightPaddleY":0.3159722077653657,"ballX":0.7002051287242553,"ballY":0.37521599631274694}
