{"leftPaddleY":0.008498776702550635,"rightPaddleY":0.2644725963558371,"ballX":0.23220591678620384,"ballY":0.18515564459753112}
