{"leftPaddleY":0.6045214137739675,"rightPaddleY":0.8166786878687652,"ballX":0.07515747702275957,"ballY":0.8518624929552949}
