{"leftPaddleY":0.12017094370537533,"rightPaddleY":0.42583134720808224,"ballX":0.41792609217335747,"ballY":0.17961149453766623}
