{"leftPaddleY":0.3587131657962299,"rightPaddleY":0.09585169596247044,"ballX":0.6005606340510931,"ballY":0.0674639930627683}
