{"leftPaddleY":0.7272813073809934,"rightPaddleY":0.4360906165756587,"ballX":0.7424705836247882,"ballY":0.016825797711090842}
