{"leftPaddleY":0.31727500138152886,"rightPaddleY":0.866015553893956,"ballX":0.1565323453038769,"ballY":0.7496002962449265}
