{"leftPaddleY":0.1739369325468637,"rightPaddleY":0.933008466141166,"ballX":0.23330406332542447,"ballY":0.08326080868092686}
