{"leftPaddleY":0.2508154046176948,"rightPaddleY":0.13645906779272993,"ballX":0.8753088617462481,"ballY":0.01802754829450512}
