{"leftPaddleY":0.78617012999366,"rightPaddleY":0.5513585391966964,"ballX":0.3767901069797345,"ballY":0.6804328163200666}
