{"leftPaddleY":0.022290939176823468,"rightPaddleY":0.08440678710965906,"ballX":0.09812142556014404,"ballY":0.9642776907044306}
