{"leftPaddleY":0.07853830603503424,"rightPaddleY":0.3462228330796329,"ballX":0.7920138606696464,"ballY":0.09606734651076689}
