{"leftPaddleY":0.4318194184937167,"rightPaddleY":0.10111580065203511,"ballX":0.6901772085739177,"ballY":0.3850370516587231}
