{"leftPaddleY":0.7162651100981557,"rightPaddleY":0.7143626242699319,"ballX":0.12144488761313493,"ballY":0.008364878860871533}
