{"leftPaddleY":0.5498384721020724,"rightPaddleY":0.3570888803358053,"ballX":0.8848290651564069,"ballY":0.42162279486237936}
