{"leftPaddleY":0.00606647832425546,"rightPaddleY":0.7697084689343056,"ballX":0.3383018922077518,"ballY":0.3498411643106269}
