{"leftPaddleY":0.20549678724702483,"rightPaddleY":0.6426262131825169,"ballX":0.8674430044932067,"ballY":0.45288077955755784}
