{"leftPaddleY":0.6477169917881506,"rightPaddleY":0.4126910661455062,"ballX":0.6454705129034721,"ballY":0.38433995165215373}
