{"leftPaddleY":0.7431729850039529,"rightPaddleY":0.8550434822459579,"ballX":0.8875955923007084,"ballY":0.6668274481634366}
