{"leftPaddleY":0.6028866292575322,"rightPaddleY":0.23282207848087697,"ballX":0.6255591282250536,"ballY":0.5134068999485996}
