{"leftPaddleY":0.3671530250471517,"rightPaddleY":0.6933306588356242,"ballX":0.6460348262167342,"ballY":0.20679564666760922}
