{"leftPaddleY":0.6921357619765885,"rightPaddleY":0.40962302464753453,"ballX":0.900084805801511,"ballY":0.2960499449217374}
