{"leftPaddleY":0.9804485196737885,"rightPaddleY":0.6185340118801699,"ballX":0.8535070575157967,"ballY":0.42221709719751593}
