{"leftPaddleY":0.7089909253314558,"rightPaddleY":0.0545639205133043,"ballX":0.06148948169363256,"ballY":0.09064396097825723}
