{"leftPaddleY":0.48965648970371434,"rightPaddleY":0.5849080746070546,"ballX":0.33629093951356925,"ballY":0.819552483007293}
