{"leftPaddleY":0.8512438522052579,"rightPaddleY":0.5126073847410237,"ballX":0.36642707502034644,"ballY":0.9339648502993905}
