{"leftPaddleY":0.6689872257948858,"rightPaddleY":0.3971522213909605,"ballX":0.5811206034724429,"ballY":0.020032970294992677}
