{"leftPaddleY":0.14254828946485468,"rightPaddleY":0.5337161224184841,"ballX":0.5866274411869111,"ballY":0.23433123883448995}
