{"leftPaddleY":0.8613072233289782,"rightPaddleY":0.1489245816685348,"ballX":0.705611091233235,"ballY":0.029779757314256104}
