{"leftPaddleY":0.46117534590324605,"rightPaddleY":0.8330020516331232,"ballX":0.861281032107075,"ballY":0.7912770742392574}
