{"leftPaddleY":0.9276687565354259,"rightPaddleY":0.06822192154587375,"ballX":0.16975328094352393,"ballY":0.29385232489529217}
