{"leftPaddleY":0.08252019490480549,"rightPaddleY":0.5605904759381173,"ballX":0.5275404126802441,"ballY":0.8837539492037906}
