{"leftPaddleY":0.26257100260586874,"rightPaddleY":0.7124406867996202,"ballX":0.375388687002083,"ballY":0.792614531018232}
