{"leftPaddleY":0.32362804606527595,"rightPaddleY":0.2099224864357641,"ballX":0.9699229126888398,"ballY":0.5709602275269582}
