{"leftPaddleY":0.8921741289697754,"rightPaddleY":0.33835544183847227,"ballX":0.9677163844449874,"ballY":0.14720421294235353}
