{"leftPaddleY":0.5751921929473073,"rightPaddleY":0.9008473492315117,"ballX":0.09853477503432617,"ballY":0.3886317330813446}
