{"leftPaddleY":0.1535761696144139,"rightPaddleY":0.8564023703277281,"ballX":0.2941574893803522,"ballY":0.6925869396251152}
