{"leftPaddleY":0.7506811614127983,"rightPaddleY":0.14837483880047997,"ballX":0.2348900614937056,"ballY":0.3208933577814125}
