{"leftPaddleY":0.14513246995821372,"rightPaddleY":0.7177001779405607,"ballX":0.9305771594488956,"ballY":0.5317329746063053}
