{"leftPaddleY":0.32414441963373347,"rightPaddleY":0.531739453711746,"ballX":0.49664734070316824,"ballY":0.9492025761045292}
