{"leftPaddleY":0.9257694225166119,"rightPaddleY":0.3715221387480943,"ballX":0.9099785266832459,"ballY":0.6566897106730932}
