{"leftPaddleY":0.02490161691495056,"rightPaddleY":0.7451337540926906,"ballX":0.26047383282168723,"ballY":0.2784801319029494}
