{"leftPaddleY":0.7176308851622559,"rightPaddleY":0.4574213242674133,"ballX":0.551571372346756,"ballY":0.3880757273195105}
