{"leftPaddleY":0.05600125280928103,"rightPaddleY":0.5687696450981726,"ballX":0.6146324861537037,"ballY":0.5597073047919904}
