{"leftPaddleY":0.5665808326530268,"rightPaddleY":0.08471039440165434,"ballX":0.5672072513287358,"ballY":0.4124151195122135}
