{"leftPaddleY":0.6222275779169801,"rightPaddleY":0.32006348819839275,"ballX":0.8138462490308612,"ballY":0.7045023604969394}
