{"leftPaddleY":0.8726436978172789,"rightPaddleY":0.9717143311540072,"ballX":0.9678378131046693,"ballY":0.37287764871923657}
