{"leftPaddleY":0.9396614249487413,"rightPaddleY":0.4453612297837123,"ballX":0.14732353797422038,"ballY":0.06611877487537042}
