{"leftPaddleY":0.6368360326809136,"rightPaddleY":0.5922442697736882,"ballX":0.6005539213337423,"ballY":0.36491312070079274}
