{"leftPaddleY":0.17693117158029262,"rightPaddleY":0.44083592859185755,"ballX":0.03712370340609098,"ballY":0.883763964912888}
