{"leftPaddleY":0.8700091322599713,"rightPaddleY":0.5436146343947771,"ballX":0.615708179509272,"ballY":0.1065759763981613}
