{"leftPaddleY":0.9738973866750713,"rightPaddleY":0.1218849772714986,"ballX":0.7004110327837406,"ballY":0.3039366522446436}
