{"leftPaddleY":0.2807341759342606,"rightPaddleY":0.17710442967994003,"ballX":0.7726393368450987,"ballY":0.523840765915713}
