{"leftPaddleY":0.6642159565617812,"rightPaddleY":0.21864782099454258,"ballX":0.5924727850784157,"ballY":0.6224805093209694}
