{"leftPaddleY":0.7644740377521457,"rightPaddleY":0.2786862922568225,"ballX":0.18854557787558548,"ballY":0.9925727384619569}
