{"leftPaddleY":0.9409618218135827,"rightPaddleY":0.3295788968346388,"ballX":0.7273185141956277,"ballY":0.33554984294677037}
