{"leftPaddleY":0.30384671813588865,"rightPaddleY":0.7641093592714142,"ballX":0.36430159666126194,"ballY":0.2330202388560438}
