{"leftPaddleY":0.21816853173627163,"rightPaddleY":0.993722305841253,"ballX":0.07566003175994698,"ballY":0.2558457462767407}
