{"leftPaddleY":0.2511608925124903,"rightPaddleY":0.9336925240036558,"ballX":0.47636668601854154,"ballY":0.1229699565796771}
