{"leftPaddleY":0.4812818609752128,"rightPaddleY":0.47968047347724463,"ballX":0.6155113974822252,"ballY":0.6433473119915243}
