{"leftPaddleY":0.3846308864903319,"rightPaddleY":0.20570898279891078,"ballX":0.8329102863901157,"ballY":0.7662938935659603}
