{"leftPaddleY":0.49749531291386256,"rightPaddleY":0.5385090321203255,"ballX":0.39359704384048144,"ballY":0.15943110350091946}
