{"leftPaddleY":0.3558309667258974,"rightPaddleY":0.22096612332642718,"ballX":0.09881920076507489,"ballY":0.5082926251642804}
