{"leftPaddleY":0.5449753803340398,"rightPaddleY":0.5221619266136648,"ballX":0.10754625041338033,"ballY":0.8429964355988342}
