{"leftPaddleY":0.23205272557340811,"rightPaddleY":0.1043538376675949,"ballX":0.8877969399300186,"ballY":0.5243407788920356}
