{"leftPaddleY":0.4405661851690615,"rightPaddleY":0.1576827688963503,"ballX":0.0987592865863113,"ballY":0.651276975565405}
