{"leftPaddleY":0.5085393365435871,"rightPaddleY":0.17819053198412205,"ballX":0.8575533880717076,"ballY":0.698565358783557}
