{"leftPaddleY":0.6171127917641752,"rightPaddleY":0.14912761765303553,"ballX":0.8148245906359369,"ballY":0.55765967108785}
