{"leftPaddleY":0.20989018588719058,"rightPaddleY":0.36858031462577495,"ballX":0.7612354848455728,"ballY":0.925976065000756}
