{"leftPaddleY":0.2688268964527162,"rightPaddleY":0.5795624949941999,"ballX":0.8556078514021448,"ballY":0.8726599397763103}
