{"leftPaddleY":0.1570424064585186,"rightPaddleY":0.9456851226479994,"ballX":0.7659217021949081,"ballY":0.7473622415682797}
