{"leftPaddleY":0.2877347875322558,"rightPaddleY":0.8561602357219745,"ballX":0.13683108709149194,"ballY":0.7532431288709868}
