{"leftPaddleY":0.8202909078146217,"rightPaddleY":0.5134529059451485,"ballX":0.6112221338673769,"ballY":0.7713364157502771}
