{"leftPaddleY":0.16182186570466608,"rightPaddleY":0.3268467229712033,"ballX":0.37105971753833167,"ballY":0.292684346286649}
