{"leftPaddleY":0.3331442157937272,"rightPaddleY":0.4833044709800822,"ballX":0.5814536135305111,"ballY":0.5419289914065268}
