{"leftPaddleY":0.7905646693195139,"rightPaddleY":0.32983143748141813,"ballX":0.23063593051287895,"ballY":0.043309450038964435}
