{"leftPaddleY":0.6510216880214723,"rightPaddleY":0.8254013046445673,"ballX":0.7676749264493872,"ballY":0.09591578621404485}
