{"leftPaddleY":0.5208294552013063,"rightPaddleY":0.02147635524871511,"ballX":0.8065639858799445,"ballY":0.31136523159299945}
