{"leftPaddleY":0.36981482707339886,"rightPaddleY":0.7486885913298954,"ballX":0.23200289412134759,"ballY":0.9272192638182638}
