{"leftPaddleY":0.3428978808801698,"rightPaddleY":0.16789711799773827,"ballX":0.258513562634305,"ballY":0.06007628529276105}
