{"leftPaddleY":0.6554273810903379,"rightPaddleY":0.6117554413167984,"ballX":0.9183254692979,"ballY":0.23753160394610728}
