{"leftPaddleY":0.06183471800108968,"rightPaddleY":0.22180554242837727,"ballX":0.13228887111209228,"ballY":0.8337421016325495}
