{"leftPaddleY":0.4144784226490083,"rightPaddleY":0.742715447062468,"ballX":0.9273340242903325,"ballY":0.4301469491280078}
