{"leftPaddleY":0.165266658832996,"rightPaddleY":0.15791156153628283,"ballX":0.9007130025196024,"ballY":0.4589153488015095}
