{"leftPaddleY":0.3991243647382048,"rightPaddleY":0.31905136131856854,"ballX":0.4278685893868598,"ballY":0.6707342205329542}
