{"leftPaddleY":0.33673346688054057,"rightPaddleY":0.07935079720593365,"ballX":0.7599157480866439,"ballY":0.2591584212336692}
