{"leftPaddleY":0.5374683667378506,"rightPaddleY":0.548766093020608,"ballX":0.8301674041938653,"ballY":0.397249870423158}
