{"leftPaddleY":0.150141103121408,"rightPaddleY":0.9512785368432968,"ballX":0.9563267568382768,"ballY":0.9328178189801327}
