{"leftPaddleY":0.05920942927372356,"rightPaddleY":0.9971782095757865,"ballX":0.7394378272680598,"ballY":0.08361612229993465}
