{"leftPaddleY":0.31055229071232016,"rightPaddleY":0.10373922124852512,"ballX":0.27660829651889285,"ballY":0.43733957181395017}
