{"leftPaddleY":0.6449540370828438,"rightPaddleY":0.06607406013146894,"ballX":0.8678914617218223,"ballY":0.8186704545705529}
