{"leftPaddleY":0.25842788502566477,"rightPaddleY":0.9671569342275833,"ballX":0.11923726282375532,"ballY":0.7020032584839739}
