{"leftPaddleY":0.3646756235676245,"rightPaddleY":0.604005669981097,"ballX":0.2572309285929483,"ballY":0.9987751525748321}
