{"leftPaddleY":0.6273336435434597,"rightPaddleY":0.07918152406187655,"ballX":0.6559821310453346,"ballY":0.4695871839351342}
