{"leftPaddleY":0.7150614131225835,"rightPaddleY":0.09752112601439138,"ballX":0.4029618778086356,"ballY":0.02527274913508499}
