{"leftPaddleY":0.8531780518138359,"rightPaddleY":0.0453452137137444,"ballX":0.6019014264387271,"ballY":0.8372229246000233}
