{"leftPaddleY":0.448907773894653,"rightPaddleY":0.06431376026318521,"ballX":0.9252393641657582,"ballY":0.8035985325584031}
