{"leftPaddleY":0.5096525383448783,"rightPaddleY":0.87774639823238,"ballX":0.1030364879579996,"ballY":0.364268788460814}
