{"leftPaddleY":0.22626819557203393,"rightPaddleY":0.042571383044380275,"ballX":0.9350338829235604,"ballY":0.43636289862961763}
