{"leftPaddleY":0.145381005708256,"rightPaddleY":0.41180351769968804,"ballX":0.900485834969349,"ballY":0.40520997007537246}
