{"leftPaddleY":0.792978958563744,"rightPaddleY":0.995042717564681,"ballX":0.8753209680293108,"ballY":0.5917451510182248}
