{"leftPaddleY":0.6836348091485714,"rightPaddleY":0.7576020455098366,"ballX":0.2335136398990398,"ballY":0.44199284392143984}
