{"leftPaddleY":0.49600933129776964,"rightPaddleY":0.16397423825514043,"ballX":0.9795793199350328,"ballY":0.7366346369349142}
