{"leftPaddleY":0.6653102701760756,"rightPaddleY":0.1942401792332429,"ballX":0.9024856270874729,"ballY":0.15236403119239997}
