{"leftPaddleY":0.1306286515315674,"rightPaddleY":0.4649324208310387,"ballX":0.7709843970778163,"ballY":0.7673198477476759}
