{"leftPaddleY":0.13576180676742972,"rightPaddleY":0.4146757442917472,"ballX":0.4528631131449619,"ballY":0.25766294715178834}
