{"leftPaddleY":0.4412462964945388,"rightPaddleY":0.4732447996985499,"ballX":0.14981271498018986,"ballY":0.8811497858685534}
