{"leftPaddleY":0.6988468510691641,"rightPaddleY":0.11804912964317127,"ballX":0.8677825251457124,"ballY":0.5824504709524226}
