{"leftPaddleY":0.3213129090274647,"rightPaddleY":0.3819742867799045,"ballX":0.31566733125354124,"ballY":0.8448730959002064}
