{"leftPaddleY":0.5509247212298661,"rightPaddleY":0.5741201871342076,"ballX":0.3368613371986251,"ballY":0.24652653961933205}
