{"leftPaddleY":0.28266643708326733,"rightPaddleY":0.23078930693905111,"ballX":0.5275920521328654,"ballY":0.4489475808604112}
