{"leftPaddleY":0.3266587764461429,"rightPaddleY":0.9996080175163161,"ballX":0.9001247489450515,"ballY":0.44543858153887284}
