{"leftPaddleY":0.5055119780596842,"rightPaddleY":0.8573043016662204,"ballX":0.5035460920677322,"ballY":0.6684385153049597}
