{"leftPaddleY":0.23626332436288494,"rightPaddleY":0.9532263254039758,"ballX":0.436652257650476,"ballY":0.654551541102069}
