{"leftPaddleY":0.07728246283483366,"rightPaddleY":0.5220760858168644,"ballX":0.4255466491023157,"ballY":0.10997674468873479}
