{"leftPaddleY":0.11722962780852123,"rightPaddleY":0.6520601665722022,"ballX":0.4052129677570807,"ballY":0.5486769187956633}
