{"leftPaddleY":0.6567682477486012,"rightPaddleY":0.08362445034095459,"ballX":0.4425900612580387,"ballY":0.9065672492357142}
