{"leftPaddleY":0.12433983756045867,"rightPaddleY":0.6546395388219758,"ballX":0.5606074975889959,"ballY":0.022704091536351313}
