{"leftPaddleY":0.0938345747053182,"rightPaddleY":0.31439668532784776,"ballX":0.0013013452393526455,"ballY":0.7622583917066559}
