{"leftPaddleY":0.08709249035902514,"rightPaddleY":0.09360896199669597,"ballX":0.42414084497597765,"ballY":0.9067885790049551}
