{"leftPaddleY":0.8261179102537058,"rightPaddleY":0.5400727226166977,"ballX":0.718467779917515,"ballY":0.15245423887412934}
