{"leftPaddleY":0.0993981179507612,"rightPaddleY":0.9064474110908817,"ballX":0.11976919166225238,"ballY":0.26075753403195223}
