{"leftPaddleY":0.0028075056116081114,"rightPaddleY":0.7303488094658096,"ballX":0.9226862885134922,"ballY":0.4140736950378454}
