{"leftPaddleY":0.1598503095373893,"rightPaddleY":0.41351403615816096,"ballX":0.12592531815566202,"ballY":0.9331661836426566}
