{"leftPaddleY":0.8679082541752876,"rightPaddleY":0.21243785659025022,"ballX":0.20843122366649522,"ballY":0.057826907607286177}
