{"leftPaddleY":0.4939788107399032,"rightPaddleY":0.33512906556351624,"ballX":0.32840422679624337,"ballY":0.22485716254966748}
