{"leftPaddleY":0.514233940614604,"rightPaddleY":0.878224234982687,"ballX":0.17023939352017325,"ballY":0.6349045681056344}
