{"leftPaddleY":0.23031878986736756,"rightPaddleY":0.1774715421038182,"ballX":0.7734527259494097,"ballY":0.7338865245465304}
