{"leftPaddleY":0.973261634802439,"rightPaddleY":0.5296864589848765,"ballX":0.7062421662720351,"ballY":0.6007965043343674}
