{"leftPaddleY":0.5501491393361531,"rightPaddleY":0.5956291331132578,"ballX":0.04772244612797591,"ballY":0.02520304277627}
