{"leftPaddleY":0.9898793628760904,"rightPaddleY":0.2602742796446019,"ballX":0.6902847732712385,"ballY":0.29507780203620954}
