{"leftPaddleY":0.9499659144483531,"rightPaddleY":0.2596730256678052,"ballX":0.15484633651330182,"ballY":0.12731699877344202}
