{"leftPaddleY":0.5707019619798122,"rightPaddleY":0.20293123401673197,"ballX":0.900881041819451,"ballY":0.9413807579566871}
