{"leftPaddleY":0.9119515239364806,"rightPaddleY":0.26617507450619565,"ballX":0.7138496092176277,"ballY":0.6098028306190848}
