{"leftPaddleY":0.5656345742068551,"rightPaddleY":0.7076480351592797,"ballX":0.8474078730836869,"ballY":0.5007290528712238}
