{"leftPaddleY":0.20593458888949737,"rightPaddleY":0.038575768779808235,"ballX":0.31032735814930296,"ballY":0.07089972071603835}
