{"leftPaddleY":0.6570257167013949,"rightPaddleY":0.6506491851961864,"ballX":0.4864037056241824,"ballY":0.4975333815592169}
