{"leftPaddleY":0.8155612437578073,"rightPaddleY":0.5815145558327541,"ballX":0.43440094888509234,"ballY":0.721253321452001}
