{"leftPaddleY":0.9138532285783352,"rightPaddleY":0.5336217449477956,"ballX":0.5409512123739225,"ballY":0.83359513306119}
