{"leftPaddleY":0.41902412564283364,"rightPaddleY":0.17221043514393627,"ballX":0.8219777590063188,"ballY":0.6354107936518786}
