{"leftPaddleY":0.9450567081478836,"rightPaddleY":0.8612984459627959,"ballX":0.2941416942119947,"ballY":0.29942973560774755}
