{"leftPaddleY":0.5572287499573545,"rightPaddleY":0.925345439279218,"ballX":0.5193240608133414,"ballY":0.0795684964392257}
