{"leftPaddleY":0.7155806290857671,"rightPaddleY":0.8133587013632545,"ballX":0.7243735912394759,"ballY":0.4003479077370457}
