{"leftPaddleY":0.5308333760643488,"rightPaddleY":0.2364080162431174,"ballX":0.7238769817306595,"ballY":0.6482406988359531}
