{"leftPaddleY":0.44262769641459093,"rightPaddleY":0.7610847218466581,"ballX":0.8902026992368016,"ballY":0.0008252121666149504}
