{"leftPaddleY":0.7410155923008515,"rightPaddleY":0.23491219189608534,"ballX":0.9822611029105104,"ballY":0.1553563003858036}
