{"leftPaddleY":0.5876522835873942,"rightPaddleY":0.7761447211556749,"ballX":0.39373462952024024,"ballY":0.3482610607511141}
