{"leftPaddleY":0.26501494604287973,"rightPaddleY":0.25166284546582995,"ballX":0.7566234733715151,"ballY":0.25320933364267934}
