{"leftPaddleY":0.31619920047769484,"rightPaddleY":0.9661900852996576,"ballX":0.1016097370518522,"ballY":0.5635420763001417}
