{"leftPaddleY":0.16554523700636567,"rightPaddleY":0.19191391998907104,"ballX":0.47580780412184626,"ballY":0.2074438440003997}
