{"leftPaddleY":0.5659621109161398,"rightPaddleY":0.2610369136319364,"ballX":0.7686413632886666,"ballY":0.9538758188110996}
