{"leftPaddleY":0.8381942922563125,"rightPaddleY":0.041364202331438005,"ballX":0.6639821346643392,"ballY":0.6326176356053629}
