{"leftPaddleY":0.009800504420813632,"rightPaddleY":0.8876948120723737,"ballX":0.44019872249712505,"ballY":0.8763622591194872}
