{"leftPaddleY":0.5559548428024681,"rightPaddleY":0.9603467814679638,"ballX":0.1771159977680042,"ballY":0.903762255031098}
