{"leftPaddleY":0.20212395104036285,"rightPaddleY":0.4713182843836745,"ballX":0.0998282878142768,"ballY":0.1008664516944404}
