{"leftPaddleY":0.15068351210899092,"rightPaddleY":0.3004647643116721,"ballX":0.23784535941596205,"ballY":0.8474215111395994}
