{"leftPaddleY":0.21228689032371206,"rightPaddleY":0.7627133474483929,"ballX":0.20177164411935264,"ballY":0.03370315736307792}
