{"leftPaddleY":0.9332014292871814,"rightPaddleY":0.19960877764026091,"ballX":0.38841974401140866,"ballY":0.5955217722928139}
