{"leftPaddleY":0.6307563421276228,"rightPaddleY":0.5194393386018918,"ballX":0.22921099199102157,"ballY":0.7115712652365676}
