{"leftPaddleY":0.6225331959495846,"rightPaddleY":0.4226036120630837,"ballX":0.06643190618881943,"ballY":0.891122139866178}
