{"leftPaddleY":0.565418578280429,"rightPaddleY":0.8333071004463761,"ballX":0.6605751320939828,"ballY":0.5356099828902775}
