{"leftPaddleY":0.1598266506041768,"rightPaddleY":0.1296952644056932,"ballX":0.6574418198159389,"ballY":0.05931441157907853}
