{"leftPaddleY":0.5645298882349409,"rightPaddleY":0.16741776587510826,"ballX":0.640233344668669,"ballY":0.1162338440928529}
