{"leftPaddleY":0.20968291209758852,"rightPaddleY":0.0564002841360102,"ballX":0.2858865303937956,"ballY":0.9153269069700114}
