{"leftPaddleY":0.39205665013249646,"rightPaddleY":0.4377387246676563,"ballX":0.8098778334106893,"ballY":0.2141791456534922}
