{"leftPaddleY":0.9796932489709533,"rightPaddleY":0.09272656278131611,"ballX":0.883075847467244,"ballY":0.6312021788070167}
