{"leftPaddleY":0.5020409642319315,"rightPaddleY":0.2789775324781338,"ballX":0.7658618074810758,"ballY":0.04002891274975056}
