{"leftPaddleY":0.14837100312157916,"rightPaddleY":0.14287440094146314,"ballX":0.7466826259831275,"ballY":0.6892141093882631}
