{"leftPaddleY":0.520556125296676,"rightPaddleY":0.9686053333061463,"ballX":0.9751812837633522,"ballY":0.5519595562613512}
