{"leftPaddleY":0.37503520724078077,"rightPaddleY":0.2699113447897433,"ballX":0.6771708872326723,"ballY":0.976512205453568}
