{"leftPaddleY":0.8156621388283092,"rightPaddleY":0.8396015247516929,"ballX":0.8673579860567782,"ballY":0.7146767166682304}
