{"leftPaddleY":0.05452219133706637,"rightPaddleY":0.7978155043024537,"ballX":0.9125752151708805,"ballY":0.6045356024091584}
