{"leftPaddleY":0.6593374693408631,"rightPaddleY":0.7267501548484459,"ballX":0.0815997442175569,"ballY":0.04684338057715021}
