{"leftPaddleY":0.41914110337907934,"rightPaddleY":0.40925890978647234,"ballX":0.48828708172637925,"ballY":0.07494935822264129}
