{"leftPaddleY":0.8418609657696667,"rightPaddleY":0.28084423192241403,"ballX":0.8135607960125346,"ballY":0.19487805935261004}
