{"leftPaddleY":0.821203076325765,"rightPaddleY":0.9348687608626001,"ballX":0.4200345222524372,"ballY":0.0378487322703693}
