{"leftPaddleY":0.19179134967204783,"rightPaddleY":0.9132110715481652,"ballX":0.7236663089305059,"ballY":0.6114762657125646}
