{"leftPaddleY":0.13900256625495197,"rightPaddleY":0.3130993772469339,"ballX":0.22925328131078657,"ballY":0.9744469434830111}
