{"leftPaddleY":0.24492713546346934,"rightPaddleY":0.2290438242765994,"ballX":0.8134088787380434,"ballY":0.4506341455238183}
