{"leftPaddleY":0.3692408424921555,"rightPaddleY":0.21187937774086413,"ballX":0.8410594926537455,"ballY":0.3972767467314619}
