{"leftPaddleY":0.15787696753445937,"rightPaddleY":0.35487205665044497,"ballX":0.9449542024804714,"ballY":0.869861598948159}
