{"leftPaddleY":0.7127198783517421,"rightPaddleY":0.20073992158612997,"ballX":0.09925967282552368,"ballY":0.6282449951967131}
