{"leftPaddleY":0.2889253996432452,"rightPaddleY":0.5206158767284523,"ballX":0.4213700994907021,"ballY":0.8584777835552729}
