{"leftPaddleY":0.18348823978949155,"rightPaddleY":0.38055453138413836,"ballX":0.5561376208808241,"ballY":0.7116258560784395}
