{"leftPaddleY":0.04460386876860224,"rightPaddleY":0.6507313030998079,"ballX":0.677796660379251,"ballY":0.4885525065772475}
