{"leftPaddleY":0.5885044812361528,"rightPaddleY":0.35086763952287836,"ballX":0.5905711303437964,"ballY":0.7029021384047205}
