{"leftPaddleY":0.05835173920040069,"rightPaddleY":0.9256549608616829,"ballX":0.36325014697038904,"ballY":0.22417008237657682}
