{"leftPaddleY":0.5001619816755071,"rightPaddleY":0.408984382837317,"ballX":0.6234090301485616,"ballY":0.8250814295996096}
