{"leftPaddleY":0.3595215272440985,"rightPaddleY":0.7879003660250226,"ballX":0.9321435625587453,"ballY":0.39445508337736873}
