{"leftPaddleY":0.49373790770087395,"rightPaddleY":0.3791723898525325,"ballX":0.09128213765740686,"ballY":0.6235302585784488}
