{"leftPaddleY":0.10966703634362267,"rightPaddleY":0.6738399212337334,"ballX":0.6491253228219861,"ballY":0.27324179454284664}
