{"leftPaddleY":0.6722883883853591,"rightPaddleY":0.09205694689621896,"ballX":0.5528289399817226,"ballY":0.8651291684310041}
