{"leftPaddleY":0.8480414702306218,"rightPaddleY":0.3884926260518638,"ballX":0.9030865055891487,"ballY":0.5069715069951604}
