{"leftPaddleY":0.6243724441988665,"rightPaddleY":0.7763955962738719,"ballX":0.6052604591047811,"ballY":0.5399716839193128}
