{"leftPaddleY":0.5629588497599972,"rightPaddleY":0.20978495293515323,"ballX":0.28534986211537694,"ballY":0.8107010736164326}
