{"leftPaddleY":0.9693529269366421,"rightPaddleY":0.9836487632591502,"ballX":0.7025203046119228,"ballY":0.9246505698798481}
