{"leftPaddleY":0.9063559912516009,"rightPaddleY":0.3003541092667103,"ballX":0.8641546788707626,"ballY":0.016975324486697474}
