{"leftPaddleY":0.4324669423659806,"rightPaddleY":0.7727306288614009,"ballX":0.05195934643372352,"ballY":0.881376139759442}
