{"leftPaddleY":0.4386146098420822,"rightPaddleY":0.9179651958133348,"ballX":0.829540253854278,"ballY":0.7639139942035966}
