{"leftPaddleY":0.6886901931441349,"rightPaddleY":0.31319128796002144,"ballX":0.6174059244619938,"ballY":0.2586731590349585}
