{"leftPaddleY":0.5385130693155495,"rightPaddleY":0.6442868638869369,"ballX":0.6791361339379453,"ballY":0.6146124847623066}
