{"leftPaddleY":0.817650192123379,"rightPaddleY":0.39132959965326997,"ballX":0.18407302596827863,"ballY":0.41455438704979536}
