{"leftPaddleY":0.684315500168984,"rightPaddleY":0.38725986848735755,"ballX":0.35106047585773703,"ballY":0.41400267464353746}
