{"leftPaddleY":0.6274873557929128,"rightPaddleY":0.5422004659396947,"ballX":0.3454275546335553,"ballY":0.8743324535247252}
