{"leftPaddleY":0.08871900965093499,"rightPaddleY":0.0809571776044652,"ballX":0.5075439603126226,"ballY":0.11864754149513734}
