{"leftPaddleY":0.7555972780289081,"rightPaddleY":0.9405486277868395,"ballX":0.8070290544274035,"ballY":0.14655192187132549}
