{"leftPaddleY":0.8514559442458778,"rightPaddleY":0.08810383163504812,"ballX":0.6437140755826601,"ballY":0.04196049710941743}
