{"leftPaddleY":0.6170543017830591,"rightPaddleY":0.7865912820707381,"ballX":0.9731018069356,"ballY":0.434379955712652}
