{"leftPaddleY":0.44602338641201705,"rightPaddleY":0.43822364503471434,"ballX":0.11599921104277386,"ballY":0.7210205486535208}
