{"leftPaddleY":0.03713947444982385,"rightPaddleY":0.3379370534373886,"ballX":0.3673004998992863,"ballY":0.8310691128402672}
