{"leftPaddleY":0.4451127818560608,"rightPaddleY":0.20171375871528405,"ballX":0.5787357244612981,"ballY":0.6148342919923613}
