{"leftPaddleY":0.820372498263772,"rightPaddleY":0.7585508798709942,"ballX":0.26111520782959097,"ballY":0.5900506742106335}
