{"leftPaddleY":0.9114829440898408,"rightPaddleY":0.8164497264141568,"ballX":0.9279451634140651,"ballY":0.9526359101660077}
