{"leftPaddleY":0.22173713487952482,"rightPaddleY":0.13144920946051003,"ballX":0.7084817352758563,"ballY":0.6452734126911172}
