{"leftPaddleY":0.5001621287828517,"rightPaddleY":0.5183654931741813,"ballX":0.7691210823946303,"ballY":0.08406799136555028}
