{"leftPaddleY":0.4371795264790248,"rightPaddleY":0.3186942550685914,"ballX":0.25628060889788207,"ballY":0.37053625370726634}
