{"leftPaddleY":0.07324501471453525,"rightPaddleY":0.1437452635557137,"ballX":0.06184902954287931,"ballY":0.46611597508657293}
