{"leftPaddleY":0.8699702360517452,"rightPaddleY":0.19614958115964057,"ballX":0.2727124831783117,"ballY":0.2159207218681178}
