{"leftPaddleY":0.046869321988405856,"rightPaddleY":0.5426178441750034,"ballX":0.9114307235847364,"ballY":0.23804539331173355}
