{"leftPaddleY":0.32187463032799707,"rightPaddleY":0.08070966643628907,"ballX":0.8559720588124423,"ballY":0.7371361310636177}
