{"leftPaddleY":0.004766648928653244,"rightPaddleY":0.8261090698405363,"ballX":0.7330896416843327,"ballY":0.4293758633167808}
