{"leftPaddleY":0.04099402577944691,"rightPaddleY":0.6178376641554417,"ballX":0.34013273355475554,"ballY":0.3336669944243707}
