{"leftPaddleY":0.30478861240767047,"rightPaddleY":0.6830997344776766,"ballX":0.8198792358881313,"ballY":0.7958301981278547}
