{"leftPaddleY":0.6252356767635818,"rightPaddleY":0.8644383599409898,"ballX":0.3791791905722887,"ballY":0.22755885740756415}
