{"leftPaddleY":0.09516322490533795,"rightPaddleY":0.49965518484491384,"ballX":0.9078972758431924,"ballY":0.9404708052634294}
