{"leftPaddleY":0.03246477483244957,"rightPaddleY":0.2568065843307066,"ballX":0.5217319808950329,"ballY":0.7869913900943561}
