{"leftPaddleY":0.5403143398264858,"rightPaddleY":0.09811527877911617,"ballX":0.6124045591782736,"ballY":0.4627112030558896}
