{"leftPaddleY":0.2275062682163697,"rightPaddleY":0.5695371174560477,"ballX":0.24376391001372638,"ballY":0.07523310310820498}
