{"leftPaddleY":0.0855332613313006,"rightPaddleY":0.10937950034305295,"ballX":0.2265607455680577,"ballY":0.4765033431375731}
