{"leftPaddleY":0.9006992537398463,"rightPaddleY":0.8346751393264528,"ballX":0.7059530793382816,"ballY":0.5084246881431277}
