{"leftPaddleY":0.19055751709884855,"rightPaddleY":0.6118711450873147,"ballX":0.051389199583144446,"ballY":0.016334164684171978}
