{"leftPaddleY":0.7565232624888292,"rightPaddleY":0.9613741520665399,"ballX":0.6077182169085007,"ballY":0.09500963639249484}
