{"leftPaddleY":0.6404532671101661,"rightPaddleY":0.5491291401245502,"ballX":0.6658335714604074,"ballY":0.9447933046840857}
