{"leftPaddleY":0.9080763802885504,"rightPaddleY":0.7238173694162285,"ballX":0.9327501605396886,"ballY":0.9695452537316385}
