{"leftPaddleY":0.384746337740662,"rightPaddleY":0.9852462747530275,"ballX":0.11547754958007263,"ballY":0.6378448459758416}
