{"leftPaddleY":0.5625911052469216,"rightPaddleY":0.359101521009002,"ballX":0.6369207353037731,"ballY":0.4064913975961818}
