{"leftPaddleY":0.1867537449485723,"rightPaddleY":0.4246922257010385,"ballX":0.04316623226465368,"ballY":0.03959081045635788}
