{"leftPaddleY":0.6076066194481742,"rightPaddleY":0.028007832029360257,"ballX":0.19635075619087214,"ballY":0.2058334331586407}
