{"leftPaddleY":0.320870124894977,"rightPaddleY":0.7305793033766719,"ballX":0.7385957913851641,"ballY":0.35646542547900273}
