{"leftPaddleY":0.14592050856358574,"rightPaddleY":0.9811073593210415,"ballX":0.4209193067167886,"ballY":0.9155014622621019}
