{"leftPaddleY":0.7263902368564499,"rightPaddleY":0.5406963562150804,"ballX":0.5882990250200573,"ballY":0.21479145731235688}
