{"leftPaddleY":0.3385763482715834,"rightPaddleY":0.8859782853796826,"ballX":0.762847331836097,"ballY":0.031158012789142587}
