{"leftPaddleY":0.24877700604999603,"rightPaddleY":0.06799014170983693,"ballX":0.7249782710043863,"ballY":0.10228625608879734}
