{"leftPaddleY":0.7711764738588398,"rightPaddleY":0.6953448919350349,"ballX":0.5138058402850165,"ballY":0.6673931709715627}
