{"leftPaddleY":0.5068200070464477,"rightPaddleY":0.4521133706515301,"ballX":0.07849816826240069,"ballY":0.7108766601635705}
