{"leftPaddleY":0.6535369859028867,"rightPaddleY":0.5728924145552399,"ballX":0.12272109828485696,"ballY":0.6465582932256635}
