{"leftPaddleY":0.9430603433195791,"rightPaddleY":0.09596393364540982,"ballX":0.0073323469848402476,"ballY":0.3039798231280937}
