{"leftPaddleY":0.8675064319855352,"rightPaddleY":0.7267456366257997,"ballX":0.7327841385747813,"ballY":0.309786558091102}
