{"leftPaddleY":0.20803758906196348,"rightPaddleY":0.474242120489444,"ballX":0.6083105062989796,"ballY":0.6791245701659985}
