{"leftPaddleY":0.5715171813532463,"rightPaddleY":0.6676883076289809,"ballX":0.45936809352190916,"ballY":0.9244378383504251}
