{"leftPaddleY":0.6099425933827042,"rightPaddleY":0.1828859605310017,"ballX":0.0338269900862133,"ballY":0.4616238823048803}
