{"leftPaddleY":0.6433349930820997,"rightPaddleY":0.8186936898645046,"ballX":0.4902123890839478,"ballY":0.7025353074029592}
