{"leftPaddleY":0.21209437418893215,"rightPaddleY":0.7202968654933114,"ballX":0.9882839860966405,"ballY":0.9391172636092822}
