{"leftPaddleY":0.8124484639014168,"rightPaddleY":0.7439627061043864,"ballX":0.33391310181654926,"ballY":0.14865549546190743}
