{"leftPaddleY":0.003414016148322725,"rightPaddleY":0.36315677809960745,"ballX":0.7315611358882208,"ballY":0.07423205596958016}
