{"leftPaddleY":0.3967901772551056,"rightPaddleY":0.5578869765766462,"ballX":0.6457934890825531,"ballY":0.9782477430572188}
