{"leftPaddleY":0.9869198337876474,"rightPaddleY":0.01375077247188485,"ballX":0.16828474095786625,"ballY":0.36721671907655334}
