{"leftPaddleY":0.9308905370063708,"rightPaddleY":0.034515720401472674,"ballX":0.9935250218458982,"ballY":0.7269909013580172}
