{"leftPaddleY":0.7057941274455312,"rightPaddleY":0.41848310176362374,"ballX":0.7458098039906582,"ballY":0.12603393874092952}
