{"leftPaddleY":0.9428753354650641,"rightPaddleY":0.2824219537423729,"ballX":0.7994582606529069,"ballY":0.3994284084650435}
