{"leftPaddleY":0.8463620174490817,"rightPaddleY":0.5835363086411065,"ballX":0.6231595307035688,"ballY":0.5106351343170653}
