{"leftPaddleY":0.7574687966221911,"rightPaddleY":0.5231938757067488,"ballX":0.5050046480821513,"ballY":0.49771480492174064}
