{"leftPaddleY":0.22539067140081445,"rightPaddleY":0.1550158560924556,"ballX":0.2091873906822001,"ballY":0.1701750719443997}
