{"leftPaddleY":0.6432080929672058,"rightPaddleY":0.22841239487702933,"ballX":0.22220358646164046,"ballY":0.6749669454091778}
