{"leftPaddleY":0.7830954938415347,"rightPaddleY":0.25828995795038673,"ballX":0.6925164459229982,"ballY":0.8729136821571823}
