{"leftPaddleY":0.553601874424011,"rightPaddleY":0.21782822865556134,"ballX":0.5172437214201464,"ballY":0.08980526638078663}
