{"leftPaddleY":0.49814063784067963,"rightPaddleY":0.8728137772154867,"ballX":0.10305420936529439,"ballY":0.453966898402321}
