{"leftPaddleY":0.6667105183243461,"rightPaddleY":0.9562805935083004,"ballX":0.5152348331169913,"ballY":0.11437286302918716}
