{"leftPaddleY":0.813918787604966,"rightPaddleY":0.24238432925987474,"ballX":0.8341319496733488,"ballY":0.5325089437703912}
