{"leftPaddleY":0.6201067877128295,"rightPaddleY":0.6531988337281904,"ballX":0.3918858214733087,"ballY":0.29756431225074714}
