{"leftPaddleY":0.18407292631373295,"rightPaddleY":0.20190129256265826,"ballX":0.5212017609811289,"ballY":0.4989820130864908}
