{"leftPaddleY":0.16596926553239566,"rightPaddleY":0.39108796643194665,"ballX":0.9195280437518569,"ballY":0.19791525600286322}
