{"leftPaddleY":0.09296985560880826,"rightPaddleY":0.8672565391441486,"ballX":0.6768207340425904,"ballY":0.9383284392575445}
