{"leftPaddleY":0.9357723200887401,"rightPaddleY":0.4174752837485746,"ballX":0.6565323152274871,"ballY":0.4898156262591847}
