{"leftPaddleY":0.42039563132640323,"rightPaddleY":0.4441337049453892,"ballX":0.6869140004509768,"ballY":0.08827753601487984}
