{"leftPaddleY":0.6518546094933129,"rightPaddleY":0.4081236837506256,"ballX":0.14246974845749996,"ballY":0.5025688839768002}
