{"leftPaddleY":0.6997586749886011,"rightPaddleY":0.29517128783482166,"ballX":0.09551167321753737,"ballY":0.08761724594373188}
