{"leftPaddleY":0.5393394796037307,"rightPaddleY":0.9123675333119069,"ballX":0.21478932860138883,"ballY":0.7688053285410154}
