{"leftPaddleY":0.6320855427548268,"rightPaddleY":0.46909780648555927,"ballX":0.3327906767983057,"ballY":0.9593119773452663}
