{"leftPaddleY":0.9825681022357856,"rightPaddleY":0.045731894912795557,"ballX":0.7852882134618937,"ballY":0.5061497272314924}
