{"leftPaddleY":0.4861552288202508,"rightPaddleY":0.40322795106741943,"ballX":0.6092299315818743,"ballY":0.9391788729117677}
