{"leftPaddleY":0.9662612704010934,"rightPaddleY":0.454561465633327,"ballX":0.7856119194162166,"ballY":0.6922953681891217}
