{"leftPaddleY":0.9586213795561802,"rightPaddleY":0.8950972194977648,"ballX":0.9328993806170435,"ballY":0.6283465182756248}
