{"leftPaddleY":0.670349049024878,"rightPaddleY":0.0805719372058413,"ballX":0.4509220564663167,"ballY":0.6731198292685975}
