{"leftPaddleY":0.7110591478376759,"rightPaddleY":0.031361679007923284,"ballX":0.6417192890891549,"ballY":0.3209519842410751}
