{"leftPaddleY":0.9177943173147788,"rightPaddleY":0.367836244908795,"ballX":0.9687366545017566,"ballY":0.23936860532463203}
