{"leftPaddleY":0.06544234799448448,"rightPaddleY":0.46312279401152406,"ballX":0.7410338613154304,"ballY":0.5182135005642511}
