{"leftPaddleY":0.5354053174545181,"rightPaddleY":0.6337663139907127,"ballX":0.6165562578855464,"ballY":0.6667111024582011}
