{"leftPaddleY":0.7820225956168784,"rightPaddleY":0.2880809984785132,"ballX":0.6031068870403115,"ballY":0.04669702108401769}
