{"leftPaddleY":0.6190822885911893,"rightPaddleY":0.16759013485300453,"ballX":0.9487153214791669,"ballY":0.5503926262308834}
