{"leftPaddleY":0.339811386964415,"rightPaddleY":0.4795329611495906,"ballX":0.9257434432740327,"ballY":0.5747849242900283}
