{"leftPaddleY":0.19426923305105256,"rightPaddleY":0.322603873416564,"ballX":0.33270677320523256,"ballY":0.7620394777595184}
