{"leftPaddleY":0.10145941062317362,"rightPaddleY":0.93898599546212,"ballX":0.5393691618094081,"ballY":0.5262128224336746}
