{"leftPaddleY":0.9467521582996744,"rightPaddleY":0.21279802252330962,"ballX":0.8944047143779716,"ballY":0.34368447810168146}
