{"leftPaddleY":0.5246772097948125,"rightPaddleY":0.30103411457164475,"ballX":0.6618676477565483,"ballY":0.6240139427268094}
