{"leftPaddleY":0.27989503926924536,"rightPaddleY":0.7301535279677344,"ballX":0.04300860752440077,"ballY":0.7093380778213715}
