{"leftPaddleY":0.7195842592039473,"rightPaddleY":0.3954055935894316,"ballX":0.43920831664657545,"ballY":0.3121542272484188}
