{"leftPaddleY":0.7628632967337685,"rightPaddleY":0.6673726858299804,"ballX":0.9651754565612669,"ballY":0.3231773152238466}
