{"leftPaddleY":0.6647742625597503,"rightPaddleY":0.4429085391479056,"ballX":0.27659924413042697,"ballY":0.38512843914340916}
