{"leftPaddleY":0.9553805740712839,"rightPaddleY":0.4819650449034803,"ballX":0.8573697119845182,"ballY":0.5620415170076132}
