{"leftPaddleY":0.9422374353500801,"rightPaddleY":0.21089250333489626,"ballX":0.8516633924576593,"ballY":0.8567064565654294}
