{"leftPaddleY":0.3772681440627841,"rightPaddleY":0.3226373296712195,"ballX":0.9691115231650593,"ballY":0.9201127763802066}
