{"leftPaddleY":0.23512645122893658,"rightPaddleY":0.537056601773954,"ballX":0.041784571706210916,"ballY":0.3008949910039226}
