{"leftPaddleY":0.02890843271838556,"rightPaddleY":0.942716262098992,"ballX":0.4128043044933345,"ballY":0.3435384726423309}
