{"leftPaddleY":0.8112893633972245,"rightPaddleY":0.3954310558459165,"ballX":0.18910641241522397,"ballY":0.09983530701629911}
