{"leftPaddleY":0.8606060639997397,"rightPaddleY":0.09714981757244795,"ballX":0.7252526829914717,"ballY":0.7008079475925723}
