{"leftPaddleY":0.14956555497053164,"rightPaddleY":0.3968694862267563,"ballX":0.6634816719447952,"ballY":0.2861036904539782}
