{"leftPaddleY":0.9499085003034113,"rightPaddleY":0.0023691571338220014,"ballX":0.11639572363607574,"ballY":0.4740438955128341}
