{"leftPaddleY":0.7996065812055724,"rightPaddleY":0.6977444843993408,"ballX":0.6842688200328496,"ballY":0.9666436051140633}
