{"leftPaddleY":0.4842122136306739,"rightPaddleY":0.5041420674316653,"ballX":0.8276816511532226,"ballY":0.7038937511932813}
