{"leftPaddleY":0.456409354892141,"rightPaddleY":0.5046855058925309,"ballX":0.7512632125700368,"ballY":0.98700708680607}
