{"leftPaddleY":0.7485141556780536,"rightPaddleY":0.14256940909423627,"ballX":0.873097761711206,"ballY":0.31521318077686367}
