{"leftPaddleY":0.8329385200142316,"rightPaddleY":0.09575842760974979,"ballX":0.04084331772162267,"ballY":0.8200145560359328}
