{"leftPaddleY":0.7417550946668154,"rightPaddleY":0.9958874163632823,"ballX":0.0067583869728536135,"ballY":0.3288459964367652}
