{"leftPaddleY":0.3099848252514577,"rightPaddleY":0.7193572929977727,"ballX":0.706272984965624,"ballY":0.36019488756146706}
