{"leftPaddleY":0.12489577323554721,"rightPaddleY":0.8848946968450894,"ballX":0.3248191063502639,"ballY":0.48439646144898163}
