{"leftPaddleY":0.2816310361257964,"rightPaddleY":0.006229857413622535,"ballX":0.3905126237673928,"ballY":0.1073526668944832}
