{"leftPaddleY":0.34899303214848443,"rightPaddleY":0.02431194612706959,"ballX":0.5880534211820551,"ballY":0.7484491240091364}
