{"leftPaddleY":0.1636824710856101,"rightPaddleY":0.32039350289045204,"ballX":0.356170972114974,"ballY":0.7685912101723263}
