{"leftPaddleY":0.29032580223046833,"rightPaddleY":0.5846944584630411,"ballX":0.06355322602952225,"ballY":0.6463312437477897}
