{"leftPaddleY":0.5622806767800919,"rightPaddleY":0.20116681657555638,"ballX":0.6132767343627867,"ballY":0.688183717811153}
