{"leftPaddleY":0.2325209426522021,"rightPaddleY":0.3109236202308738,"ballX":0.8030931237711956,"ballY":0.5005343833274637}
