{"leftPaddleY":0.851554100993199,"rightPaddleY":0.3181200489418016,"ballX":0.8418142297536206,"ballY":0.28610876412232467}
