{"leftPaddleY":0.47339102833875135,"rightPaddleY":0.2531881057809513,"ballX":0.3989003543280533,"ballY":0.9029632260109876}
