{"leftPaddleY":0.4346539611916611,"rightPaddleY":0.3388546775699404,"ballX":0.1979338266191423,"ballY":0.2717956495588207}
