{"leftPaddleY":0.12815212893641134,"rightPaddleY":0.08869261590255763,"ballX":0.22516171218567405,"ballY":0.17581228843874466}
