{"leftPaddleY":0.13445405941337402,"rightPaddleY":0.2857969030616154,"ballX":0.899179505613748,"ballY":0.6104096321037863}
