{"leftPaddleY":0.28622817140473683,"rightPaddleY":0.02105646504131307,"ballX":0.38249613484565936,"ballY":0.04970295279096654}
