{"leftPaddleY":0.3642245803390117,"rightPaddleY":0.5570446586903284,"ballX":0.6794551588618789,"ballY":0.6673879223207709}
