{"leftPaddleY":0.5786292821301927,"rightPaddleY":0.49570887417458814,"ballX":0.7741764344379969,"ballY":0.3978104831806476}
