{"leftPaddleY":0.41442660582974905,"rightPaddleY":0.508366626083773,"ballX":0.5577197809428773,"ballY":0.8373617182590043}
