{"leftPaddleY":0.5434302980178399,"rightPaddleY":0.5174536436037482,"ballX":0.3169381878130877,"ballY":0.7290687234668446}
