{"leftPaddleY":0.37676672339178535,"rightPaddleY":0.10352313678496908,"ballX":0.2764487999826997,"ballY":0.9866300409553086}
