{"leftPaddleY":0.21727593151368693,"rightPaddleY":0.5843173129903743,"ballX":0.23491245109174388,"ballY":0.4513481020144971}
