{"leftPaddleY":0.17783756784140242,"rightPaddleY":0.03776325682456737,"ballX":0.05919113583026144,"ballY":0.045658304218852766}
