{"leftPaddleY":0.7297016812548772,"rightPaddleY":0.7146957621238997,"ballX":0.8858070021697073,"ballY":0.8168452641891232}
