{"leftPaddleY":0.2370949804525401,"rightPaddleY":0.27409662288384085,"ballX":0.12688387918793886,"ballY":0.37867221450597416}
