{"leftPaddleY":0.6137455983838997,"rightPaddleY":0.5967275256823552,"ballX":0.359479696323155,"ballY":0.6310704222764989}
