{"leftPaddleY":0.8858785217492221,"rightPaddleY":0.8974555867781233,"ballX":0.5965177540684595,"ballY":0.8398049004933439}
