{"leftPaddleY":0.9686973143057556,"rightPaddleY":0.3580781894381926,"ballX":0.7395368166694165,"ballY":0.4049408452257345}
