{"leftPaddleY":0.290061007910761,"rightPaddleY":0.6583684113308512,"ballX":0.14091280390218827,"ballY":0.5981455120240553}
