{"leftPaddleY":0.6209189180140708,"rightPaddleY":0.5132879841256791,"ballX":0.3433208668531347,"ballY":0.6584758004146309}
