{"leftPaddleY":0.41863857420179795,"rightPaddleY":0.705265782482977,"ballX":0.8582698806930285,"ballY":0.9813410471311462}
