{"leftPaddleY":0.23301287405266244,"rightPaddleY":0.7073825465553071,"ballX":0.8436254651304709,"ballY":0.9327785791811684}
