{"leftPaddleY":0.27327115683418224,"rightPaddleY":0.640635862432361,"ballX":0.511362575851901,"ballY":0.08814349742587779}
