{"leftPaddleY":0.45479435882349367,"rightPaddleY":0.8657058969192695,"ballX":0.4614922944757188,"ballY":0.07826136843502711}
