{"leftPaddleY":0.8970403296949275,"rightPaddleY":0.2908649494614301,"ballX":0.6232888525011452,"ballY":0.8476660576621572}
