{"leftPaddleY":0.6489993123773287,"rightPaddleY":0.3087815826893752,"ballX":0.426840570676697,"ballY":0.180401324600636}
