{"leftPaddleY":0.007121981113756721,"rightPaddleY":0.7664956946302086,"ballX":0.23111936976640976,"ballY":0.7046201794102493}
