{"leftPaddleY":0.17791355826142644,"rightPaddleY":0.8039379466755502,"ballX":0.36778650534056484,"ballY":0.7992105946755486}
