{"leftPaddleY":0.5558576325241675,"rightPaddleY":0.6953382767265411,"ballX":0.4993544791246307,"ballY":0.63953214613311}
