{"leftPaddleY":0.47388855711924455,"rightPaddleY":0.2126087524330662,"ballX":0.9733099571861902,"ballY":0.7118190813538119}
