{"leftPaddleY":0.6897992318018037,"rightPaddleY":0.5573091083711318,"ballX":0.27008693134838396,"ballY":0.18061555149926012}
