{"leftPaddleY":0.07892154112959554,"rightPaddleY":0.2905097263203473,"ballX":0.3383903910946484,"ballY":0.5671690704730417}
