{"leftPaddleY":0.8487363054580406,"rightPaddleY":0.9201257886615436,"ballX":0.544576249775845,"ballY":0.42554843285417004}
