{"leftPaddleY":0.5887235552254927,"rightPaddleY":0.6188595515269166,"ballX":0.800021785879276,"ballY":0.40904458906695446}
