{"leftPaddleY":0.38925992377401175,"rightPaddleY":0.4178405836233395,"ballX":0.045099268763242294,"ballY":0.2612236623831844}
