{"leftPaddleY":0.8493228023863393,"rightPaddleY":0.2911117598285089,"ballX":0.14963259093648262,"ballY":0.10890902808820517}
