{"leftPaddleY":0.6260130509844674,"rightPaddleY":0.34617849390948047,"ballX":0.5567914544499698,"ballY":0.611630255950949}
