{"leftPaddleY":0.1055519271401591,"rightPaddleY":0.2647214658178156,"ballX":0.835126267479171,"ballY":0.7301370109176667}
