{"leftPaddleY":0.6751618289020525,"rightPaddleY":0.6539193148616111,"ballX":0.1541984088500137,"ballY":0.9635914279253793}
