{"leftPaddleY":0.2474063146791855,"rightPaddleY":0.3514796563335775,"ballX":0.7413794276037601,"ballY":0.9869618275887622}
