{"leftPaddleY":0.7326231477320775,"rightPaddleY":0.8386662096474556,"ballX":0.820342858061548,"ballY":0.014491927410225414}
