{"leftPaddleY":0.9423516114930465,"rightPaddleY":0.8475327167368566,"ballX":0.033375572432177814,"ballY":0.8942541566641632}
