{"leftPaddleY":0.23083963531832585,"rightPaddleY":0.7911002776430884,"ballX":0.09996336086963872,"ballY":0.4553313600199336}
