{"leftPaddleY":0.7757867237932337,"rightPaddleY":0.8867673449169633,"ballX":0.6006158695524099,"ballY":0.14982526370455557}
