{"leftPaddleY":0.5321169774566659,"rightPaddleY":0.7038761956620233,"ballX":0.4423154834483706,"ballY":0.9470960746359505}
