{"leftPaddleY":0.22199198485041413,"rightPaddleY":0.9636355145184939,"ballX":0.5845246838079166,"ballY":0.4301833098616282}
