{"leftPaddleY":0.08189013896141568,"rightPaddleY":0.4362052788190594,"ballX":0.4648222537945849,"ballY":0.6128998035180396}
