{"leftPaddleY":0.9078745197792358,"rightPaddleY":0.8556410598590102,"ballX":0.7670867480821845,"ballY":0.5384036911876763}
