{"leftPaddleY":0.23486057329034124,"rightPaddleY":0.031930320914987716,"ballX":0.25406792771316905,"ballY":0.2930295514169309}
