{"leftPaddleY":0.4857799023860906,"rightPaddleY":0.03345457469534369,"ballX":0.10415764863840656,"ballY":0.9180307409340055}
