{"leftPaddleY":0.8438573039305459,"rightPaddleY":0.8016680883033253,"ballX":0.02819265359670535,"ballY":0.3426110829261687}
