{"leftPaddleY":0.38938410611843494,"rightPaddleY":0.20811040841031836,"ballX":0.4020784023210385,"ballY":0.0097908432002937}
