{"leftPaddleY":0.088885306265596,"rightPaddleY":0.18491119633529732,"ballX":0.851207602042437,"ballY":0.7249609884176885}
