{"leftPaddleY":0.7962916124331777,"rightPaddleY":0.4865312559769639,"ballX":0.2198031460248884,"ballY":0.8633289892295721}
