{"leftPaddleY":0.8828256166745544,"rightPaddleY":0.8501685098772356,"ballX":0.4109131579043679,"ballY":0.9693897519954408}
