{"leftPaddleY":0.9957169167528017,"rightPaddleY":0.15055009747628942,"ballX":0.8185121361578982,"ballY":0.4960724167376289}
