{"leftPaddleY":0.7825139457647425,"rightPaddleY":0.7464698363762152,"ballX":0.45524669842169135,"ballY":0.9007068918405293}
