{"leftPaddleY":0.2661436629499586,"rightPaddleY":0.537303957058598,"ballX":0.33629496705411416,"ballY":0.6322224511644944}
