{"leftPaddleY":0.8574773284031734,"rightPaddleY":0.018805784183207476,"ballX":0.42743015772058,"ballY":0.22609148864821207}
