{"leftPaddleY":0.4217287020938568,"rightPaddleY":0.9423746635177854,"ballX":0.6365356949397253,"ballY":0.40384767627245105}
