{"leftPaddleY":0.34009922392773195,"rightPaddleY":0.0026890795674733457,"ballX":0.5412767732813022,"ballY":0.9764456956127034}
