{"leftPaddleY":0.5629546962001627,"rightPaddleY":0.8493030740196744,"ballX":0.8042124385388658,"ballY":0.2778241103923503}
