{"leftPaddleY":0.8337034761110859,"rightPaddleY":0.5146913060044417,"ballX":0.19697281402725625,"ballY":0.9292850655517506}
