{"leftPaddleY":0.7209559985857404,"rightPaddleY":0.8384571129610489,"ballX":0.15930247823062632,"ballY":0.45215014892914107}
