{"leftPaddleY":0.7164491465826882,"rightPaddleY":0.3314643844456141,"ballX":0.58589532176667,"ballY":0.26558022091930866}
