{"leftPaddleY":0.9465253616096859,"rightPaddleY":0.6153658192317434,"ballX":0.5136054047982125,"ballY":0.4773356901298727}
