{"leftPaddleY":0.14289739210076524,"rightPaddleY":0.9988335506238059,"ballX":0.39091563230933085,"ballY":0.311381654937024}
