{"leftPaddleY":0.5882326839750516,"rightPaddleY":0.6689271669277892,"ballX":0.6585448246581564,"ballY":0.47701418664442247}
