{"leftPaddleY":0.8626026870882921,"rightPaddleY":0.7686527189473287,"ballX":0.6440289384929915,"ballY":0.27174845911792045}
