{"leftPaddleY":0.47476327844921856,"rightPaddleY":0.8709192535194024,"ballX":0.9199325595823785,"ballY":0.32795633085958864}
