{"leftPaddleY":0.8496834255617216,"rightPaddleY":0.6615516931853005,"ballX":0.8270161283947669,"ballY":0.5982470940212199}
