{"leftPaddleY":0.9707054721900016,"rightPaddleY":0.3665887579956261,"ballX":0.9970417317185161,"ballY":0.5311072302042116}
