{"leftPaddleY":0.3380804769110876,"rightPaddleY":0.696808304165255,"ballX":0.1600178836202286,"ballY":0.20526939340726616}
