{"leftPaddleY":0.6949398127821949,"rightPaddleY":0.667738946558096,"ballX":0.22286500593896033,"ballY":0.7162135712110771}
