{"leftPaddleY":0.7050646066552084,"rightPaddleY":0.740746847465059,"ballX":0.5779159798965209,"ballY":0.48759843407856934}
