{"leftPaddleY":0.0966193794852299,"rightPaddleY":0.9620586284882138,"ballX":0.44807335160752204,"ballY":0.6192245808561403}
