{"leftPaddleY":0.883783621595815,"rightPaddleY":0.9849283332367381,"ballX":0.6678361601217574,"ballY":0.12870349365446418}
