{"leftPaddleY":0.7710198290408199,"rightPaddleY":0.24714020948216828,"ballX":0.7659198685630345,"ballY":0.8238572985319443}
