{"leftPaddleY":0.22697552658516454,"rightPaddleY":0.002138322723749322,"ballX":0.7208572495965432,"ballY":0.023972671335946112}
