{"leftPaddleY":0.5910101528396993,"rightPaddleY":0.24492161910173688,"ballX":0.6717541255106244,"ballY":0.541811560635399}
