{"leftPaddleY":0.0395846317302699,"rightPaddleY":0.025617215870054475,"ballX":0.844047735669909,"ballY":0.6938808504539301}
