{"leftPaddleY":0.9263497977325152,"rightPaddleY":0.7976880776465202,"ballX":0.19772265349069668,"ballY":0.04301303379264344}
