{"leftPaddleY":0.8441271594297209,"rightPaddleY":0.89616913003304,"ballX":0.5403178288685134,"ballY":0.28989878140201714}
