{"leftPaddleY":0.8252010837511672,"rightPaddleY":0.4710751376535993,"ballX":0.6092183307352279,"ballY":0.7483124202700622}
