{"leftPaddleY":0.581166687327988,"rightPaddleY":0.9051617564612535,"ballX":0.4808731508193639,"ballY":0.9989432065082215}
