{"leftPaddleY":0.7863004115208795,"rightPaddleY":0.3607451811698721,"ballX":0.7628489911282741,"ballY":0.39703780655990834}
