{"leftPaddleY":0.5812358818028128,"rightPaddleY":0.5632394693410294,"ballX":0.01640071199975501,"ballY":0.5388520226076249}
