{"leftPaddleY":0.22215548351705963,"rightPaddleY":0.7323590174113767,"ballX":0.26990493073983335,"ballY":0.08602647281484246}
