{"leftPaddleY":0.7324305999032197,"rightPaddleY":0.8068053038248705,"ballX":0.4584369291584976,"ballY":0.24509118420373144}
