{"leftPaddleY":0.05494346698589806,"rightPaddleY":0.8710906768347659,"ballX":0.4587381674615204,"ballY":0.9792933192869068}
