{"leftPaddleY":0.5531746040195926,"rightPaddleY":0.2115969618228627,"ballX":0.842291422385652,"ballY":0.7512168726995343}
