{"leftPaddleY":0.05003094429609061,"rightPaddleY":0.8104295850274639,"ballX":0.40819453168381264,"ballY":0.9089678052712259}
