{"leftPaddleY":0.597034817434914,"rightPaddleY":0.4134847350612168,"ballX":0.432639976951546,"ballY":0.26299030098593834}
