{"leftPaddleY":0.006557652022667936,"rightPaddleY":0.8500691291769424,"ballX":0.8228842003130661,"ballY":0.41213771008533334}
