{"leftPaddleY":0.36878808423388665,"rightPaddleY":0.8764831543642398,"ballX":0.15347714900118428,"ballY":0.5222177648845657}
