{"leftPaddleY":0.15573962133934235,"rightPaddleY":0.9003747145618138,"ballX":0.594089541491723,"ballY":0.7378049463122103}
