{"leftPaddleY":0.31375620668358667,"rightPaddleY":0.9764846181209439,"ballX":0.2621121866663088,"ballY":0.04630940216209668}
