{"leftPaddleY":0.47305367274918364,"rightPaddleY":0.15332288640195396,"ballX":0.10547629479329927,"ballY":0.7718540182560051}
