{"leftPaddleY":0.6040993737441899,"rightPaddleY":0.49743609794348503,"ballX":0.5790046008015713,"ballY":0.5013537153041806}
