{"leftPaddleY":0.8157441685302442,"rightPaddleY":0.8025491600842669,"ballX":0.8053030694158066,"ballY":0.45378761187005745}
