{"leftPaddleY":0.3564357897386298,"rightPaddleY":0.6797429964332647,"ballX":0.6608283026301214,"ballY":0.5626673831541009}
