{"leftPaddleY":0.8844726077886648,"rightPaddleY":0.125612631026968,"ballX":0.08551875739276316,"ballY":0.4525083479873455}
