{"leftPaddleY":0.2709960233520807,"rightPaddleY":0.17441814370183958,"ballX":0.9182313120479845,"ballY":0.657624793604816}
