{"leftPaddleY":0.2968856152149782,"rightPaddleY":0.22434952972441483,"ballX":0.2918484020024562,"ballY":0.9758434796037448}
