{"leftPaddleY":0.5816978099213038,"rightPaddleY":0.5127604067465064,"ballX":0.5024317337645371,"ballY":0.8161256976428546}
