{"leftPaddleY":0.9752613837397004,"rightPaddleY":0.5646504040574067,"ballX":0.8037491780837018,"ballY":0.2641473831602348}
