{"leftPaddleY":0.7526880963961485,"rightPaddleY":0.8974545992404731,"ballX":0.1285514207787644,"ballY":0.6385507554508916}
