{"leftPaddleY":0.7020278961963942,"rightPaddleY":0.2916609563510453,"ballX":0.05842597305657632,"ballY":0.06594250112119746}
