{"leftPaddleY":0.8635962923626279,"rightPaddleY":0.08315177074606904,"ballX":0.24053145488337668,"ballY":0.47363048437846195}
