{"leftPaddleY":0.7077911511775846,"rightPaddleY":0.44006201933012107,"ballX":0.17390819065268573,"ballY":0.971700896344497}
