{"leftPaddleY":0.27698907228196223,"rightPaddleY":0.738452482630907,"ballX":0.18865080759586875,"ballY":0.8442027026823506}
