{"leftPaddleY":0.22683995124467832,"rightPaddleY":0.5204256596843301,"ballX":0.19581614694516045,"ballY":0.29341170535642336}
