{"leftPaddleY":0.13047825311666417,"rightPaddleY":0.7549202758703545,"ballX":0.8776570560388102,"ballY":0.3158868869174429}
