{"leftPaddleY":0.5859994788242822,"rightPaddleY":0.23432643306666456,"ballX":0.8076819465566064,"ballY":0.26139125347759457}
