{"leftPaddleY":0.2636086019948585,"rightPaddleY":0.6759125063705218,"ballX":0.1805597247827543,"ballY":0.7980650743468422}
