{"leftPaddleY":0.3852790672888469,"rightPaddleY":0.7670655739876799,"ballX":0.9412299788648825,"ballY":0.08024144487714596}
