{"leftPaddleY":0.9614314105979782,"rightPaddleY":0.6097808128829879,"ballX":0.33114616288941484,"ballY":0.44082632071746053}
