{"leftPaddleY":0.77346424494059,"rightPaddleY":0.7201721223992741,"ballX":0.16228509785220963,"ballY":0.9727302140781594}
