{"leftPaddleY":0.5299920662908255,"rightPaddleY":0.9761351981002425,"ballX":0.6688751152795528,"ballY":0.09977268660477058}
