{"leftPaddleY":0.37415407776662496,"rightPaddleY":0.9044375945199327,"ballX":0.5013680821499709,"ballY":0.9142782519536259}
