{"leftPaddleY":0.16027947104054707,"rightPaddleY":0.6629089970559872,"ballX":0.9259956360290283,"ballY":0.9880109902176903}
