{"leftPaddleY":0.9565694349514566,"rightPaddleY":0.9884523655501636,"ballX":0.16944673508261537,"ballY":0.7848852956643343}
