{"leftPaddleY":0.3234894134889783,"rightPaddleY":0.07234327043983439,"ballX":0.08161479711829825,"ballY":0.1099891427656314}
