{"leftPaddleY":0.2884116671371337,"rightPaddleY":0.06427521752612789,"ballX":0.8237713063094718,"ballY":0.09943566249622358}
