{"leftPaddleY":0.9420687683489704,"rightPaddleY":0.23792076925917663,"ballX":0.236780742583935,"ballY":0.7868023268453932}
