{"leftPaddleY":0.4346067144000972,"rightPaddleY":0.3587473693234723,"ballX":0.6214406671821024,"ballY":0.14831530402176601}
