{"leftPaddleY":0.8456340782771513,"rightPaddleY":0.6455722170996743,"ballX":0.7294300913199449,"ballY":0.4071215313115539}
