{"leftPaddleY":0.6654145505605545,"rightPaddleY":0.35037250484762145,"ballX":0.4466603260300732,"ballY":0.7791295928964188}
