{"leftPaddleY":0.2786385345437786,"rightPaddleY":0.020516295813901686,"ballX":0.07247646822661766,"ballY":0.03635258615055699}
