{"leftPaddleY":0.48525096534835516,"rightPaddleY":0.3248239041196695,"ballX":0.344715990710712,"ballY":0.7017247244600658}
