{"leftPaddleY":0.7646221337391422,"rightPaddleY":0.4485628922084259,"ballX":0.8920140340746454,"ballY":0.5059521994233026}
