{"leftPaddleY":0.5634613906408937,"rightPaddleY":0.47586732366222056,"ballX":0.24385439742924497,"ballY":0.5253309892095499}
