{"leftPaddleY":0.8172195175984823,"rightPaddleY":0.21973674627636708,"ballX":0.11692252020383383,"ballY":0.2028602908741591}
