{"leftPaddleY":0.06009427865904012,"rightPaddleY":0.38019740978875394,"ballX":0.565451866438781,"ballY":0.027721434093011848}
