{"leftPaddleY":0.483665490449113,"rightPaddleY":0.33225657940156444,"ballX":0.2573402724686975,"ballY":0.4077512526475318}
