{"leftPaddleY":0.5442699745409434,"rightPaddleY":0.5454740197628172,"ballX":0.6517056892483138,"ballY":0.7859965321794519}
