{"leftPaddleY":0.5617751178228257,"rightPaddleY":0.23777783010477355,"ballX":0.8474731494860642,"ballY":0.1475520962538104}
