{"leftPaddleY":0.29041884578153043,"rightPaddleY":0.7933565541611453,"ballX":0.17303757809516881,"ballY":0.05047874821413446}
