{"leftPaddleY":0.6057603000182661,"rightPaddleY":0.4378354582365737,"ballX":0.9963818240356344,"ballY":0.5890992553992308}
