{"leftPaddleY":0.4157381580686884,"rightPaddleY":0.5284394316181045,"ballX":0.30114215994023935,"ballY":0.8736373932420818}
