{"leftPaddleY":0.3816034705876935,"rightPaddleY":0.971216077676924,"ballX":0.5802757635940216,"ballY":0.061133888015090176}
