{"leftPaddleY":0.2047748163696077,"rightPaddleY":0.10492213190671813,"ballX":0.6692292875045806,"ballY":0.9938935795147626}
