{"leftPaddleY":0.7961101764463295,"rightPaddleY":0.09189094471368536,"ballX":0.43453834421610593,"ballY":0.6916320035878505}
