{"leftPaddleY":0.217929060662464,"rightPaddleY":0.5776597372159725,"ballX":0.05494280590246789,"ballY":0.8466393878418234}
