{"leftPaddleY":0.9129545331124279,"rightPaddleY":0.1516530387564177,"ballX":0.8361818804586308,"ballY":0.8113076568390648}
