{"leftPaddleY":0.6362350007934153,"rightPaddleY":0.46565206871191733,"ballX":0.32367578573524497,"ballY":0.22222715769690976}
