{"leftPaddleY":0.0004745555064911363,"rightPaddleY":0.3467340600170548,"ballX":0.460692652622462,"ballY":0.8823226509617426}
