{"leftPaddleY":0.33655178501426497,"rightPaddleY":0.26792803146094923,"ballX":0.7046408401554357,"ballY":0.7962803728105045}
