{"leftPaddleY":0.9272035911981316,"rightPaddleY":0.43483227503267524,"ballX":0.7187333847568483,"ballY":0.007945364276068725}
