{"leftPaddleY":0.18781138398605535,"rightPaddleY":0.1216197908096915,"ballX":0.9089577946040645,"ballY":0.6959686470772574}
