{"leftPaddleY":0.013855449743684826,"rightPaddleY":0.9258397055288043,"ballX":0.9927455558111801,"ballY":0.536452816676246}
