{"leftPaddleY":0.9383736686835438,"rightPaddleY":0.08007260279980111,"ballX":0.8693133723097007,"ballY":0.4050014033882234}
