{"leftPaddleY":0.7969644264025543,"rightPaddleY":0.7075546796376444,"ballX":0.8217277565649611,"ballY":0.23629303973072552}
