{"leftPaddleY":0.7828972920113054,"rightPaddleY":0.9854263045612692,"ballX":0.45211995496081125,"ballY":0.28955241067586296}
