{"leftPaddleY":0.0035697665244953684,"rightPaddleY":0.10666304485238048,"ballX":0.9370197452868653,"ballY":0.9667900552829837}
