{"leftPaddleY":0.3038778722062219,"rightPaddleY":0.2551706180782885,"ballX":0.23244421759142672,"ballY":0.9764530041227625}
