{"leftPaddleY":0.38996241889371547,"rightPaddleY":0.8996753932681456,"ballX":0.5018140204038846,"ballY":0.987727096194747}
