{"leftPaddleY":0.7756846899166808,"rightPaddleY":0.896631505846658,"ballX":0.3997022123788324,"ballY":0.31117378424738074}
