{"leftPaddleY":0.3203086863018568,"rightPaddleY":0.7052721153495474,"ballX":0.3636361443679177,"ballY":0.21072612281426092}
