{"leftPaddleY":0.45522711173958624,"rightPaddleY":0.24779588956167098,"ballX":0.5126005530798011,"ballY":0.5005571550059258}
