{"leftPaddleY":0.9152016263252291,"rightPaddleY":0.6856075993626967,"ballX":0.8527421292138236,"ballY":0.03130094087136485}
