{"leftPaddleY":0.7937324481522163,"rightPaddleY":0.3939257979262507,"ballX":0.17556750243901456,"ballY":0.05316614408072434}
