{"leftPaddleY":0.9822556148919612,"rightPaddleY":0.8425910145670784,"ballX":0.6184382426411533,"ballY":0.6967978342336847}
