{"leftPaddleY":0.4791848655057713,"rightPaddleY":0.40239613213115094,"ballX":0.07491323229236746,"ballY":0.8679410672553345}
