{"leftPaddleY":0.4224753324881701,"rightPaddleY":0.5395330250361363,"ballX":0.13154225349755108,"ballY":0.6010786645110933}
