{"leftPaddleY":0.34983206830509134,"rightPaddleY":0.3052761455717391,"ballX":0.4880753979985339,"ballY":0.7437958643265987}
