{"leftPaddleY":0.9138238628230436,"rightPaddleY":0.042338842092233354,"ballX":0.10794657838907404,"ballY":0.4226432823952417}
