{"leftPaddleY":0.3080913259282054,"rightPaddleY":0.08443738550045254,"ballX":0.919346158580399,"ballY":0.45517127870631985}
