{"leftPaddleY":0.3659204086458478,"rightPaddleY":0.8217275812961283,"ballX":0.18214957120023526,"ballY":0.3862876096264167}
