{"leftPaddleY":0.5380669877454763,"rightPaddleY":0.8666472053883109,"ballX":0.45623728388956813,"ballY":0.8840382529180452}
