{"leftPaddleY":0.642763118059895,"rightPaddleY":0.4237505119052491,"ballX":0.4586200214399305,"ballY":0.4683828102086364}
