{"leftPaddleY":0.8779707074534389,"rightPaddleY":0.8812293854873855,"ballX":0.22825167232044566,"ballY":0.8919925643507415}
