{"leftPaddleY":0.6209001011079924,"rightPaddleY":0.019379220578383552,"ballX":0.2552683419040579,"ballY":0.7979639783867282}
