{"leftPaddleY":0.47225219690192694,"rightPaddleY":0.7255218340403026,"ballX":0.5599443287995608,"ballY":0.4858248849725345}
