{"leftPaddleY":0.10372076960820648,"rightPaddleY":0.19144572557562547,"ballX":0.4768925526823759,"ballY":0.24597698252384773}
