{"leftPaddleY":0.5129696428658173,"rightPaddleY":0.9294590558182856,"ballX":0.7035225133643394,"ballY":0.21665735017709845}
