{"leftPaddleY":0.32865822107886455,"rightPaddleY":0.4025243739480741,"ballX":0.5023670773607259,"ballY":0.9325272474717949}
