{"leftPaddleY":0.6460882661900844,"rightPaddleY":0.5215889917708321,"ballX":0.8779240875306831,"ballY":0.3124904912705003}
