{"leftPaddleY":0.13790938326318145,"rightPaddleY":0.8237957622305802,"ballX":0.6582463286792414,"ballY":0.2857596107045096}
