{"leftPaddleY":0.9419557977025418,"rightPaddleY":0.6979229860493372,"ballX":0.24547773694757083,"ballY":0.2852855141574197}
