{"leftPaddleY":0.5002749124170146,"rightPaddleY":0.04645488630034008,"ballX":0.8861590665343655,"ballY":0.3050640246075972}
