{"leftPaddleY":0.09725033982286078,"rightPaddleY":0.7020569088359304,"ballX":0.8706421442516717,"ballY":0.7195036932438669}
