{"leftPaddleY":0.9278496285412442,"rightPaddleY":0.5639059767813884,"ballX":0.11278208606800748,"ballY":0.385233759994568}
