{"leftPaddleY":0.1347699546047677,"rightPaddleY":0.16796673454848834,"ballX":0.26121252371822823,"ballY":0.07040049796688962}
