{"leftPaddleY":0.5762132818075237,"rightPaddleY":0.924341112225393,"ballX":0.9381274948357949,"ballY":0.43653017643797054}
