{"leftPaddleY":0.33000670842836316,"rightPaddleY":0.4461700920953334,"ballX":0.6486253927474864,"ballY":0.26318710696983416}
