{"leftPaddleY":0.25863716303977546,"rightPaddleY":0.6791024603106263,"ballX":0.549281290596049,"ballY":0.38172324764902843}
