{"leftPaddleY":0.36131277353161934,"rightPaddleY":0.7272377682543276,"ballX":0.902046186014743,"ballY":0.3615746257126854}
