{"leftPaddleY":0.5232454932846994,"rightPaddleY":0.45484981773861155,"ballX":0.10156285574868289,"ballY":0.5052755525222428}
