{"leftPaddleY":0.641114647946364,"rightPaddleY":0.1099166039765317,"ballX":0.1152914755412296,"ballY":0.6841933231371007}
