{"leftPaddleY":0.1923633569273044,"rightPaddleY":0.6649364116031384,"ballX":0.35506429792224015,"ballY":0.4555105334042482}
