{"leftPaddleY":0.141981097381461,"rightPaddleY":0.9165005167990934,"ballX":0.29520888064486933,"ballY":0.5403562514312821}
