{"leftPaddleY":0.3990120800965556,"rightPaddleY":0.9833959876413773,"ballX":0.41359595765973406,"ballY":0.22185447794082283}
