{"leftPaddleY":0.20532406141416965,"rightPaddleY":0.6809457078132526,"ballX":0.8870105655750044,"ballY":0.013220239711557088}
