{"leftPaddleY":0.6747106046815959,"rightPaddleY":0.019031781973671284,"ballX":0.6848298703473048,"ballY":0.723334758549769}
