{"leftPaddleY":0.5690544481543748,"rightPaddleY":0.9335546969090316,"ballX":0.20969678864284452,"ballY":0.13668119178740085}
