{"leftPaddleY":0.47468038347497477,"rightPaddleY":0.05464575270525954,"ballX":0.6263173115605205,"ballY":0.0018173446110045152}
