{"leftPaddleY":0.91969299456794,"rightPaddleY":0.42110962953129216,"ballX":0.3445534667150888,"ballY":0.10336769219252319}
