{"leftPaddleY":0.5249958982277749,"rightPaddleY":0.539594276291911,"ballX":0.9620313564661311,"ballY":0.06299810044722948}
