{"leftPaddleY":0.9696678775285931,"rightPaddleY":0.3389837135323378,"ballX":0.12319173404543024,"ballY":0.4955757079141092}
