{"leftPaddleY":0.20539808832057044,"rightPaddleY":0.47466660046917347,"ballX":0.3342828148644727,"ballY":0.17790502389672025}
