{"leftPaddleY":0.2634930742290395,"rightPaddleY":0.4527548254145541,"ballX":0.6384754533243105,"ballY":0.20891428973510562}
