{"leftPaddleY":0.17731615053066685,"rightPaddleY":0.4092900055976725,"ballX":0.488788336640666,"ballY":0.5841423323953553}
