{"leftPaddleY":0.6042641576066803,"rightPaddleY":0.9169168604153922,"ballX":0.5292299926144625,"ballY":0.5986493316087514}
