{"leftPaddleY":0.27725184642765943,"rightPaddleY":0.4447275681405579,"ballX":0.7766723575559519,"ballY":0.9030653085867716}
