{"leftPaddleY":0.3188181890521792,"rightPaddleY":0.9244447519052249,"ballX":0.9996563804638423,"ballY":0.42273932709079376}
