{"leftPaddleY":0.8522753734623408,"rightPaddleY":0.21927194217870236,"ballX":0.9013039338040035,"ballY":0.3080999653736817}
