{"leftPaddleY":0.0966005641103838,"rightPaddleY":0.8429094871583627,"ballX":0.8359246123263047,"ballY":0.19752749497958888}
