{"leftPaddleY":0.37442666253825396,"rightPaddleY":0.39719508332199593,"ballX":0.8764236798554028,"ballY":0.5998520717016544}
