{"leftPaddleY":0.9177325140715924,"rightPaddleY":0.8955648068255039,"ballX":0.8238735056637057,"ballY":0.25020110213535185}
