{"leftPaddleY":0.16893972676851535,"rightPaddleY":0.17774388010092715,"ballX":0.908442193847883,"ballY":0.9726090188709989}
