{"leftPaddleY":0.20235023242681432,"rightPaddleY":0.6180278567503672,"ballX":0.7353192177654416,"ballY":0.12417143040351368}
