{"leftPaddleY":0.9023630497172647,"rightPaddleY":0.8857822762013231,"ballX":0.3262965364393678,"ballY":0.641335239869643}
