{"leftPaddleY":0.005791279950104309,"rightPaddleY":0.861802352846605,"ballX":0.9463430099652618,"ballY":0.8839456039719902}
