{"leftPaddleY":0.12714625666538348,"rightPaddleY":0.5403217670160261,"ballX":0.8165311735306205,"ballY":0.9693570072677308}
