{"leftPaddleY":0.7221419665727011,"rightPaddleY":0.04108311442104102,"ballX":0.6192018678825,"ballY":0.8302761866560163}
