{"leftPaddleY":0.9024821869404847,"rightPaddleY":0.3893038769202014,"ballX":0.8423945744779963,"ballY":0.5987885135797967}
