{"leftPaddleY":0.24939201820942614,"rightPaddleY":0.8414318959695191,"ballX":0.9392659763842383,"ballY":0.1256651811017291}
