{"leftPaddleY":0.03338055904589079,"rightPaddleY":0.9361916288749492,"ballX":0.21262240126879325,"ballY":0.1501638841222246}
