{"leftPaddleY":0.30277609474968925,"rightPaddleY":0.6404217896264737,"ballX":0.5815501375491416,"ballY":0.09406728729447249}
