{"leftPaddleY":0.19856005556494194,"rightPaddleY":0.7897027241104722,"ballX":0.8273073922569518,"ballY":0.4494578350116949}
