{"leftPaddleY":0.9995413105009388,"rightPaddleY":0.5081355708120338,"ballX":0.9178396582621581,"ballY":0.2766523758380916}
