{"leftPaddleY":0.2714933689114705,"rightPaddleY":0.044306769681186596,"ballX":0.051005655668024966,"ballY":0.8786119011345629}
