{"leftPaddleY":0.7974671327406422,"rightPaddleY":0.5055326673590858,"ballX":0.6743033020745647,"ballY":0.10808047972532324}
