{"leftPaddleY":0.8120103922883604,"rightPaddleY":0.4172688674468888,"ballX":0.23207121663157493,"ballY":0.08102070901479663}
