{"leftPaddleY":0.5903333063543116,"rightPaddleY":0.9352841055166069,"ballX":0.3212794454247802,"ballY":0.13364005986834948}
