{"leftPaddleY":0.8699275052299866,"rightPaddleY":0.24693244789958932,"ballX":0.6954219218482643,"ballY":0.6806558287657777}
