{"leftPaddleY":0.13107833222435386,"rightPaddleY":0.0825176534958937,"ballX":0.6380612323991434,"ballY":0.43876768083890993}
