{"leftPaddleY":0.11963037053093838,"rightPaddleY":0.13478762472089212,"ballX":0.2994874499318959,"ballY":0.5892191413687486}
