{"leftPaddleY":0.7850143543140212,"rightPaddleY":0.5473031589140088,"ballX":0.07138292441335692,"ballY":0.4031502663432243}
