{"leftPaddleY":0.9826591019434893,"rightPaddleY":0.434087041420681,"ballX":0.9749954237212536,"ballY":0.08223363036527316}
