{"leftPaddleY":0.5826706066330304,"rightPaddleY":0.7937097283755352,"ballX":0.7038458134588615,"ballY":0.29532229709477054}
