{"leftPaddleY":0.8490407626124156,"rightPaddleY":0.53548732804081,"ballX":0.9014231775599828,"ballY":0.3809066613901257}
