{"leftPaddleY":0.8387232783990806,"rightPaddleY":0.9873470056400341,"ballX":0.6243186832120154,"ballY":0.9062716863573425}
