{"leftPaddleY":0.2560874231411989,"rightPaddleY":0.8313696160336731,"ballX":0.9602176953649313,"ballY":0.19939868168563413}
