{"leftPaddleY":0.141569503426855,"rightPaddleY":0.826669939886664,"ballX":0.951009865814758,"ballY":0.4828954124907986}
