{"leftPaddleY":0.8265814646484133,"rightPaddleY":0.7622838561687877,"ballX":0.8039998162154222,"ballY":0.39608116800996485}
