{"leftPaddleY":0.9280456508029571,"rightPaddleY":0.13760090680321344,"ballX":0.05015898872806523,"ballY":0.8594747530267217}
