{"leftPaddleY":0.5641434400328492,"rightPaddleY":0.7824793755742309,"ballX":0.9898856129258025,"ballY":0.4058566964993082}
