{"leftPaddleY":0.9686475618650041,"rightPaddleY":0.57826983505468,"ballX":0.10876856979950647,"ballY":0.9058610260523279}
