{"leftPaddleY":0.3683507037644764,"rightPaddleY":0.44297198975468777,"ballX":0.3807009677518932,"ballY":0.8955027302075165}
