{"leftPaddleY":0.9203016405644762,"rightPaddleY":0.3018545576584639,"ballX":0.6631632032811362,"ballY":0.8622799070286771}
