{"leftPaddleY":0.02525528140866332,"rightPaddleY":0.6407890671694665,"ballX":0.4365385523748896,"ballY":0.5323319595255321}
