{"leftPaddleY":0.7384353919729696,"rightPaddleY":0.4003426635514111,"ballX":0.44121914847674176,"ballY":0.6539509737293017}
