{"leftPaddleY":0.5887107378520099,"rightPaddleY":0.8926082752729112,"ballX":0.23671783453872433,"ballY":0.9365192665825703}
