{"leftPaddleY":0.4939583036412597,"rightPaddleY":0.4715251378420695,"ballX":0.5488382634468524,"ballY":0.18009579375630755}
