{"leftPaddleY":0.45643957122691364,"rightPaddleY":0.361879152303938,"ballX":0.6941902981936228,"ballY":0.8909882105120369}
