{"leftPaddleY":0.43456591213369183,"rightPaddleY":0.269115052636837,"ballX":0.7274244105051062,"ballY":0.7971434171998628}
