{"leftPaddleY":0.585474762717044,"rightPaddleY":0.5796198498142714,"ballX":0.5029928838726049,"ballY":0.30246896072125823}
