{"leftPaddleY":0.28980929924885274,"rightPaddleY":0.23609653449494955,"ballX":0.8974119787416935,"ballY":0.6458395798429917}
