{"leftPaddleY":0.3058931509540552,"rightPaddleY":0.8494117591575105,"ballX":0.5794730670700315,"ballY":0.4251351416380221}
