{"leftPaddleY":0.7699856553394048,"rightPaddleY":0.5878481473403506,"ballX":0.020077476062013173,"ballY":0.3683677752096304}
