{"leftPaddleY":0.8650411928020827,"rightPaddleY":0.8929675703560879,"ballX":0.6909002318127111,"ballY":0.6576059111384849}
