{"leftPaddleY":0.9441262739295865,"rightPaddleY":0.9807885408925966,"ballX":0.4271485894136627,"ballY":0.7368227252051313}
