{"leftPaddleY":0.14606152847594814,"rightPaddleY":0.11491038188034751,"ballX":0.36705328373545826,"ballY":0.3330667885217965}
