{"leftPaddleY":0.9910514141755474,"rightPaddleY":0.6157874154856359,"ballX":0.6507009255590985,"ballY":0.2298790370171577}
