{"leftPaddleY":0.3675487203003611,"rightPaddleY":0.6850185887129023,"ballX":0.12905495468678604,"ballY":0.2893091629552614}
