{"leftPaddleY":0.9233070227492206,"rightPaddleY":0.5685032912045493,"ballX":0.5818862875282143,"ballY":0.16659818456036474}
