{"leftPaddleY":0.7783856346007763,"rightPaddleY":0.9391205816645792,"ballX":0.80019896479861,"ballY":0.1627478258400489}
