{"leftPaddleY":0.9934663146631466,"rightPaddleY":0.3968302620098446,"ballX":0.31710393111129836,"ballY":0.5875750528447007}
