{"leftPaddleY":0.39547374691689696,"rightPaddleY":0.655104194191568,"ballX":0.5812904730354889,"ballY":0.9710235273886372}
