{"leftPaddleY":0.861503004357536,"rightPaddleY":0.16820205615785028,"ballX":0.9561505115297854,"ballY":0.3355691670417285}
