{"leftPaddleY":0.31514724623560253,"rightPaddleY":0.2195821263710949,"ballX":0.3077689239081803,"ballY":0.7260010718587041}
