{"leftPaddleY":0.8573419240491843,"rightPaddleY":0.5578718011163725,"ballX":0.1587709906007072,"ballY":0.6510099286862006}
