{"leftPaddleY":0.8224710415004866,"rightPaddleY":0.7680178251277153,"ballX":0.4904811969709312,"ballY":0.43931151240865723}
