{"leftPaddleY":0.22608402660947116,"rightPaddleY":0.861306343099244,"ballX":0.2441706349653432,"ballY":0.7058537486824112}
