{"leftPaddleY":0.8789379437441546,"rightPaddleY":0.4450546167587805,"ballX":0.6378787811994245,"ballY":0.5425082237882426}
