{"leftPaddleY":0.470028538621069,"rightPaddleY":0.12297281066452219,"ballX":0.936231380392717,"ballY":0.26263586821655416}
