{"leftPaddleY":0.36409624703579085,"rightPaddleY":0.1860884599790877,"ballX":0.17051295632267924,"ballY":0.4314917043591675}
