{"leftPaddleY":0.5645095948824657,"rightPaddleY":0.17898667166154134,"ballX":0.17034648952503195,"ballY":0.2535799756255157}
