{"leftPaddleY":0.5666303236234529,"rightPaddleY":0.8399576997895313,"ballX":0.06839356334392682,"ballY":0.08723027015258779}
