{"leftPaddleY":0.49912004421788886,"rightPaddleY":0.17266062116141037,"ballX":0.21686519693901485,"ballY":0.0817876226761427}
