{"leftPaddleY":0.7166651830163422,"rightPaddleY":0.6278672604882142,"ballX":0.48110484382102525,"ballY":0.8337077324635161}
