{"leftPaddleY":0.22365414613468357,"rightPaddleY":0.8641100307445787,"ballX":0.8213557600576455,"ballY":0.8506043941208155}
