{"leftPaddleY":0.030751486625929286,"rightPaddleY":0.8279087766572464,"ballX":0.24726571915622297,"ballY":0.8809974208987553}
