{"leftPaddleY":0.7075923587838336,"rightPaddleY":0.6260414674530731,"ballX":0.9032238340292055,"ballY":0.14428547282208912}
