{"leftPaddleY":0.3287331120851931,"rightPaddleY":0.9608823281617449,"ballX":0.7795750937036862,"ballY":0.8309022931174348}
