{"leftPaddleY":0.21932401195383086,"rightPaddleY":0.2614131404205772,"ballX":0.11446734440110151,"ballY":0.9380080977577504}
