{"leftPaddleY":0.08062940796009047,"rightPaddleY":0.2659585756660498,"ballX":0.06586157651499074,"ballY":0.21710516482123862}
