{"leftPaddleY":0.5079235717415248,"rightPaddleY":0.022515609678798964,"ballX":0.7110971297854007,"ballY":0.2507858776913189}
