{"leftPaddleY":0.7958763197918046,"rightPaddleY":0.21596325037017192,"ballX":0.27339968388342195,"ballY":0.3802465330124267}
