{"leftPaddleY":0.8816817542831663,"rightPaddleY":0.12917431477036911,"ballX":0.6982769211401558,"ballY":0.7537455869458781}
