{"leftPaddleY":0.6496100334998611,"rightPaddleY":0.1615123277491998,"ballX":0.2099327381507827,"ballY":0.6181919443689332}
