{"leftPaddleY":0.1582228051934277,"rightPaddleY":0.009838008293186835,"ballX":0.6381687411775772,"ballY":0.5303524691841731}
