{"leftPaddleY":0.6631578050189023,"rightPaddleY":0.9271952440508979,"ballX":0.5148632689765953,"ballY":0.9836908834069741}
