{"leftPaddleY":0.7343026615620108,"rightPaddleY":0.1980900837533696,"ballX":0.40811434007791764,"ballY":0.45067455197821643}
