{"leftPaddleY":0.10550438142455373,"rightPaddleY":0.8734118052575245,"ballX":0.8914617584560854,"ballY":0.14798792509149963}
