{"leftPaddleY":0.345259555895316,"rightPaddleY":0.8236133075793686,"ballX":0.11901359536020814,"ballY":0.8772925945806226}
