{"leftPaddleY":0.5521067806309942,"rightPaddleY":0.28978459964279296,"ballX":0.9817966193991134,"ballY":0.5181498334976408}
