{"leftPaddleY":0.23060918495090882,"rightPaddleY":0.21004041546304522,"ballX":0.9468063098373576,"ballY":0.8402882207487313}
