{"leftPaddleY":0.5516753706686774,"rightPaddleY":0.14744622417918407,"ballX":0.4854572192621877,"ballY":0.14342129019426694}
