{"leftPaddleY":0.3510249596079092,"rightPaddleY":0.5596043426548508,"ballX":0.6733608506713709,"ballY":0.3083639842384804}
