{"leftPaddleY":0.5554571097653942,"rightPaddleY":0.7805313430666154,"ballX":0.23675214301653705,"ballY":0.3049079443379807}
