{"leftPaddleY":0.9026097881946099,"rightPaddleY":0.7936437478873049,"ballX":0.7720680147337805,"ballY":0.450636770406131}
