{"leftPaddleY":0.5271939858522404,"rightPaddleY":0.4492796030241152,"ballX":0.3045036043303337,"ballY":0.6324042598937809}
