{"leftPaddleY":0.6020374068475494,"rightPaddleY":0.3218501325677303,"ballX":0.5298063056461397,"ballY":0.5057408401892647}
