{"leftPaddleY":0.8304058020989019,"rightPaddleY":0.7844804877063838,"ballX":0.762783064674657,"ballY":0.8652243548524291}
