{"leftPaddleY":0.9313509374748885,"rightPaddleY":0.6755894047144362,"ballX":0.6892416810832162,"ballY":0.5359608226616116}
