{"leftPaddleY":0.9564986494679008,"rightPaddleY":0.6915058193302589,"ballX":0.9230076286403158,"ballY":0.2642446602997272}
