{"leftPaddleY":0.033654271153045374,"rightPaddleY":0.43674782771212134,"ballX":0.7324182810566658,"ballY":0.3102049439389845}
