{"leftPaddleY":0.1428067897630718,"rightPaddleY":0.9090742782900837,"ballX":0.36596579592769746,"ballY":0.18843738978693536}
