{"leftPaddleY":0.8639483245012808,"rightPaddleY":0.6224239168500668,"ballX":0.13826894205968765,"ballY":0.022902363067232014}
