{"leftPaddleY":0.037719262951183344,"rightPaddleY":0.9932077813788294,"ballX":0.7860814050543629,"ballY":0.4278466867508011}
