{"leftPaddleY":0.9730123563390397,"rightPaddleY":0.5196116113974185,"ballX":0.10726355630415389,"ballY":0.9861157910592099}
