{"leftPaddleY":0.5958078861782827,"rightPaddleY":0.9839138967558613,"ballX":0.33298448613054177,"ballY":0.8407989378940086}
