{"leftPaddleY":0.3110519941613822,"rightPaddleY":0.9836491425632237,"ballX":0.5606782559119812,"ballY":0.7126864611057047}
