{"leftPaddleY":0.26693351681556654,"rightPaddleY":0.895862907500859,"ballX":0.7234897276860668,"ballY":0.734161326102924}
