{"leftPaddleY":0.48164488670908895,"rightPaddleY":0.9866999412662765,"ballX":0.4468419734262537,"ballY":0.6780300857843753}
