{"leftPaddleY":0.832547217397163,"rightPaddleY":0.7756849246730173,"ballX":0.17556912410591527,"ballY":0.2431792594048513}
