{"leftPaddleY":0.8788877251939968,"rightPaddleY":0.5494089004546873,"ballX":0.3534577315724536,"ballY":0.3261155394957059}
