{"leftPaddleY":0.9996535961913195,"rightPaddleY":0.5170912216924277,"ballX":0.32678792188499606,"ballY":0.25420668578352545}
