{"leftPaddleY":0.7853938583341943,"rightPaddleY":0.23371669259415742,"ballX":0.2166428931992701,"ballY":0.16327289869640715}
