{"leftPaddleY":0.9975920064589251,"rightPaddleY":0.7355383297787929,"ballX":0.19913393362089446,"ballY":0.7158589536850489}
