{"leftPaddleY":0.12777688116187205,"rightPaddleY":0.7796293833219183,"ballX":0.7421446184108573,"ballY":0.8830827008323271}
