{"leftPaddleY":0.6305355564316077,"rightPaddleY":0.9242852793495516,"ballX":0.051405915401951316,"ballY":0.7853110026409489}
