{"leftPaddleY":0.8645893057633439,"rightPaddleY":0.4211175540866602,"ballX":0.3988992156947135,"ballY":0.47716660697626095}
