{"leftPaddleY":0.5434695028637129,"rightPaddleY":0.47136956564310933,"ballX":0.31454407613323637,"ballY":0.5323674583588061}
