{"leftPaddleY":0.058912938643463676,"rightPaddleY":0.8020643817513871,"ballX":0.4890473870996272,"ballY":0.5551496693206681}
