{"leftPaddleY":0.16271725141721072,"rightPaddleY":0.1936483853636717,"ballX":0.18741456368063594,"ballY":0.3453081858727126}
