{"leftPaddleY":0.6919763734973734,"rightPaddleY":0.3260209093488791,"ballX":0.6482155587003895,"ballY":0.3061102105835247}
