{"leftPaddleY":0.04514875864716294,"rightPaddleY":0.36165408398809135,"ballX":0.7700172248368042,"ballY":0.25933777858265217}
