{"leftPaddleY":0.2411142777991887,"rightPaddleY":0.30148915205709576,"ballX":0.5086692734971011,"ballY":0.0812765561609495}
