{"leftPaddleY":0.8742323069608186,"rightPaddleY":0.09570483449350019,"ballX":0.5657118269381048,"ballY":0.6779370467382033}
