{"leftPaddleY":0.7825237906168658,"rightPaddleY":0.2428939678113554,"ballX":0.3976197665971648,"ballY":0.5794131136166351}
