{"leftPaddleY":0.46131005378419715,"rightPaddleY":0.9299914724375722,"ballX":0.47025465330457805,"ballY":0.447190355456916}
