{"leftPaddleY":0.33141840856360816,"rightPaddleY":0.05284743327707867,"ballX":0.004714206276410764,"ballY":0.27940693339915185}
