{"leftPaddleY":0.5723858461057413,"rightPaddleY":0.6119536637816345,"ballX":0.6845214422565481,"ballY":0.8997179789910159}
