{"leftPaddleY":0.8322588415510921,"rightPaddleY":0.029166696759473948,"ballX":0.8106643064930474,"ballY":0.15766775839425792}
