{"leftPaddleY":0.02684310777004085,"rightPaddleY":0.11041796375182641,"ballX":0.7171984954359333,"ballY":0.027841652284184393}
