{"leftPaddleY":0.6055070350283479,"rightPaddleY":0.19194096639705804,"ballX":0.24087097384825515,"ballY":0.12119917269860749}
