{"leftPaddleY":0.5262344639008999,"rightPaddleY":0.13812702952917372,"ballX":0.43442648130634415,"ballY":0.06143951351132394}
