{"leftPaddleY":0.705680180382764,"rightPaddleY":0.01930639165770715,"ballX":0.8260010736488004,"ballY":0.24336633649456219}
