{"leftPaddleY":0.6314073034705994,"rightPaddleY":0.4235140519091057,"ballX":0.6859046089470995,"ballY":0.4167715372844758}
