{"leftPaddleY":0.08395782031591317,"rightPaddleY":0.3630463872735904,"ballX":0.6122683418522515,"ballY":0.7654384779253786}
