{"leftPaddleY":0.9788517425657004,"rightPaddleY":0.29199063765494254,"ballX":0.5282555015418079,"ballY":0.038386816565086385}
