{"leftPaddleY":0.911821964321367,"rightPaddleY":0.7329118267023665,"ballX":0.2424679012339956,"ballY":0.24649866420840827}
