{"leftPaddleY":0.22581224108103665,"rightPaddleY":0.2459859590296757,"ballX":0.7445527157797774,"ballY":0.5423942494723558}
