{"leftPaddleY":0.8742339016389726,"rightPaddleY":0.0029491202563260827,"ballX":0.0996558585804572,"ballY":0.7474812214737766}
