{"leftPaddleY":0.29057808682913966,"rightPaddleY":0.18107082693811777,"ballX":0.17112469723085216,"ballY":0.8924250443266353}
