{"leftPaddleY":0.9154862769097457,"rightPaddleY":0.9846425152975335,"ballX":0.05086347131344332,"ballY":0.07938647132150467}
