{"leftPaddleY":0.38285925382606006,"rightPaddleY":0.808307802772392,"ballX":0.8376147516530172,"ballY":0.630095705720637}
