{"leftPaddleY":0.1659661615794419,"rightPaddleY":0.7481677975842558,"ballX":0.6412514346873761,"ballY":0.7212572170873889}
