{"leftPaddleY":0.34788550902627985,"rightPaddleY":0.1604524389770855,"ballX":0.9274504321971166,"ballY":0.9143961394740152}
