{"leftPaddleY":0.38185246230875264,"rightPaddleY":0.9085849471743369,"ballX":0.4357982387598566,"ballY":0.8802913865671631}
