{"leftPaddleY":0.806276714898681,"rightPaddleY":0.17296148218361282,"ballX":0.3382037432658095,"ballY":0.6049537872141372}
