{"leftPaddleY":0.5852526127777498,"rightPaddleY":0.7613647150238017,"ballX":0.9711144542435969,"ballY":0.22459178505316563}
