{"leftPaddleY":0.713576896710766,"rightPaddleY":0.0036396651810271016,"ballX":0.1304935284667969,"ballY":0.7332298877327126}
