{"leftPaddleY":0.7771846327329467,"rightPaddleY":0.4308471416230202,"ballX":0.644449396684603,"ballY":0.37036220271192755}
