{"leftPaddleY":0.5434362246768165,"rightPaddleY":0.35903925639120426,"ballX":0.02950972039298141,"ballY":0.5132971949748502}
