{"leftPaddleY":0.11305579595884807,"rightPaddleY":0.12900997181047424,"ballX":0.43435806530733667,"ballY":0.7245575013700328}
