{"leftPaddleY":0.7369162482761104,"rightPaddleY":0.8050107452473855,"ballX":0.02770372712649365,"ballY":0.8966621263572533}
