{"leftPaddleY":0.0928311307677274,"rightPaddleY":0.5505945305935293,"ballX":0.4872874295111285,"ballY":0.9825068604463183}
