{"leftPaddleY":0.04938261084856242,"rightPaddleY":0.18649507048196284,"ballX":0.21682492274503354,"ballY":0.13676137301778227}
