{"leftPaddleY":0.8912055111483352,"rightPaddleY":0.23757077664090656,"ballX":0.7589174270157466,"ballY":0.4541436790533327}
