{"leftPaddleY":0.13292377530217195,"rightPaddleY":0.7487562632299231,"ballX":0.5206744540277825,"ballY":0.7760965359380447}
