{"leftPaddleY":0.4112638439158926,"rightPaddleY":0.17786321558298746,"ballX":0.07792541502971378,"ballY":0.40267043741995234}
