{"leftPaddleY":0.7991386976658291,"rightPaddleY":0.6049801947835967,"ballX":0.552104344486977,"ballY":0.0888485815321135}
