{"leftPaddleY":0.8545565637009392,"rightPaddleY":0.8888847320118407,"ballX":0.46544951607541035,"ballY":0.7957898974995695}
