{"leftPaddleY":0.4061043248588331,"rightPaddleY":0.9570464371627495,"ballX":0.3533856195299761,"ballY":0.9032247234099892}
