{"leftPaddleY":0.350462560819663,"rightPaddleY":0.023984461275286913,"ballX":0.40743809701811956,"ballY":0.017887760795754735}
