{"leftPaddleY":0.6849326741885733,"rightPaddleY":0.15889480324508426,"ballX":0.6380439294134208,"ballY":0.7436583676105809}
