{"leftPaddleY":0.6840323601379311,"rightPaddleY":0.37324615430613667,"ballX":0.7380962853654962,"ballY":0.8075664767515929}
