{"leftPaddleY":0.5128208925300975,"rightPaddleY":0.7006840323759351,"ballX":0.09747155902242552,"ballY":0.13861701912101523}
