{"leftPaddleY":0.2664300782822371,"rightPaddleY":0.1551310236713055,"ballX":0.4724924176674672,"ballY":0.17289463151119458}
