{"leftPaddleY":0.27219791863704734,"rightPaddleY":0.8683145627304468,"ballX":0.12386648049132604,"ballY":0.5645892584662272}
