{"leftPaddleY":0.0077091100832640804,"rightPaddleY":0.8041819210238128,"ballX":0.3300543001808156,"ballY":0.7719150987074432}
