{"leftPaddleY":0.19527479042634063,"rightPaddleY":0.6244388248140393,"ballX":0.6542640435421564,"ballY":0.5997397386470936}
