{"leftPaddleY":0.3086919236671102,"rightPaddleY":0.2653879121530664,"ballX":0.13811173318106584,"ballY":0.66780090793159}
