{"leftPaddleY":0.3327297055167774,"rightPaddleY":0.2150844841698411,"ballX":0.5871579051305712,"ballY":0.6256306696908406}
