{"leftPaddleY":0.06506597570771396,"rightPaddleY":0.17542209522544785,"ballX":0.5961577483846396,"ballY":0.04794276347866046}
