{"leftPaddleY":0.8143456732391264,"rightPaddleY":0.4657627818489291,"ballX":0.7289277296617197,"ballY":0.44382643859383425}
