{"leftPaddleY":0.4268371843510554,"rightPaddleY":0.543369967394286,"ballX":0.5818131899325686,"ballY":0.5546252339804131}
