{"leftPaddleY":0.6924698764662138,"rightPaddleY":0.42915335068757055,"ballX":0.22111122843213185,"ballY":0.5143008734780062}
