{"leftPaddleY":0.07590131975780234,"rightPaddleY":0.648562934352345,"ballX":0.2564074151749746,"ballY":0.6467822253462691}
