{"leftPaddleY":0.4502693265412664,"rightPaddleY":0.33930314747546925,"ballX":0.2579962265247456,"ballY":0.3950624457390497}
