{"leftPaddleY":0.4319108304697515,"rightPaddleY":0.032896693102728705,"ballX":0.7583910624569539,"ballY":0.9086380384882092}
