{"leftPaddleY":0.6917560337773698,"rightPaddleY":0.3278258945042913,"ballX":0.38708815190378426,"ballY":0.5486657717507214}
