{"leftPaddleY":0.7583076095930582,"rightPaddleY":0.22492531720037334,"ballX":0.6093226091727183,"ballY":0.1648685459846226}
