{"leftPaddleY":0.7062862482512132,"rightPaddleY":0.5637737463893543,"ballX":0.39694251492099897,"ballY":0.7078843635962075}
