{"leftPaddleY":0.20037386815802413,"rightPaddleY":0.8996714439734489,"ballX":0.9110147915366624,"ballY":0.7867945682743458}
