{"leftPaddleY":0.20103433630747838,"rightPaddleY":0.9826918645357275,"ballX":0.4413210144595073,"ballY":0.6191460607243049}
