{"leftPaddleY":0.9745803685871581,"rightPaddleY":0.6054787940316598,"ballX":0.5773671793167331,"ballY":0.7270566071612963}
