{"leftPaddleY":0.45705724952837173,"rightPaddleY":0.814447529190927,"ballX":0.08142028250641732,"ballY":0.7259890590459938}
