{"leftPaddleY":0.46574885559515206,"rightPaddleY":0.5801184741934224,"ballX":0.6792892325087396,"ballY":0.663864631319743}
