{"leftPaddleY":0.10317899584772049,"rightPaddleY":0.26676152257875896,"ballX":0.4677087339908964,"ballY":0.23038928914704201}
