{"leftPaddleY":0.8281583767537266,"rightPaddleY":0.5737383993733904,"ballX":0.658955549316313,"ballY":0.34420373635397933}
