{"leftPaddleY":0.8336671545060824,"rightPaddleY":0.30654537889897904,"ballX":0.677821706414508,"ballY":0.49846028269772297}
