{"leftPaddleY":0.03385177738290317,"rightPaddleY":0.5100808911162141,"ballX":0.36524233848065657,"ballY":0.5152545013564274}
