{"leftPaddleY":0.38554163664034674,"rightPaddleY":0.1046220103065393,"ballX":0.7223038174393298,"ballY":0.690048030972694}
