{"leftPaddleY":0.309100308448582,"rightPaddleY":0.14786839749051076,"ballX":0.19555757275909255,"ballY":0.12997281408981184}
