{"leftPaddleY":0.3988881571208268,"rightPaddleY":0.9101038990350169,"ballX":0.06894662738577484,"ballY":0.7778415882818718}
