{"leftPaddleY":0.8616786238048045,"rightPaddleY":0.09955114959868192,"ballX":0.9897586850855457,"ballY":0.8427594361756372}
