{"leftPaddleY":0.8573466639044377,"rightPaddleY":0.8959674612088337,"ballX":0.8365774662706668,"ballY":0.2864381472873346}
