{"leftPaddleY":0.8289455829347454,"rightPaddleY":0.3752352549648014,"ballX":0.45654455084180884,"ballY":0.5866274299568158}
