{"leftPaddleY":0.5784776495068922,"rightPaddleY":0.5154995333891234,"ballX":0.023590579195951544,"ballY":0.3960325679288976}
