{"leftPaddleY":0.29618679261595593,"rightPaddleY":0.7179978745191214,"ballX":0.07928282699344488,"ballY":0.8555608002924633}
