{"leftPaddleY":0.8908558971419533,"rightPaddleY":0.10260196263718192,"ballX":0.846912085825648,"ballY":0.9336271233084219}
