{"leftPaddleY":0.9149108015606343,"rightPaddleY":0.9284588440856784,"ballX":0.8719114837152937,"ballY":0.9563393687004387}
