{"leftPaddleY":0.14759844308216405,"rightPaddleY":0.01603812654397767,"ballX":0.5731689184350905,"ballY":0.8569761261963283}
