{"leftPaddleY":0.9251886328341462,"rightPaddleY":0.13480359804911474,"ballX":0.5111827104481473,"ballY":0.45702025992497053}
