{"leftPaddleY":0.3308849755222408,"rightPaddleY":0.4740661158252311,"ballX":0.1734705704054906,"ballY":0.17579526166969872}
