{"leftPaddleY":0.49429284711759475,"rightPaddleY":0.49028059319896233,"ballX":0.1300429825383759,"ballY":0.14467041231550506}
