{"leftPaddleY":0.5848216094416397,"rightPaddleY":0.6285865779119733,"ballX":0.5476557181271462,"ballY":0.3940023980649068}
