{"leftPaddleY":0.6134693367571435,"rightPaddleY":0.5015539248010907,"ballX":0.3482585043427488,"ballY":0.14993800818207723}
