{"leftPaddleY":0.04855040775061592,"rightPaddleY":0.06009942214660096,"ballX":0.90315556928996,"ballY":0.4906146799047173}
