{"leftPaddleY":0.8791098144664697,"rightPaddleY":0.10589057764330849,"ballX":0.8291764491960315,"ballY":0.6108542510962989}
