{"leftPaddleY":0.43392997150052975,"rightPaddleY":0.5733376666456014,"ballX":0.773197329237057,"ballY":0.6999799180985763}
