{"leftPaddleY":0.45142554230828263,"rightPaddleY":0.07949402078937808,"ballX":0.4069837740475173,"ballY":0.847195687550296}
