{"leftPaddleY":0.9707455367823392,"rightPaddleY":0.769643538703935,"ballX":0.5775156756635723,"ballY":0.01820193945052636}
