{"leftPaddleY":0.6836039844029194,"rightPaddleY":0.87277345135788,"ballX":0.20063360154892282,"ballY":0.43006144367001703}
