{"leftPaddleY":0.5646746226045658,"rightPaddleY":0.4780150760171001,"ballX":0.8011813065539894,"ballY":0.604182838221614}
