{"leftPaddleY":0.07503524905844296,"rightPaddleY":0.7609465307170752,"ballX":0.8479913559739158,"ballY":0.6738453426585859}
