{"leftPaddleY":0.26353571990596814,"rightPaddleY":0.7539866677488335,"ballX":0.9661071147724144,"ballY":0.6973626149201709}
