{"leftPaddleY":0.9262180528827799,"rightPaddleY":0.061567272072470876,"ballX":0.8003352955120674,"ballY":0.049810734632329025}
