{"leftPaddleY":0.42243309848343114,"rightPaddleY":0.8704063554782585,"ballX":0.38172845232059804,"ballY":0.25259301501878306}
