{"leftPaddleY":0.7013684388928066,"rightPaddleY":0.3176279780071233,"ballX":0.6448112897279757,"ballY":0.029760792588844745}
