{"leftPaddleY":0.5636529046916892,"rightPaddleY":0.8062652660265344,"ballX":0.11019312257388825,"ballY":0.8133062154215085}
