{"leftPaddleY":0.0008785971239839244,"rightPaddleY":0.6598541213585979,"ballX":0.4046487432706259,"ballY":0.2484458452417769}
