{"leftPaddleY":0.45736640841917175,"rightPaddleY":0.9207910648479637,"ballX":0.7811409346239166,"ballY":0.8539901686172157}
