{"leftPaddleY":0.76149887531291,"rightPaddleY":0.6451420134837588,"ballX":0.2771468768209414,"ballY":0.6142501396571863}
