{"leftPaddleY":0.8289433520490499,"rightPaddleY":0.5445064556290059,"ballX":0.057199532622868116,"ballY":0.06087491917473252}
