{"leftPaddleY":0.32824611470875326,"rightPaddleY":0.463282925694782,"ballX":0.8783367114834618,"ballY":0.07931915472655784}
