{"leftPaddleY":0.2645729355566433,"rightPaddleY":0.89928842859728,"ballX":0.8191681961987163,"ballY":0.545543248278573}
