{"leftPaddleY":0.06176517745161679,"rightPaddleY":0.38440419505637335,"ballX":0.22590629106441393,"ballY":0.15299089643341915}
