{"leftPaddleY":0.6772216255164352,"rightPaddleY":0.14731527921386722,"ballX":0.9999782412368072,"ballY":0.6827091151194133}
