{"leftPaddleY":0.9893454489744853,"rightPaddleY":0.15362533962091202,"ballX":0.04375461011888653,"ballY":0.3448667551559145}
