{"leftPaddleY":0.6935622315397931,"rightPaddleY":0.4640309130843184,"ballX":0.8111100990888522,"ballY":0.0848290045880211}
