{"leftPaddleY":0.882863323310905,"rightPaddleY":0.17838984603685065,"ballX":0.433538931468728,"ballY":0.5606507332378188}
