{"leftPaddleY":0.426622799473047,"rightPaddleY":0.1626801846861488,"ballX":0.03583197597066764,"ballY":0.8119066870094807}
