{"leftPaddleY":0.9071633861756452,"rightPaddleY":0.8791567782895549,"ballX":0.9120068674452321,"ballY":0.7656426474223312}
