{"leftPaddleY":0.09691173819023512,"rightPaddleY":0.26755694410210595,"ballX":0.8569654432282039,"ballY":0.8708328167231584}
