{"leftPaddleY":0.2986292087428032,"rightPaddleY":0.23128278091490864,"ballX":0.8077990048578065,"ballY":0.329907568105243}
