{"leftPaddleY":0.9262230411052904,"rightPaddleY":0.46827632179819717,"ballX":0.14900615564516173,"ballY":0.3775981554150032}
