{"leftPaddleY":0.4643662023784764,"rightPaddleY":0.7585179901084097,"ballX":0.9389302534644265,"ballY":0.9087389001708039}
