{"leftPaddleY":0.28690012035612783,"rightPaddleY":0.35317868379793055,"ballX":0.4807090086327775,"ballY":0.9951744338828582}
