{"leftPaddleY":0.8707415946457445,"rightPaddleY":0.2673925572322778,"ballX":0.5946981185342136,"ballY":0.5560792294688341}
