{"leftPaddleY":0.6840610167997214,"rightPaddleY":0.3805170357854919,"ballX":0.9012896624625797,"ballY":0.0750113101956331}
