{"leftPaddleY":0.9829545202842638,"rightPaddleY":0.8710079944929217,"ballX":0.9695981697715234,"ballY":0.5098723047114476}
