{"leftPaddleY":0.2532899854864087,"rightPaddleY":0.656376703352882,"ballX":0.15882739358347844,"ballY":0.24757595255322964}
