{"leftPaddleY":0.21177125718487277,"rightPaddleY":0.46306999114795744,"ballX":0.5497245996236217,"ballY":0.7955697342453825}
