{"leftPaddleY":0.726381400633973,"rightPaddleY":0.2335902096827933,"ballX":0.694958715602629,"ballY":0.9853411244624362}
