{"leftPaddleY":0.57376540204972,"rightPaddleY":0.6758582698226495,"ballX":0.7833431679042853,"ballY":0.9169822795362207}
