{"leftPaddleY":0.7281413150243027,"rightPaddleY":0.2528152751902301,"ballX":0.4143952396026064,"ballY":0.08728445958798303}
