{"leftPaddleY":0.6213452611147524,"rightPaddleY":0.42371214394734313,"ballX":0.5030734348840975,"ballY":0.9661272713701109}
