{"leftPaddleY":0.9193448745523717,"rightPaddleY":0.4522867389199543,"ballX":0.0755300687712415,"ballY":0.10259894334085247}
