{"leftPaddleY":0.741065310987637,"rightPaddleY":0.8191237087272872,"ballX":0.4285397191038644,"ballY":0.561164286019446}
