{"leftPaddleY":0.8639670919369175,"rightPaddleY":0.2600099415694929,"ballX":0.49710093256762583,"ballY":0.4406789612585878}
