{"leftPaddleY":0.8815201002639106,"rightPaddleY":0.9961519517300476,"ballX":0.28005717720906204,"ballY":0.4605803157947887}
