{"leftPaddleY":0.17283018790174737,"rightPaddleY":0.963326302463863,"ballX":0.4294088660085331,"ballY":0.5772354428098909}
