{"leftPaddleY":0.7303984934492009,"rightPaddleY":0.4651167853224303,"ballX":0.1617287894428453,"ballY":0.3884220127241411}
