{"leftPaddleY":0.9663605608697797,"rightPaddleY":0.9550072903902939,"ballX":0.5430038744382584,"ballY":0.9454447322525202}
