{"leftPaddleY":0.973470813873611,"rightPaddleY":0.7497274184858743,"ballX":0.5694921000284604,"ballY":0.6318883596885497}
