{"leftPaddleY":0.5643310507998867,"rightPaddleY":0.7044581520308567,"ballX":0.26089813593573874,"ballY":0.6905051786309584}
