{"leftPaddleY":0.25669781392462826,"rightPaddleY":0.25433994383924025,"ballX":0.7999758873437784,"ballY":0.6127115850825722}
