{"leftPaddleY":0.12146890569849753,"rightPaddleY":0.761062658218887,"ballX":0.12135145352886488,"ballY":0.40022327241851213}
