{"leftPaddleY":0.7763070509593316,"rightPaddleY":0.13061765933459613,"ballX":0.33822823705749694,"ballY":0.5162142489467317}
