{"leftPaddleY":0.04901750377479869,"rightPaddleY":0.8363782438739118,"ballX":0.22595510378513362,"ballY":0.07064525491726674}
