{"leftPaddleY":0.3380143378824399,"rightPaddleY":0.35667714056435035,"ballX":0.2620212562609895,"ballY":0.569377184497391}
