{"leftPaddleY":0.18380834128004161,"rightPaddleY":0.45168337677467874,"ballX":0.3034403247989211,"ballY":0.17087871591663764}
