{"leftPaddleY":0.3899084680752662,"rightPaddleY":0.1057622304208828,"ballX":0.6116292915655894,"ballY":0.4592267688633368}
