{"leftPaddleY":0.3572671167423097,"rightPaddleY":0.16628083333380095,"ballX":0.056312260766733666,"ballY":0.6651014442478058}
