{"leftPaddleY":0.48561098801812214,"rightPaddleY":0.9153819917128542,"ballX":0.11490353029342365,"ballY":0.2785893528098317}
