{"leftPaddleY":0.3218859858367241,"rightPaddleY":0.9036313544734432,"ballX":0.9975382219755682,"ballY":0.08031005765654117}
