{"leftPaddleY":0.013576622453667534,"rightPaddleY":0.3114842400471679,"ballX":0.7793396445902608,"ballY":0.9947533293116472}
