{"leftPaddleY":0.8669635762819747,"rightPaddleY":0.3183533234535193,"ballX":0.20890884942867569,"ballY":0.30929056034201313}
