{"leftPaddleY":0.25583780670703477,"rightPaddleY":0.7749215807416198,"ballX":0.46003096320809894,"ballY":0.3459925439119865}
