{"leftPaddleY":0.0591701030113074,"rightPaddleY":0.18483239569187787,"ballX":0.4381964219050255,"ballY":0.7018192967265704}
