{"leftPaddleY":0.6516750564277525,"rightPaddleY":0.5101116721559945,"ballX":0.20994232141086006,"ballY":0.8701522213496279}
