{"leftPaddleY":0.6929273377150771,"rightPaddleY":0.8552928929603453,"ballX":0.978625229807657,"ballY":0.9503755764178214}
