{"leftPaddleY":0.17092637608301298,"rightPaddleY":0.03837684777293378,"ballX":0.3414895875248852,"ballY":0.968836593718391}
