{"leftPaddleY":0.4729043097252504,"rightPaddleY":0.4483971122522356,"ballX":0.8591258675126633,"ballY":0.7153112592798988}
