{"leftPaddleY":0.9717048524331157,"rightPaddleY":0.4034430939093703,"ballX":0.15027012060833847,"ballY":0.8610812132590714}
