{"leftPaddleY":0.7756106958079889,"rightPaddleY":0.7510271027166033,"ballX":0.9579561709216203,"ballY":0.6563502989575851}
