{"leftPaddleY":0.3993192680566977,"rightPaddleY":0.8211745296915233,"ballX":0.0937191791186696,"ballY":0.5195108815817686}
