{"leftPaddleY":0.27004496250669136,"rightPaddleY":0.7973000450197258,"ballX":0.17719336596325483,"ballY":0.7567792322594484}
