{"leftPaddleY":0.21436675105625858,"rightPaddleY":0.5131686300273903,"ballX":0.9257008833890337,"ballY":0.09528037510582789}
