{"leftPaddleY":0.3607116525471199,"rightPaddleY":0.4536106361077913,"ballX":0.6971634396769815,"ballY":0.9596166985825554}
