{"leftPaddleY":0.5026697176185609,"rightPaddleY":0.3201444286704461,"ballX":0.031105463929527778,"ballY":0.7603420248944539}
