{"leftPaddleY":0.7461938513964264,"rightPaddleY":0.7192793163118057,"ballX":0.4502746542274482,"ballY":0.6615157164152872}
