{"leftPaddleY":0.28162945939087924,"rightPaddleY":0.7075573084551023,"ballX":0.6067389638746159,"ballY":0.9121050939805556}
