{"leftPaddleY":0.6866909963322579,"rightPaddleY":0.4590799847508956,"ballX":0.2142190005762109,"ballY":0.9635809452849335}
