{"leftPaddleY":0.7024441796750759,"rightPaddleY":0.4803864704946827,"ballX":0.4694704173103136,"ballY":0.37444012146090994}
