{"leftPaddleY":0.20460959092676367,"rightPaddleY":0.5708606304000102,"ballX":0.5808065375773388,"ballY":0.4721655902460013}
