{"leftPaddleY":0.3511682800291603,"rightPaddleY":0.9304614413388086,"ballX":0.4448611046513545,"ballY":0.1816635247649051}
