{"leftPaddleY":0.07641701865619804,"rightPaddleY":0.981120779984832,"ballX":0.6942590251116768,"ballY":0.6134304827450063}
