{"leftPaddleY":0.29769889853695086,"rightPaddleY":0.21580981423512813,"ballX":0.23580375337359905,"ballY":0.41722627931095413}
