{"leftPaddleY":0.6581805394318758,"rightPaddleY":0.6895502895300349,"ballX":0.05936840003589318,"ballY":0.47250237864283817}
