{"leftPaddleY":0.3356203917457245,"rightPaddleY":0.1740024083197144,"ballX":0.22189833454839178,"ballY":0.9286632380140809}
