{"leftPaddleY":0.0817484671244186,"rightPaddleY":0.5459450813332913,"ballX":0.14013209933607187,"ballY":0.17552323877991255}
