{"leftPaddleY":0.3000124815254387,"rightPaddleY":0.38401251875189546,"ballX":0.08529958291567326,"ballY":0.7969231097872549}
