{"leftPaddleY":0.28678886328663267,"rightPaddleY":0.891371742390888,"ballX":0.5457728405277004,"ballY":0.23500629485216012}
