{"leftPaddleY":0.15675132217132387,"rightPaddleY":0.3149909989333165,"ballX":0.8083737865036529,"ballY":0.5233071078685478}
