{"leftPaddleY":0.6294682872835868,"rightPaddleY":0.3175066629335168,"ballX":0.5114498693621143,"ballY":0.20624060188739646}
