{"leftPaddleY":0.28673407321628214,"rightPaddleY":0.3776344760548851,"ballX":0.9234404473849063,"ballY":0.7956536404294555}
