{"leftPaddleY":0.4502508730652203,"rightPaddleY":0.07425718348449521,"ballX":0.8470889137698334,"ballY":0.6531537920913321}
