{"leftPaddleY":0.22469298663312753,"rightPaddleY":0.6427482740359376,"ballX":0.37493758075985517,"ballY":0.08134324516925774}
