{"leftPaddleY":0.36077246953168973,"rightPaddleY":0.1463831667136805,"ballX":0.7076506599907963,"ballY":0.8270522236950694}
