{"leftPaddleY":0.04778247684022994,"rightPaddleY":0.08333124948257199,"ballX":0.4529610291772666,"ballY":0.22313068411406117}
