{"leftPaddleY":0.04925355463277126,"rightPaddleY":0.5020604014140618,"ballX":0.9524098077203798,"ballY":0.012914587675640323}
