{"leftPaddleY":0.9714353377492867,"rightPaddleY":0.4995347811700478,"ballX":0.6273608562429157,"ballY":0.7885077327361573}
