{"leftPaddleY":0.9564259621588975,"rightPaddleY":0.04769672029978515,"ballX":0.6781354171951729,"ballY":0.8760872402133665}
