{"leftPaddleY":0.3104335540711099,"rightPaddleY":0.7928473768673797,"ballX":0.631168139002482,"ballY":0.06361884463191478}
