{"leftPaddleY":0.6179535101230098,"rightPaddleY":0.9225628928958419,"ballX":0.749123234647315,"ballY":0.21202243755619302}
