{"leftPaddleY":0.5655315457107305,"rightPaddleY":0.7585830365556675,"ballX":0.6263093936028823,"ballY":0.706069330343895}
