{"leftPaddleY":0.8794039044214591,"rightPaddleY":0.35241042456370925,"ballX":0.3423489965885516,"ballY":0.8967563061772614}
