{"leftPaddleY":0.5283255657419206,"rightPaddleY":0.5696410032972549,"ballX":0.029044441812894003,"ballY":0.12422638708034675}
