{"leftPaddleY":0.5202094227204608,"rightPaddleY":0.41155059713124287,"ballX":0.8572894360783386,"ballY":0.7314459979985118}
