{"leftPaddleY":0.6809690937787385,"rightPaddleY":0.749747798143543,"ballX":0.8248326600828423,"ballY":0.24607256879115896}
