{"leftPaddleY":0.24316378047134202,"rightPaddleY":0.3127425798098246,"ballX":0.8932282007538821,"ballY":0.16625827220597428}
