{"leftPaddleY":0.1656864377763986,"rightPaddleY":0.06935633890783043,"ballX":0.8913410639371838,"ballY":0.4901691007590979}
