{"leftPaddleY":0.5097559017707148,"rightPaddleY":0.035545570253426195,"ballX":0.06167011051484553,"ballY":0.11700626073785399}
