{"leftPaddleY":0.2597457604280218,"rightPaddleY":0.15931646742538358,"ballX":0.41227444142482333,"ballY":0.6218517042825328}
