{"leftPaddleY":0.25057595765818647,"rightPaddleY":0.8024183976255322,"ballX":0.0550281995221148,"ballY":0.5645653879941418}
