{"leftPaddleY":0.25001908854958554,"rightPaddleY":0.9043044629071141,"ballX":0.2820428954966012,"ballY":0.5510142002209282}
