{"leftPaddleY":0.1480782291114338,"rightPaddleY":0.36785630261905383,"ballX":0.3799687936694789,"ballY":0.6569447051158317}
