{"leftPaddleY":0.5850568072178903,"rightPaddleY":0.5970222288896195,"ballX":0.7818971075835595,"ballY":0.8852958544301021}
