{"leftPaddleY":0.12429030368839068,"rightPaddleY":0.9777017829853596,"ballX":0.5177816048923692,"ballY":0.7646132918382582}
