{"leftPaddleY":0.5633707410462047,"rightPaddleY":0.7713569322131935,"ballX":0.442181268932781,"ballY":0.6655601764292086}
