{"leftPaddleY":0.5028632137365886,"rightPaddleY":0.6129254849221909,"ballX":0.8804202554413556,"ballY":0.9364224015276892}
