{"leftPaddleY":0.47689268676861174,"rightPaddleY":0.9019636398404841,"ballX":0.5719921497137976,"ballY":0.5334778820638827}
