{"leftPaddleY":0.020028522312232275,"rightPaddleY":0.3207658073744351,"ballX":0.6606997556508586,"ballY":0.8179145397241155}
