{"leftPaddleY":0.37057082052834445,"rightPaddleY":0.747595402613169,"ballX":0.03345391218919104,"ballY":0.7837585467678105}
