{"leftPaddleY":0.48475074177601457,"rightPaddleY":0.9941289468114803,"ballX":0.596900541703296,"ballY":0.2538655080470816}
