{"leftPaddleY":0.7430883072409844,"rightPaddleY":0.4108880284555068,"ballX":0.19034487519667745,"ballY":0.32686406082264463}
