{"leftPaddleY":0.6982269790258104,"rightPaddleY":0.7131151364896335,"ballX":0.527732196733423,"ballY":0.886086385591407}
