{"leftPaddleY":0.21693188770442023,"rightPaddleY":0.6450505604248852,"ballX":0.1762773135982036,"ballY":0.798403442198688}
