{"leftPaddleY":0.9637128132897217,"rightPaddleY":0.4576263737263658,"ballX":0.9478614526290964,"ballY":0.4052340616286351}
