{"leftPaddleY":0.7700711496207758,"rightPaddleY":0.04866592551271695,"ballX":0.993084487648173,"ballY":0.04763650164592137}
