{"leftPaddleY":0.02827138452537812,"rightPaddleY":0.43860498624293126,"ballX":0.9771145799630103,"ballY":0.22546428235940036}
