{"leftPaddleY":0.36791596124670073,"rightPaddleY":0.03538802797886002,"ballX":0.763325998778471,"ballY":0.5055911795933724}
