{"leftPaddleY":0.14067570679958175,"rightPaddleY":0.057649193942911146,"ballX":0.243646208365365,"ballY":0.6193051298532419}
