{"leftPaddleY":0.4883547976875901,"rightPaddleY":0.3493982528107225,"ballX":0.8634176858445064,"ballY":0.6950445841687068}
