{"leftPaddleY":0.43611095930897237,"rightPaddleY":0.1563324538668085,"ballX":0.4441278087450697,"ballY":0.13145794899012075}
