{"leftPaddleY":0.5549347752461183,"rightPaddleY":0.9852228136908844,"ballX":0.06265260737553274,"ballY":0.030723820465272025}
