{"leftPaddleY":0.7114851674978717,"rightPaddleY":0.3849272352327069,"ballX":0.023562100357183105,"ballY":0.7944568100460093}
