{"leftPaddleY":0.8929971463786448,"rightPaddleY":0.3594871538374782,"ballX":0.863817327243006,"ballY":0.8879428332267988}
