{"leftPaddleY":0.030543079160835224,"rightPaddleY":0.9505320239749075,"ballX":0.8879979694146527,"ballY":0.4015748146306916}
