{"leftPaddleY":0.5555962480872124,"rightPaddleY":0.9010209437146076,"ballX":0.10674242145097533,"ballY":0.42022367625651075}
