{"leftPaddleY":0.5155278269109373,"rightPaddleY":0.2743704299046472,"ballX":0.8748138855882672,"ballY":0.47788389444103796}
