{"leftPaddleY":0.8976296555033062,"rightPaddleY":0.543248069785577,"ballX":0.2967356914923095,"ballY":0.04062190559945576}
