{"leftPaddleY":0.6530658989992153,"rightPaddleY":0.4198909779126461,"ballX":0.44788385196229075,"ballY":0.8328493170435741}
