{"leftPaddleY":0.10012580297497368,"rightPaddleY":0.1932166890941243,"ballX":0.11729518477592371,"ballY":0.11157973747998277}
