{"leftPaddleY":0.08736729604381974,"rightPaddleY":0.6176166789814194,"ballX":0.34856742095228865,"ballY":0.5771903807323421}
