{"leftPaddleY":0.4532592535594217,"rightPaddleY":0.297149117707958,"ballX":0.8483429709808779,"ballY":0.778847479107782}
