{"leftPaddleY":0.7414694612537195,"rightPaddleY":0.17107005008187604,"ballX":0.3990830302673406,"ballY":0.6193049165521501}
