{"leftPaddleY":0.23984999323987702,"rightPaddleY":0.9567035306385405,"ballX":0.6926031890989227,"ballY":0.26399078271647836}
