{"leftPaddleY":0.3575406628639279,"rightPaddleY":0.3373290386306183,"ballX":0.3680472783879114,"ballY":0.7602759643612641}
