{"leftPaddleY":0.9697766422880162,"rightPaddleY":0.8047087504512602,"ballX":0.8909085061604862,"ballY":0.2364160531913798}
