{"leftPaddleY":0.7320777062437991,"rightPaddleY":0.9334527029018949,"ballX":0.14301350730662524,"ballY":0.5531143169967486}
