{"leftPaddleY":0.3491159871728871,"rightPaddleY":0.2330532482488386,"ballX":0.2933869035515619,"ballY":0.8981903324505794}
