{"leftPaddleY":0.8065671850196462,"rightPaddleY":0.31741351725106537,"ballX":0.6960754888047708,"ballY":0.841461227743445}
