{"leftPaddleY":0.6090417352799122,"rightPaddleY":0.21454351165455118,"ballX":0.6099051056181579,"ballY":0.6448255932945204}
