{"leftPaddleY":0.05165568415809374,"rightPaddleY":0.5650275209765592,"ballX":0.9835414862428803,"ballY":0.7769608862884209}
