{"leftPaddleY":0.22843273470532072,"rightPaddleY":0.4003471428132956,"ballX":0.8730544082187784,"ballY":0.6803490459003968}
