{"leftPaddleY":0.419828589018391,"rightPaddleY":0.19877707487961965,"ballX":0.20977698637859052,"ballY":0.5072067005552648}
