{"leftPaddleY":0.6071958619598761,"rightPaddleY":0.9391789890148889,"ballX":0.6711328552365715,"ballY":0.37515329323070346}
