{"leftPaddleY":0.05841582503041724,"rightPaddleY":0.41848383103046005,"ballX":0.18293164897447747,"ballY":0.42675275901414944}
