{"leftPaddleY":0.29470879279672685,"rightPaddleY":0.09892272731398337,"ballX":0.23141824337100006,"ballY":0.21319474155339463}
