{"leftPaddleY":0.035480620689275835,"rightPaddleY":0.2657680785558761,"ballX":0.8674461109116093,"ballY":0.7487836594487105}
