{"leftPaddleY":0.8911702102200276,"rightPaddleY":0.3536495155734737,"ballX":0.69446299438849,"ballY":0.13468411737094568}
