{"leftPaddleY":0.7474959122352517,"rightPaddleY":0.4554941514183629,"ballX":0.07983906094087491,"ballY":0.30349969454615233}
