{"leftPaddleY":0.6306574625491231,"rightPaddleY":0.33830406558621745,"ballX":0.24982949731461573,"ballY":0.22021566939716783}
