{"leftPaddleY":0.4139897946015513,"rightPaddleY":0.21734161013073322,"ballX":0.9711794272195128,"ballY":0.37207603851173}
