{"leftPaddleY":0.5200873296295087,"rightPaddleY":0.8781568187140042,"ballX":0.6821674768682745,"ballY":0.20846449971760592}
