{"leftPaddleY":0.6001375399168222,"rightPaddleY":0.036253832182775905,"ballX":0.20722460326891715,"ballY":0.3298377304679039}
