{"leftPaddleY":0.2764158053448581,"rightPaddleY":0.05426908838937865,"ballX":0.8507991158033235,"ballY":0.4613873284309618}
