{"leftPaddleY":0.7791060145635396,"rightPaddleY":0.036827875502026854,"ballX":0.43720323988807497,"ballY":0.5163455072354779}
