{"leftPaddleY":0.77509074581015,"rightPaddleY":0.006704161356472074,"ballX":0.5559367417151342,"ballY":0.0391423819922126}
