{"leftPaddleY":0.381720007309276,"rightPaddleY":0.3873088491867222,"ballX":0.572132746135755,"ballY":0.16026137087159273}
