{"leftPaddleY":0.3129241908794656,"rightPaddleY":0.06904514047221705,"ballX":0.9412383901718709,"ballY":0.1481421527965442}
