{"leftPaddleY":0.5280917029938896,"rightPaddleY":0.46202733514865424,"ballX":0.5427802404724944,"ballY":0.5908162116328629}
