{"leftPaddleY":0.8545322311103052,"rightPaddleY":0.559559717554352,"ballX":0.7704748804756896,"ballY":0.4621737625598301}
