{"leftPaddleY":0.8838734132590116,"rightPaddleY":0.41061564376830434,"ballX":0.9175801144708075,"ballY":0.9908633417738403}
