{"leftPaddleY":0.6724063037171256,"rightPaddleY":0.4603843041926551,"ballX":0.979319931050432,"ballY":0.07928677551317549}
