{"leftPaddleY":0.14749330981754594,"rightPaddleY":0.9588614237574841,"ballX":0.23978875604312883,"ballY":0.898085445249288}
