{"leftPaddleY":0.99265210014006,"rightPaddleY":0.39858905403778844,"ballX":0.6574398752212387,"ballY":0.05193957782435143}
