{"leftPaddleY":0.7416081888385413,"rightPaddleY":0.33559267081109534,"ballX":0.5767352147615556,"ballY":0.19980666372883765}
