{"leftPaddleY":0.11743937145168436,"rightPaddleY":0.31803152230186343,"ballX":0.9205193211271366,"ballY":0.2430752655436046}
