{"leftPaddleY":0.3706434389735658,"rightPaddleY":0.9597330311531224,"ballX":0.7439575277452563,"ballY":0.15696418732086628}
