{"leftPaddleY":0.04585758838338506,"rightPaddleY":0.9246148475261721,"ballX":0.22683496047622467,"ballY":0.051489846289878925}
