{"leftPaddleY":0.5492680640065941,"rightPaddleY":0.9441192222951335,"ballX":0.30259158029383165,"ballY":0.9256887057065127}
