{"leftPaddleY":0.490502556564115,"rightPaddleY":0.6201634296838751,"ballX":0.11128349200823988,"ballY":0.4125310579708207}
