{"leftPaddleY":0.271929206168369,"rightPaddleY":0.969710078139275,"ballX":0.3607481644477765,"ballY":0.3343612746668798}
