{"leftPaddleY":0.7377919980149173,"rightPaddleY":0.006947338973988019,"ballX":0.3067216772814494,"ballY":0.23583205879865674}
