{"leftPaddleY":0.3283147882400332,"rightPaddleY":0.1967195482705159,"ballX":0.3549691942007443,"ballY":0.7621759632239029}
