{"leftPaddleY":0.9060921560256039,"rightPaddleY":0.28012345186440374,"ballX":0.6896978478214658,"ballY":0.056552322376793744}
