{"leftPaddleY":0.941811494038365,"rightPaddleY":0.05238776897062531,"ballX":0.3370179583909092,"ballY":0.9272705923577906}
