{"leftPaddleY":0.112509725373386,"rightPaddleY":0.28527465139183905,"ballX":0.3327037899616846,"ballY":0.9888575765096352}
