{"leftPaddleY":0.40549806946330136,"rightPaddleY":0.6121357498570957,"ballX":0.26178167416708603,"ballY":0.25323137353915365}
