{"leftPaddleY":0.16210118345394964,"rightPaddleY":0.4835196413225989,"ballX":0.0760903777240954,"ballY":0.31389767560217335}
