{"leftPaddleY":0.12101857581750908,"rightPaddleY":0.02476796068180872,"ballX":0.6992787107275139,"ballY":0.024261854737477967}
