{"leftPaddleY":0.5787181901599684,"rightPaddleY":0.13936793945957285,"ballX":0.30010960110903545,"ballY":0.9762523280078808}
