{"leftPaddleY":0.9987287086687975,"rightPaddleY":0.2558042120256079,"ballX":0.37256216586774255,"ballY":0.4438949607361852}
