{"leftPaddleY":0.3964730025527177,"rightPaddleY":0.24954702227042602,"ballX":0.017880003886392735,"ballY":0.6568674096114389}
