{"leftPaddleY":0.3863649361448349,"rightPaddleY":0.9749348083928708,"ballX":0.39182063462535494,"ballY":0.027951140713432115}
