{"leftPaddleY":0.17897954873719016,"rightPaddleY":0.3946446132337215,"ballX":0.6613498920798361,"ballY":0.3367418030804681}
