{"leftPaddleY":0.829359272566008,"rightPaddleY":0.6013618063816031,"ballX":0.6882528330226678,"ballY":0.9079752206351246}
