{"leftPaddleY":0.2118629476287809,"rightPaddleY":0.5466935147863338,"ballX":0.8555792494433929,"ballY":0.2062804144052208}
