{"leftPaddleY":0.4740400401227227,"rightPaddleY":0.40004501714488344,"ballX":0.7901104169380939,"ballY":0.048027204158324566}
