{"leftPaddleY":0.5784066871487159,"rightPaddleY":0.8172300918669595,"ballX":0.10871413475513832,"ballY":0.42017929199873144}
