{"leftPaddleY":0.9353412967573047,"rightPaddleY":0.2999705760990655,"ballX":0.1652601486693829,"ballY":0.8494316183891067}
