{"leftPaddleY":0.5311425824397799,"rightPaddleY":0.6541530492846358,"ballX":0.6270285099704161,"ballY":0.9080766746241483}
