{"leftPaddleY":0.43790351507291997,"rightPaddleY":0.9962320450378297,"ballX":0.3949934505673656,"ballY":0.5757257999380889}
