{"leftPaddleY":0.11531139122862122,"rightPaddleY":0.6656424467060209,"ballX":0.8599055486883769,"ballY":0.11705210325191708}
