{"leftPaddleY":0.7053991821714015,"rightPaddleY":0.13312398376330925,"ballX":0.8301511099970673,"ballY":0.14203534731261375}
