{"leftPaddleY":0.1405951027695803,"rightPaddleY":0.8264617581868869,"ballX":0.29596727220052554,"ballY":0.2749307061143616}
