{"leftPaddleY":0.6028124440233796,"rightPaddleY":0.7035572790427621,"ballX":0.3059332986816518,"ballY":0.13870267322176563}
