{"leftPaddleY":0.20875841079835541,"rightPaddleY":0.7226509165252342,"ballX":0.20358789871790153,"ballY":0.7877647868621023}
