{"leftPaddleY":0.0017046218243373923,"rightPaddleY":0.2616217321297358,"ballX":0.8176868343190907,"ballY":0.6289024559593203}
