{"leftPaddleY":0.1316655574540764,"rightPaddleY":0.3705117082019492,"ballX":0.5161321515616517,"ballY":0.5229851114375379}
