{"leftPaddleY":0.8975581620789225,"rightPaddleY":0.013006311108699788,"ballX":0.319106661792319,"ballY":0.41116693533671883}
