{"leftPaddleY":0.24577142505598323,"rightPaddleY":0.9889834879525446,"ballX":0.055136694757705294,"ballY":0.679670228708613}
