{"leftPaddleY":0.3905192313571425,"rightPaddleY":0.454678097725188,"ballX":0.6061348153348468,"ballY":0.5489679624482984}
