{"leftPaddleY":0.718409288656187,"rightPaddleY":0.9211222908502478,"ballX":0.36242673070323084,"ballY":0.7027070373196727}
