{"leftPaddleY":0.012169556467544702,"rightPaddleY":0.347985041681503,"ballX":0.4226373889519511,"ballY":0.1583419315789517}
