{"leftPaddleY":0.093586687112792,"rightPaddleY":0.39247811960308254,"ballX":0.47461190207155035,"ballY":0.9165900715670855}
