{"leftPaddleY":0.18196906572252214,"rightPaddleY":0.6050147160951349,"ballX":0.8481766992939773,"ballY":0.873700597638964}
