{"leftPaddleY":0.7575508411638595,"rightPaddleY":0.37532796362563164,"ballX":0.32009419994337673,"ballY":0.03471398241305794}
