{"leftPaddleY":0.0045813694579100095,"rightPaddleY":0.029455822028355037,"ballX":0.7057940437921714,"ballY":0.6545312760879193}
