{"leftPaddleY":0.9781016288421439,"rightPaddleY":0.09402188478255841,"ballX":0.5795208807218479,"ballY":0.3538656155461298}
