{"leftPaddleY":0.6051990419684249,"rightPaddleY":0.9971063983470049,"ballX":0.4191923040503706,"ballY":0.3674158577935622}
