{"leftPaddleY":0.1131664728329433,"rightPaddleY":0.8048058090770264,"ballX":0.5728765406427089,"ballY":0.8165558213190955}
