{"leftPaddleY":0.45347331725841816,"rightPaddleY":0.9638272863196466,"ballX":0.5900359767117074,"ballY":0.9802328822374143}
