{"leftPaddleY":0.296126606989802,"rightPaddleY":0.3886163329857422,"ballX":0.7301719565142111,"ballY":0.9675746916001673}
