{"leftPaddleY":0.6525847339137046,"rightPaddleY":0.7997017627300504,"ballX":0.3872190450717603,"ballY":0.6617232558753493}
