{"leftPaddleY":0.9025725849636667,"rightPaddleY":0.3737668938098917,"ballX":0.2923062722035762,"ballY":0.13296121808650505}
