{"leftPaddleY":0.8742634162129262,"rightPaddleY":0.9248840890352119,"ballX":0.9085692259255527,"ballY":0.7373277972142883}
