{"leftPaddleY":0.7277483890832739,"rightPaddleY":0.6288483930518729,"ballX":0.47751770285922396,"ballY":0.889381628425495}
