{"leftPaddleY":0.7780019513575565,"rightPaddleY":0.5375582389424243,"ballX":0.10463599520055858,"ballY":0.30417590181454635}
