{"leftPaddleY":0.13521274859709004,"rightPaddleY":0.8122809532690355,"ballX":0.4849187395307811,"ballY":0.00554825271796758}
