{"leftPaddleY":0.3496962942922058,"rightPaddleY":0.7759251703729335,"ballX":0.5575894236991392,"ballY":0.8481813785784615}
