{"leftPaddleY":0.5386596331229765,"rightPaddleY":0.20146485486168406,"ballX":0.3749924418266319,"ballY":0.7787717291152019}
