{"leftPaddleY":0.31990732824890183,"rightPaddleY":0.9827700979275593,"ballX":0.9211804510694283,"ballY":0.22535944858382798}
