{"leftPaddleY":0.6597022267048205,"rightPaddleY":0.5739052880824475,"ballX":0.094698027505206,"ballY":0.044195252807539324}
