{"leftPaddleY":0.5818546190836723,"rightPaddleY":0.28152361781458723,"ballX":0.362203790650364,"ballY":0.022770787995457554}
