{"leftPaddleY":0.03523202032254885,"rightPaddleY":0.48516023292272537,"ballX":0.20255638018494015,"ballY":0.30173653490834873}
