{"leftPaddleY":0.7857398856324269,"rightPaddleY":0.7771700622680312,"ballX":0.8451636452163658,"ballY":0.7236897711803046}
