{"leftPaddleY":0.6696742214289958,"rightPaddleY":0.7339792900261616,"ballX":0.01971115390229989,"ballY":0.4240090835915234}
