{"leftPaddleY":0.03569552929902082,"rightPaddleY":0.4302473409870425,"ballX":0.38824936103584906,"ballY":0.2048664465630446}
