{"leftPaddleY":0.6096193871033355,"rightPaddleY":0.44473155076440607,"ballX":0.5664589269827787,"ballY":0.09313271441250233}
