{"leftPaddleY":0.6764774574293625,"rightPaddleY":0.30389410638453845,"ballX":0.06413340876766173,"ballY":0.14858680207573202}
