{"leftPaddleY":0.35541239923724316,"rightPaddleY":0.8505712813062165,"ballX":0.9836429517881782,"ballY":0.9451344227427766}
