{"leftPaddleY":0.8558622611622219,"rightPaddleY":0.825624391561908,"ballX":0.034656780225967104,"ballY":0.532720941345447}
