{"leftPaddleY":0.6300545974323447,"rightPaddleY":0.409551703703245,"ballX":0.6956580327776457,"ballY":0.7980110846416649}
