{"leftPaddleY":0.9004517540572781,"rightPaddleY":0.6476469871034918,"ballX":0.29262177992870086,"ballY":0.6068613126236104}
