{"leftPaddleY":0.39136734293513276,"rightPaddleY":0.691958241385311,"ballX":0.9621310685397736,"ballY":0.9694301945787692}
