{"leftPaddleY":0.1082928197580817,"rightPaddleY":0.7955463524949348,"ballX":0.5784940294829132,"ballY":0.7547743381805929}
