{"leftPaddleY":0.508527669652875,"rightPaddleY":0.35099072123569924,"ballX":0.9416470751599888,"ballY":0.6475375598144417}
