{"leftPaddleY":0.2156335335037839,"rightPaddleY":0.8163972970650755,"ballX":0.4714612925629885,"ballY":0.8209919227070007}
