{"leftPaddleY":0.3148982572992404,"rightPaddleY":0.29855023501801464,"ballX":0.18497221771436106,"ballY":0.37006523997260493}
