{"leftPaddleY":0.2546026390134229,"rightPaddleY":0.9529737463251302,"ballX":0.15755420953922009,"ballY":0.1834868251605544}
