{"leftPaddleY":0.6273028087020989,"rightPaddleY":0.6942455219363861,"ballX":0.7680219911556005,"ballY":0.5005400533363391}
