{"leftPaddleY":0.022030893778354675,"rightPaddleY":0.06864108229723763,"ballX":0.15892573124580656,"ballY":0.3524077675533644}
