{"leftPaddleY":0.4164546637365405,"rightPaddleY":0.8345120568561152,"ballX":0.3776134147282881,"ballY":0.8260460623755567}
