{"leftPaddleY":0.5160287440028933,"rightPaddleY":0.6830659040395816,"ballX":0.5118422341895691,"ballY":0.7722457745509701}
