{"leftPaddleY":0.1266321944980931,"rightPaddleY":0.7206096106927065,"ballX":0.14828982557815928,"ballY":0.44993827583735346}
