{"leftPaddleY":0.25300080534833713,"rightPaddleY":0.03451331321038054,"ballX":0.16059634429543596,"ballY":0.8748237974572125}
