{"leftPaddleY":0.09179695257576498,"rightPaddleY":0.0745372331963878,"ballX":0.8254155023892144,"ballY":0.9944295387348578}
