{"leftPaddleY":0.3346166679001196,"rightPaddleY":0.5153748724945549,"ballX":0.8834363330305522,"ballY":0.6931925272885506}
