{"leftPaddleY":0.45469977960565083,"rightPaddleY":0.38376560461136516,"ballX":0.7958825124898689,"ballY":0.5051986431332923}
