{"leftPaddleY":0.6534457517531954,"rightPaddleY":0.08968038217749472,"ballX":0.1150927038799216,"ballY":0.32452325254713593}
