{"leftPaddleY":0.2250179877179363,"rightPaddleY":0.06861509890706646,"ballX":0.09868501564056499,"ballY":0.5938216335433778}
