{"leftPaddleY":0.3898845685952371,"rightPaddleY":0.556127037111271,"ballX":0.9918432663487968,"ballY":0.8656253561669092}
