{"leftPaddleY":0.5826951695536284,"rightPaddleY":0.41468626379612455,"ballX":0.08390693970482667,"ballY":0.4391177999603536}
