{"leftPaddleY":0.12804818090530823,"rightPaddleY":0.01340068235780098,"ballX":0.15791646526177971,"ballY":0.3558086025587589}
