{"leftPaddleY":0.03867169140461005,"rightPaddleY":0.07868023975597463,"ballX":0.7973786213401528,"ballY":0.8813287689418675}
