{"leftPaddleY":0.43192993780717137,"rightPaddleY":0.7346011690018761,"ballX":0.9936476446470421,"ballY":0.6594132939877756}
