{"leftPaddleY":0.8981865799055935,"rightPaddleY":0.3068003537303503,"ballX":0.28110643777545696,"ballY":0.6080841872005468}
