{"leftPaddleY":0.4711778324950416,"rightPaddleY":0.7437941679087092,"ballX":0.4407008274649891,"ballY":0.8737488176319969}
