{"leftPaddleY":0.5756534943368868,"rightPaddleY":0.5812021005287628,"ballX":0.7300737247403203,"ballY":0.676981306806015}
