{"leftPaddleY":0.610742719582643,"rightPaddleY":0.9682711230180623,"ballX":0.42890905505314014,"ballY":0.5664228527189762}
