{"leftPaddleY":0.6530590224189777,"rightPaddleY":0.8819476572105964,"ballX":0.28450175351765183,"ballY":0.6036672053078503}
