{"leftPaddleY":0.7594040182681913,"rightPaddleY":0.08786251946920819,"ballX":0.551655085162161,"ballY":0.7022585495029661}
