{"leftPaddleY":0.5300344441782964,"rightPaddleY":0.1916005559101565,"ballX":0.43457632468010954,"ballY":0.7641433665232165}
