{"leftPaddleY":0.538592795790166,"rightPaddleY":0.7347440332490636,"ballX":0.7667103683282093,"ballY":0.7819299878344352}
