{"leftPaddleY":0.4919447731739367,"rightPaddleY":0.8162174819779094,"ballX":0.9167272043826662,"ballY":0.19621156817206536}
