{"leftPaddleY":0.8356679366783507,"rightPaddleY":0.24929220611272274,"ballX":0.10982381647310592,"ballY":0.47815572810745466}
