{"leftPaddleY":0.5612589438378965,"rightPaddleY":0.6674010589158066,"ballX":0.8922952223862216,"ballY":0.8039030200768429}
