{"leftPaddleY":0.011618489990926302,"rightPaddleY":0.7547352212245112,"ballX":0.9602677739322518,"ballY":0.9562522898686159}
