{"leftPaddleY":0.026495333288434397,"rightPaddleY":0.008514969575949452,"ballX":0.8685352654897583,"ballY":0.7624809424356382}
