{"leftPaddleY":0.4617661467032694,"rightPaddleY":0.6187337371584717,"ballX":0.24297220560233412,"ballY":0.33235749285360017}
