{"leftPaddleY":0.8884292851156013,"rightPaddleY":0.040820254888580515,"ballX":0.07768871159861811,"ballY":0.29225238698128514}
