{"leftPaddleY":0.5422024746474426,"rightPaddleY":0.31737108456267793,"ballX":0.5380320969790252,"ballY":0.4697084159314125}
