{"leftPaddleY":0.886845350483131,"rightPaddleY":0.9610763221749347,"ballX":0.5653797562596574,"ballY":0.7156997508815345}
