{"leftPaddleY":0.04492860007970323,"rightPaddleY":0.07187736965713534,"ballX":0.7830978046670612,"ballY":0.19992366259979524}
