{"leftPaddleY":0.7064847988352043,"rightPaddleY":0.5580303652553252,"ballX":0.514668007292411,"ballY":0.3592235270130386}
