{"leftPaddleY":0.5292072738714929,"rightPaddleY":0.9693080038035907,"ballX":0.034043177823156766,"ballY":0.03746042724173312}
