{"leftPaddleY":0.12071103453967748,"rightPaddleY":0.6225236418351071,"ballX":0.7230315864819198,"ballY":0.9374311262193166}
