{"leftPaddleY":0.06341902055880212,"rightPaddleY":0.9409006227747548,"ballX":0.28053580679456713,"ballY":0.3254343719959013}
