{"leftPaddleY":0.5246850150468862,"rightPaddleY":0.30111325869768846,"ballX":0.046705990844616366,"ballY":0.6288698891801988}
