{"leftPaddleY":0.3321502280856061,"rightPaddleY":0.9151328456902237,"ballX":0.21603227594925387,"ballY":0.44217665249080523}
