{"leftPaddleY":0.03044391010749882,"rightPaddleY":0.1187239131695279,"ballX":0.335163875492599,"ballY":0.1447639677922304}
