{"leftPaddleY":0.36187471793813286,"rightPaddleY":0.6864436496311622,"ballX":0.24197995419786425,"ballY":0.777491883276887}
