{"leftPaddleY":0.6381627147096868,"rightPaddleY":0.751816064493625,"ballX":0.6330049589605026,"ballY":0.6732934135791832}
