{"leftPaddleY":0.48919162285761475,"rightPaddleY":0.3683847502309761,"ballX":0.540236239446689,"ballY":0.4974378251484709}
