{"leftPaddleY":0.7720634982112446,"rightPaddleY":0.510618485105793,"ballX":0.6037737774891209,"ballY":0.27371160598431954}
