{"leftPaddleY":0.7759993824292671,"rightPaddleY":0.4952275240443552,"ballX":0.46978166464915916,"ballY":0.49372657706615775}
