{"leftPaddleY":0.47461324850633435,"rightPaddleY":0.5777628959008169,"ballX":0.6296553450789347,"ballY":0.7721681661536929}
