{"leftPaddleY":0.16133209512009833,"rightPaddleY":0.6326729941852065,"ballX":0.7309742941642775,"ballY":0.15503531825949987}
