{"leftPaddleY":0.5800257139858178,"rightPaddleY":0.48565042405801456,"ballX":0.05862625435320945,"ballY":0.057752221626916664}
