{"leftPaddleY":0.03411220029873191,"rightPaddleY":0.7247644662141091,"ballX":0.8257261270160228,"ballY":0.12984580385998132}
