{"leftPaddleY":0.39438510239158064,"rightPaddleY":0.056002712204881545,"ballX":0.209450746540288,"ballY":0.8173726438183806}
