{"leftPaddleY":0.8219936590129865,"rightPaddleY":0.2357015001183877,"ballX":0.9355550424997657,"ballY":0.95446096485359}
