{"leftPaddleY":0.8337056514084524,"rightPaddleY":0.1611602993888193,"ballX":0.6040926846619272,"ballY":0.8228508580286015}
