{"leftPaddleY":0.10053039705544181,"rightPaddleY":0.462440817742925,"ballX":0.6031874688077561,"ballY":0.8187370957156657}
