{"leftPaddleY":0.3579430185559739,"rightPaddleY":0.47348340808968586,"ballX":0.9026870264580885,"ballY":0.9776181138994536}
