{"leftPaddleY":0.6955373580823416,"rightPaddleY":0.9129709392044749,"ballX":0.15877255713587785,"ballY":0.9894847074976404}
