{"leftPaddleY":0.9393020170520582,"rightPaddleY":0.20225285895027156,"ballX":0.4706511460494139,"ballY":0.16570528746841687}
