{"leftPaddleY":0.8013374937439313,"rightPaddleY":0.7907477281780437,"ballX":0.1817799369780135,"ballY":0.12684166750425133}
