{"leftPaddleY":0.9445066796651247,"rightPaddleY":0.3850378410822983,"ballX":0.9552037425259085,"ballY":0.540605869871245}
