{"leftPaddleY":0.5484181634847342,"rightPaddleY":0.46169833733711735,"ballX":0.34658874227194914,"ballY":0.15342946761417223}
