{"leftPaddleY":0.6530133910179337,"rightPaddleY":0.6650461015030262,"ballX":0.5276947899550061,"ballY":0.11945551538071965}
