{"leftPaddleY":0.5417856182171452,"rightPaddleY":0.8028822587910304,"ballX":0.5315087719736481,"ballY":0.937198539558236}
