{"leftPaddleY":0.46265103442182665,"rightPaddleY":0.0823182941377324,"ballX":0.638067192635194,"ballY":0.8953582235609524}
