{"leftPaddleY":0.4597151916349823,"rightPaddleY":0.16421565289974807,"ballX":0.47283343703797687,"ballY":0.7275091704537457}
