{"leftPaddleY":0.9833364317126456,"rightPaddleY":0.7982235222241648,"ballX":0.03263127490489745,"ballY":0.6240830582967374}
