{"leftPaddleY":0.060552699411192644,"rightPaddleY":0.518176666001463,"ballX":0.39922886575601063,"ballY":0.037151252233617926}
