{"leftPaddleY":0.5618605563129948,"rightPaddleY":0.46575843355686364,"ballX":0.27162016009976125,"ballY":0.18056363398671457}
