{"leftPaddleY":0.7960637284538451,"rightPaddleY":0.18072900128098507,"ballX":0.9683575639056811,"ballY":0.781030044013293}
