{"leftPaddleY":0.04407154785177427,"rightPaddleY":0.1926086528633088,"ballX":0.8358986050692739,"ballY":0.3827993354017812}
