{"leftPaddleY":0.5961536053366148,"rightPaddleY":0.48700553455444423,"ballX":0.2804797283127176,"ballY":0.6532265347251214}
