{"leftPaddleY":0.0802012087384504,"rightPaddleY":0.9614025732957373,"ballX":0.2666781467922782,"ballY":0.2585296516866834}
