{"leftPaddleY":0.49618256107438613,"rightPaddleY":0.6514745220850214,"ballX":0.780282497016265,"ballY":0.7871629924923407}
