{"leftPaddleY":0.6450772061281466,"rightPaddleY":0.11483135797300116,"ballX":0.44799511503363354,"ballY":0.8965584033382655}
