{"leftPaddleY":0.43803374447187127,"rightPaddleY":0.1483540366874629,"ballX":0.8554866349523856,"ballY":0.8633818778596639}
