{"leftPaddleY":0.40001193407786445,"rightPaddleY":0.450666664148642,"ballX":0.7088417418551055,"ballY":0.3457512199401546}
