{"leftPaddleY":0.04670795909600995,"rightPaddleY":0.370653147847613,"ballX":0.728268133102015,"ballY":0.5994893387106018}
