{"leftPaddleY":0.841032242808201,"rightPaddleY":0.8904549046332668,"ballX":0.0920813854046735,"ballY":0.031263638978036794}
