{"leftPaddleY":0.5260176833396333,"rightPaddleY":0.19120290936544368,"ballX":0.1473413961201924,"ballY":0.9350585546958996}
