{"leftPaddleY":0.6297299752039632,"rightPaddleY":0.16147023665482219,"ballX":0.053599898698892964,"ballY":0.6664501408531845}
