{"leftPaddleY":0.19092825807675012,"rightPaddleY":0.20702892978909698,"ballX":0.5058297073134234,"ballY":0.9705640152237274}
