{"leftPaddleY":0.7050194572951383,"rightPaddleY":0.06432687999991163,"ballX":0.9977782550877731,"ballY":0.6700465602914017}
