{"leftPaddleY":0.9814814833701566,"rightPaddleY":0.10448095285775459,"ballX":0.1750155860523278,"ballY":0.5581267067446531}
