{"leftPaddleY":0.3169115657033714,"rightPaddleY":0.04097736198105235,"ballX":0.45404671734870644,"ballY":0.04529390279788266}
