{"leftPaddleY":0.40792166630719606,"rightPaddleY":0.43372578109237714,"ballX":0.35764184999901716,"ballY":0.5467695765436856}
