{"leftPaddleY":0.4167706956638677,"rightPaddleY":0.3379059325370065,"ballX":0.30678074655838555,"ballY":0.7140231505311846}
