{"leftPaddleY":0.3478123253404561,"rightPaddleY":0.4412120963548655,"ballX":0.009984705005647604,"ballY":0.9030512926527418}
