{"leftPaddleY":0.47670732740677785,"rightPaddleY":0.2205266822521122,"ballX":0.3343366221621269,"ballY":0.7247872095668509}
