{"leftPaddleY":0.8036756364931453,"rightPaddleY":0.3014270508144702,"ballX":0.12310575811933015,"ballY":0.791869692861412}
