{"leftPaddleY":0.22862289557853965,"rightPaddleY":0.10317160824200046,"ballX":0.3379721471645557,"ballY":0.08958563363570349}
