{"leftPaddleY":0.7893187106197855,"rightPaddleY":0.32767648352481626,"ballX":0.2116214158432023,"ballY":0.916514043165222}
