{"leftPaddleY":0.4020532146714284,"rightPaddleY":0.21629715460988974,"ballX":0.9181391543732617,"ballY":0.2557964671558031}
