{"leftPaddleY":0.9073373350043324,"rightPaddleY":0.41462738495526014,"ballX":0.8861730996653856,"ballY":0.12426807140401801}
