{"leftPaddleY":0.31256525164411264,"rightPaddleY":0.7086466279316787,"ballX":0.3859829761154258,"ballY":0.8432278176637718}
