{"leftPaddleY":0.22971849781325715,"rightPaddleY":0.20903094095203736,"ballX":0.4285945153060229,"ballY":0.19687171525876446}
