{"leftPaddleY":0.34356478370486193,"rightPaddleY":0.8351407089765049,"ballX":0.7384111813304203,"ballY":0.12304086766837474}
