{"leftPaddleY":0.26124754907107745,"rightPaddleY":0.7497507932730568,"ballX":0.5265457464364399,"ballY":0.18313121453305348}
