{"leftPaddleY":0.209478544665549,"rightPaddleY":0.18683386327680948,"ballX":0.9023518523544131,"ballY":0.33473048115705917}
