{"leftPaddleY":0.6840630607923538,"rightPaddleY":0.6159768548477624,"ballX":0.8577743571859078,"ballY":0.2080597052446827}
