{"leftPaddleY":0.9947157301702947,"rightPaddleY":0.5979706218967924,"ballX":0.022585697486029347,"ballY":0.8764098858615557}
