{"leftPaddleY":0.13017435000460004,"rightPaddleY":0.5079455955240626,"ballX":0.7763209332348238,"ballY":0.5523338758893961}
