{"leftPaddleY":0.21185340532828487,"rightPaddleY":0.9261813875295034,"ballX":0.5117522029744,"ballY":0.3196537161018437}
