{"leftPaddleY":0.9357193855434132,"rightPaddleY":0.7343514442477543,"ballX":0.46601797119858285,"ballY":0.35767091581109334}
