{"leftPaddleY":0.9871986200124543,"rightPaddleY":0.20046903357902404,"ballX":0.22534023261673994,"ballY":0.6377893579875513}
