{"leftPaddleY":0.9444981509741011,"rightPaddleY":0.1545285604182137,"ballX":0.6018797361756186,"ballY":0.30730490565673024}
