{"leftPaddleY":0.46935662264639016,"rightPaddleY":0.3280553114425774,"ballX":0.13981656588142485,"ballY":0.1746939440414061}
