{"leftPaddleY":0.43955353332152525,"rightPaddleY":0.8567122021578273,"ballX":0.39080554754692676,"ballY":0.5815241406057421}
