{"leftPaddleY":0.6665467065878934,"rightPaddleY":0.17287377801597445,"ballX":0.5490372956064303,"ballY":0.3573688831095544}
