{"leftPaddleY":0.6286713998028821,"rightPaddleY":0.8482508375300136,"ballX":0.3203974139383311,"ballY":0.13342415221599466}
