{"leftPaddleY":0.856131248132892,"rightPaddleY":0.030488781662183186,"ballX":0.5098156231107365,"ballY":0.14032274536152262}
