{"leftPaddleY":0.7582284338869251,"rightPaddleY":0.7667236231298324,"ballX":0.6082417635143386,"ballY":0.5360196761470282}
