{"leftPaddleY":0.06987124361429577,"rightPaddleY":0.8117360665953166,"ballX":0.5011165032648445,"ballY":0.32817499322226396}
