{"leftPaddleY":0.5569943127509825,"rightPaddleY":0.1988524362894813,"ballX":0.6707418814767705,"ballY":0.7448203186904779}
