{"leftPaddleY":0.19368734522682776,"rightPaddleY":0.42159717120202217,"ballX":0.26181382369652506,"ballY":0.513593890106811}
