{"leftPaddleY":0.8331833406704684,"rightPaddleY":0.2732580811882773,"ballX":0.6632879250236693,"ballY":0.602279344744549}
