{"leftPaddleY":0.9393199018132089,"rightPaddleY":0.3420426572656178,"ballX":0.259321776530752,"ballY":0.9621063326112647}
