{"leftPaddleY":0.14705277639277178,"rightPaddleY":0.9158906571026763,"ballX":0.7383284566751324,"ballY":0.8032938870906232}
