{"leftPaddleY":0.15931340407538394,"rightPaddleY":0.5884151347776412,"ballX":0.5640868114119948,"ballY":0.45699953858672565}
