{"leftPaddleY":0.3836061868362752,"rightPaddleY":0.5595726978199631,"ballX":0.40262228442520703,"ballY":0.5416099211297613}
