{"leftPaddleY":0.6676978872269738,"rightPaddleY":0.9898760827578598,"ballX":0.006270317413086944,"ballY":0.3034966868021108}
