{"leftPaddleY":0.2772216947306317,"rightPaddleY":0.937913614336286,"ballX":0.986095125387184,"ballY":0.9780318231360514}
