{"leftPaddleY":0.8889414717195606,"rightPaddleY":0.13387495500287266,"ballX":0.2576641819115704,"ballY":0.8915458098609524}
