{"leftPaddleY":0.2462618691671763,"rightPaddleY":0.16692464634407927,"ballX":0.9261809304383607,"ballY":0.315604564137528}
