{"leftPaddleY":0.5001701804510504,"rightPaddleY":0.6460216717208415,"ballX":0.9537481337818626,"ballY":0.8393153193480944}
