{"leftPaddleY":0.3151728186990302,"rightPaddleY":0.9738087670735198,"ballX":0.6419251462903145,"ballY":0.7483352951995476}
