{"leftPaddleY":0.7752428764515846,"rightPaddleY":0.3067267355807009,"ballX":0.4884119082991125,"ballY":0.6843559131959311}
