{"leftPaddleY":0.5397156974933656,"rightPaddleY":0.3339804893257845,"ballX":0.29387687199601975,"ballY":0.7824400479786043}
