{"leftPaddleY":0.3648296580129375,"rightPaddleY":0.15882197482751684,"ballX":0.9466106662931117,"ballY":0.025367280003996236}
