{"leftPaddleY":0.02390160767639294,"rightPaddleY":0.2585838772976529,"ballX":0.11489655819112722,"ballY":0.8176973925049569}
