{"leftPaddleY":0.8296752885923913,"rightPaddleY":0.5686204619897731,"ballX":0.5463621984136472,"ballY":0.43003876442669625}
