{"leftPaddleY":0.6849870100537578,"rightPaddleY":0.6576753279969255,"ballX":0.8918398975906059,"ballY":0.3323568985971805}
