{"leftPaddleY":0.5446330231217387,"rightPaddleY":0.1287195299948141,"ballX":0.8726928892738949,"ballY":0.09010581391619708}
