{"leftPaddleY":0.027152778246934,"rightPaddleY":0.5797487481762689,"ballX":0.1892563915329019,"ballY":0.08432379062954004}
