{"leftPaddleY":0.4658305514932166,"rightPaddleY":0.43685338232006465,"ballX":0.9802703360640148,"ballY":0.5320134773286277}
