{"leftPaddleY":0.8490343729209768,"rightPaddleY":0.3173616168689233,"ballX":0.38889027681984334,"ballY":0.8805945463091962}
