{"leftPaddleY":0.9090171319652435,"rightPaddleY":0.5575953738214263,"ballX":0.9696625836684665,"ballY":0.9069123722189062}
