{"leftPaddleY":0.6460149068821658,"rightPaddleY":0.12399607998329258,"ballX":0.3547359209593885,"ballY":0.13965263824921018}
