{"leftPaddleY":0.4881150616603081,"rightPaddleY":0.5800696520004321,"ballX":0.06430583124960161,"ballY":0.4755801079256978}
