{"leftPaddleY":0.5962777493513122,"rightPaddleY":0.3777870782429833,"ballX":0.03837684704010567,"ballY":0.8942423862915513}
