{"leftPaddleY":0.7532840052037859,"rightPaddleY":0.23401604423898176,"ballX":0.07830885034300313,"ballY":0.01591656838343812}
