{"leftPaddleY":0.5554585178652967,"rightPaddleY":0.4790593256872972,"ballX":0.735442861128871,"ballY":0.03896416884557753}
