{"leftPaddleY":0.7944230219669274,"rightPaddleY":0.9501347893658278,"ballX":0.7212140921411667,"ballY":0.9600557830067918}
