{"leftPaddleY":0.04592831403063244,"rightPaddleY":0.8171598453920275,"ballX":0.047488487877757175,"ballY":0.5060684189082478}
