{"leftPaddleY":0.1393741019097852,"rightPaddleY":0.6866742353211261,"ballX":0.5474486805368337,"ballY":0.24433951842391904}
