{"leftPaddleY":0.9780156338937983,"rightPaddleY":0.38019211874185127,"ballX":0.02151749260964183,"ballY":0.2305766391757781}
