{"leftPaddleY":0.060722394044802196,"rightPaddleY":0.9205473663837045,"ballX":0.988444842102449,"ballY":0.48501078617125076}
