{"leftPaddleY":0.5010250329626675,"rightPaddleY":0.5795443471856668,"ballX":0.054544619290517245,"ballY":0.9712470065985191}
