{"leftPaddleY":0.17996150191412064,"rightPaddleY":0.983816101272868,"ballX":0.7450303304636441,"ballY":0.8334641990554007}
