{"leftPaddleY":0.16350125228695983,"rightPaddleY":0.3024480388103768,"ballX":0.7337650262104001,"ballY":0.16061453134744616}
