{"leftPaddleY":0.8291403239290535,"rightPaddleY":0.17799525794002335,"ballX":0.7031631010371396,"ballY":0.3715001199650249}
