{"leftPaddleY":0.4108883803571399,"rightPaddleY":0.6571538630898763,"ballX":0.2677258945526758,"ballY":0.2848480481565268}
