{"leftPaddleY":0.7763958150413541,"rightPaddleY":0.034613693324855165,"ballX":0.049050287686886324,"ballY":0.4856920978425842}
