{"leftPaddleY":0.5414649965058552,"rightPaddleY":0.7628021929876686,"ballX":0.1308161281082199,"ballY":0.5273825314595513}
