{"leftPaddleY":0.6513133757978703,"rightPaddleY":0.3293412522291002,"ballX":0.14763072772760247,"ballY":0.714421550567545}
