{"leftPaddleY":0.6888275351250118,"rightPaddleY":0.34494077193210576,"ballX":0.23099419580408215,"ballY":0.11647271895194483}
