{"leftPaddleY":0.8063981451044994,"rightPaddleY":0.015551317902840088,"ballX":0.7980802784250223,"ballY":0.910443253118526}
