{"leftPaddleY":0.9266402260863138,"rightPaddleY":0.015014319977582232,"ballX":0.7323159306664935,"ballY":0.8907201983503117}
