{"leftPaddleY":0.4959536594629756,"rightPaddleY":0.46824892324264095,"ballX":0.6784041357647342,"ballY":0.6709387754792421}
