{"leftPaddleY":0.8293283583004627,"rightPaddleY":0.7487364214675377,"ballX":0.737251754391759,"ballY":0.22410762349162733}
