{"leftPaddleY":0.6331843011160422,"rightPaddleY":0.9951792133540034,"ballX":0.09047397166601205,"ballY":0.9901552735772605}
