{"leftPaddleY":0.32319794347108677,"rightPaddleY":0.2135940386185203,"ballX":0.40732018291276356,"ballY":0.12558725574763155}
