{"leftPaddleY":0.7809148602967431,"rightPaddleY":0.10696253400513045,"ballX":0.9255923808742268,"ballY":0.6602582157918838}
