{"leftPaddleY":0.6130146778685098,"rightPaddleY":0.8851195013562517,"ballX":0.6195545217324094,"ballY":0.48086348664213696}
