{"leftPaddleY":0.6019760645692347,"rightPaddleY":0.0665036237794865,"ballX":0.04646330220579756,"ballY":0.8318464123254744}
