{"leftPaddleY":0.7295641510447296,"rightPaddleY":0.509808699020559,"ballX":0.027202670208450304,"ballY":0.557219153817376}
