{"leftPaddleY":0.07477615113152851,"rightPaddleY":0.9333615366859289,"ballX":0.6825716668536184,"ballY":0.4217174338970228}
