{"leftPaddleY":0.9688951667420582,"rightPaddleY":0.776729152339934,"ballX":0.003910203613670623,"ballY":0.25285584171534875}
