{"leftPaddleY":0.41238619989847275,"rightPaddleY":0.8684217729310052,"ballX":0.5643558597545513,"ballY":0.33404795953102984}
