{"leftPaddleY":0.0633164298110843,"rightPaddleY":0.9379304082052368,"ballX":0.23298569400275368,"ballY":0.9229200504617684}
