{"leftPaddleY":0.5732412341941504,"rightPaddleY":0.6887574891926986,"ballX":0.6398921597001989,"ballY":0.10966465719475739}
