{"leftPaddleY":0.12047443832540326,"rightPaddleY":0.9547874584874558,"ballX":0.34801331331290913,"ballY":0.6777043369094529}
