{"leftPaddleY":0.7555554793334855,"rightPaddleY":0.8869780594124954,"ballX":0.9308980858929669,"ballY":0.07937438293569056}
