{"leftPaddleY":0.1581634327406566,"rightPaddleY":0.4681461658983486,"ballX":0.3050733872628346,"ballY":0.5034510563999627}
