{"leftPaddleY":0.22900490833471435,"rightPaddleY":0.36615492580102343,"ballX":0.0014439738203395266,"ballY":0.13745372451071647}
