{"leftPaddleY":0.8916014883703743,"rightPaddleY":0.7752771960343435,"ballX":0.47445649407572515,"ballY":0.5495493975459204}
