{"leftPaddleY":0.8416045001379158,"rightPaddleY":0.36981807395052435,"ballX":0.42271641217336897,"ballY":0.4981258233343827}
