{"leftPaddleY":0.6411722665650263,"rightPaddleY":0.21567616929647032,"ballX":0.9813945757879347,"ballY":0.6297666729800036}
