{"leftPaddleY":0.04119203215500199,"rightPaddleY":0.2755860690315029,"ballX":0.2148461374618602,"ballY":0.7430795401160549}
