{"leftPaddleY":0.047661526606511025,"rightPaddleY":0.14981886846703243,"ballX":0.27887729646643805,"ballY":0.4370053373151573}
