{"leftPaddleY":0.18950100070689294,"rightPaddleY":0.8876244420862112,"ballX":0.3750258450323828,"ballY":0.5538486352305501}
