{"leftPaddleY":0.7842708778686167,"rightPaddleY":0.4939067337857018,"ballX":0.8337859462567601,"ballY":0.5103646097672729}
