{"leftPaddleY":0.05845031196291015,"rightPaddleY":0.4948769530382889,"ballX":0.24432138688475466,"ballY":0.03545668333259459}
