{"leftPaddleY":0.11698997488903595,"rightPaddleY":0.17822089757300785,"ballX":0.0212912418124789,"ballY":0.22115092612473505}
