{"leftPaddleY":0.3727237323423371,"rightPaddleY":0.8426608525499932,"ballX":0.7060838247492564,"ballY":0.09156187230232699}
