{"leftPaddleY":0.2644097016839756,"rightPaddleY":0.14851983814682604,"ballX":0.3644409338963091,"ballY":0.9548010715176606}
