{"leftPaddleY":0.30241706751829783,"rightPaddleY":0.33769193648583135,"ballX":0.5853910705965509,"ballY":0.3034054285945226}
