{"leftPaddleY":0.4173303776739896,"rightPaddleY":0.5166191754843464,"ballX":0.22095875488392594,"ballY":0.7739540164281502}
