{"leftPaddleY":0.3257227216703966,"rightPaddleY":0.5878382870673207,"ballX":0.9403211960300216,"ballY":0.5381186308228996}
