{"leftPaddleY":0.1772723545915899,"rightPaddleY":0.24197393338674575,"ballX":0.21935126113141723,"ballY":0.652262089836107}
