{"leftPaddleY":0.6385878350651483,"rightPaddleY":0.9587346760463445,"ballX":0.2876585213398895,"ballY":0.6750159407297066}
