{"leftPaddleY":0.15005723287663952,"rightPaddleY":0.9907096433701056,"ballX":0.5314802482210583,"ballY":0.8292763887450592}
