{"leftPaddleY":0.6667483120420814,"rightPaddleY":0.5060364315493244,"ballX":0.354476638505658,"ballY":0.5253900304724297}
