{"leftPaddleY":0.9032589546181242,"rightPaddleY":0.6189762602252424,"ballX":0.729121607982956,"ballY":0.21212274839363437}
