{"leftPaddleY":0.869663865981232,"rightPaddleY":0.39183459239363905,"ballX":0.1566612952546717,"ballY":0.3560721718292937}
