{"leftPaddleY":0.8034168965043846,"rightPaddleY":0.7910426775896354,"ballX":0.10151547199530254,"ballY":0.7793461095825008}
