{"leftPaddleY":0.048227966386075044,"rightPaddleY":0.35289888719049445,"ballX":0.2975996322103251,"ballY":0.6520362100003227}
