{"leftPaddleY":0.29684603591046177,"rightPaddleY":0.9829430845260305,"ballX":0.10706551255304653,"ballY":0.6480548870650822}
