{"leftPaddleY":0.8596218022857622,"rightPaddleY":0.9847653731509954,"ballX":0.29809800626708854,"ballY":0.43108080080558386}
