{"leftPaddleY":0.8807278845488854,"rightPaddleY":0.2506251613116714,"ballX":0.3436712822530008,"ballY":0.17132358011471388}
