{"leftPaddleY":0.3848817623319723,"rightPaddleY":0.4998376096928354,"ballX":0.27552516368664604,"ballY":0.5855177358152112}
