{"leftPaddleY":0.43296249533255554,"rightPaddleY":0.4204742790164402,"ballX":0.566897449295436,"ballY":0.6175800499458557}
