{"leftPaddleY":0.969370511196846,"rightPaddleY":0.9266865553104405,"ballX":0.45351127196365826,"ballY":0.4315064071637669}
