{"leftPaddleY":0.6504639633299395,"rightPaddleY":0.7431085052463372,"ballX":0.5569681697973653,"ballY":0.898323211512932}
