{"leftPaddleY":0.5869758534753229,"rightPaddleY":0.7754547696820485,"ballX":0.5958028289265954,"ballY":0.3147441438703443}
