{"leftPaddleY":0.09524555652183858,"rightPaddleY":0.45091824204984604,"ballX":0.5957722669437416,"ballY":0.8814571709172725}
