{"leftPaddleY":0.49875432284624693,"rightPaddleY":0.5274571442801298,"ballX":0.9899954225198222,"ballY":0.8701898525884738}
