{"leftPaddleY":0.5843133521222932,"rightPaddleY":0.4296041303592213,"ballX":0.8577374336483611,"ballY":0.9488905986552869}
