{"leftPaddleY":0.4926194680816491,"rightPaddleY":0.42691593791325194,"ballX":0.06928386835114018,"ballY":0.31818119440088594}
