{"leftPaddleY":0.9001556207295792,"rightPaddleY":0.8109850333958337,"ballX":0.04579003584268585,"ballY":0.10240412738666362}
