{"leftPaddleY":0.5248585072588847,"rightPaddleY":0.004273922507117728,"ballX":0.5065245175880326,"ballY":0.6718793387711895}
