{"leftPaddleY":0.40350311484324736,"rightPaddleY":0.6395495418499532,"ballX":0.4944285133765862,"ballY":0.6105254587235164}
