{"leftPaddleY":0.22348867648490725,"rightPaddleY":0.7659708083679257,"ballX":0.20536550927161243,"ballY":0.5523193094868376}
