{"leftPaddleY":0.13056349589982025,"rightPaddleY":0.6335216665922399,"ballX":0.49009390210169496,"ballY":0.2603789707045257}
