{"leftPaddleY":0.7550388433628027,"rightPaddleY":0.19374496282047685,"ballX":0.562886185954216,"ballY":0.5369120006104037}
