{"leftPaddleY":0.11317319268584719,"rightPaddleY":0.20656158605466166,"ballX":0.48076970051814577,"ballY":0.04036509147492939}
