{"leftPaddleY":0.7536873403404648,"rightPaddleY":0.14500747466369227,"ballX":0.4927139891873099,"ballY":0.5636869712198287}
