{"leftPaddleY":0.8497572908429457,"rightPaddleY":0.6708584063783763,"ballX":0.29770760118278206,"ballY":0.6790081425662006}
