{"leftPaddleY":0.000529464374794891,"rightPaddleY":0.32958230089347684,"ballX":0.9297543549014736,"ballY":0.5059942980045415}
