{"leftPaddleY":0.056292841425193085,"rightPaddleY":0.19629088263686023,"ballX":0.38073162674450106,"ballY":0.16800413121037489}
