{"leftPaddleY":0.058248367066000305,"rightPaddleY":0.22266862235396975,"ballX":0.1658229008202755,"ballY":0.7481130220722534}
