{"leftPaddleY":0.9408244185297987,"rightPaddleY":0.5311690570494441,"ballX":0.774711817215772,"ballY":0.9576726019726303}
