{"leftPaddleY":0.2990259098676157,"rightPaddleY":0.3243261595121801,"ballX":0.9351176296982348,"ballY":0.4660304836181974}
