{"leftPaddleY":0.39072765265179227,"rightPaddleY":0.37808104449021973,"ballX":0.09824089559763294,"ballY":0.14750508828138073}
