{"leftPaddleY":0.400038999047141,"rightPaddleY":0.16620432260196852,"ballX":0.604612033591748,"ballY":0.9506578035166849}
