{"leftPaddleY":0.46739965756357377,"rightPaddleY":0.8544579424345092,"ballX":0.522116659564588,"ballY":0.5733223794358973}
