{"leftPaddleY":0.17692215975719408,"rightPaddleY":0.02735444960392964,"ballX":0.25964972104161477,"ballY":0.4932698285171703}
