{"leftPaddleY":0.01901074519761972,"rightPaddleY":0.15302701204922042,"ballX":0.18960052080663706,"ballY":0.6867918703288257}
