{"leftPaddleY":0.4702967732098343,"rightPaddleY":0.9313995650387019,"ballX":0.9115747383552552,"ballY":0.7008847189456123}
