{"leftPaddleY":0.3596786748008924,"rightPaddleY":0.01212624924527764,"ballX":0.7457947239976643,"ballY":0.9648830526537476}
