{"leftPaddleY":0.07158154590994645,"rightPaddleY":0.08232575107190851,"ballX":0.8518502847103495,"ballY":0.09076558360645508}
