{"leftPaddleY":0.831944616425555,"rightPaddleY":0.09415614275609159,"ballX":0.5235763844731639,"ballY":0.48652386489409494}
