{"leftPaddleY":0.5305311707521576,"rightPaddleY":0.5643859143051762,"ballX":0.8039708568951925,"ballY":0.10399891539777684}
