{"leftPaddleY":0.16109526171507071,"rightPaddleY":0.8352718636920888,"ballX":0.7887624266946845,"ballY":0.31859892053262556}
