{"leftPaddleY":0.23825076193500416,"rightPaddleY":0.35660451307412316,"ballX":0.7408552669620623,"ballY":0.3900340342193695}
