{"leftPaddleY":0.6810759371070916,"rightPaddleY":0.3307688929430254,"ballX":0.5269871594816848,"ballY":0.09342021585507479}
