{"leftPaddleY":0.33017468880637146,"rightPaddleY":0.28121442105383077,"ballX":0.6645333253773388,"ballY":0.24150470655634532}
