{"leftPaddleY":0.42330784110996167,"rightPaddleY":0.5545623679811963,"ballX":0.30515750530537816,"ballY":0.674328307465552}
