{"leftPaddleY":0.025287391266713578,"rightPaddleY":0.6070591305956264,"ballX":0.4240408248780229,"ballY":0.028312111185859374}
