{"leftPaddleY":0.5408136053652385,"rightPaddleY":0.192813225953592,"ballX":0.293338065431001,"ballY":0.8928308206592759}
