{"leftPaddleY":0.09301602175503834,"rightPaddleY":0.19689619570128,"ballX":0.5936952188914056,"ballY":0.2600596840575619}
