{"leftPaddleY":0.21965124259977542,"rightPaddleY":0.5386396900844462,"ballX":0.19041129506804508,"ballY":0.017320233154628818}
