{"leftPaddleY":0.3971100353630005,"rightPaddleY":0.6785434239644861,"ballX":0.14889572528470651,"ballY":0.679690183565757}
