{"leftPaddleY":0.46449258011276334,"rightPaddleY":0.5661206159631027,"ballX":0.582321590213381,"ballY":0.3737855153786542}
