{"leftPaddleY":0.6856300109900054,"rightPaddleY":0.9553353121586389,"ballX":0.7495143677201507,"ballY":0.9707503397804483}
