{"leftPaddleY":0.8409960608440864,"rightPaddleY":0.43170411185058566,"ballX":0.9320277131722852,"ballY":0.5101951358307534}
