{"leftPaddleY":0.7650737125476683,"rightPaddleY":0.4545477363441283,"ballX":0.09238982801466863,"ballY":0.5542146072560415}
