{"leftPaddleY":0.03175149467887512,"rightPaddleY":0.6062634032354463,"ballX":0.9582060250011669,"ballY":0.20364087506958986}
