{"leftPaddleY":0.05389204528978102,"rightPaddleY":0.3207923119866228,"ballX":0.6287835229768707,"ballY":0.9647446082769026}
