{"leftPaddleY":0.14105916324703646,"rightPaddleY":0.6187627702878968,"ballX":0.7985531482371041,"ballY":0.28650144884797174}
