{"leftPaddleY":0.2196553876188305,"rightPaddleY":0.3968001726637222,"ballX":0.10273886456149546,"ballY":0.3499151987620397}
