{"leftPaddleY":0.2625573901708256,"rightPaddleY":0.1492742241253075,"ballX":0.2554139448816519,"ballY":0.6374375108523563}
