{"leftPaddleY":0.4129941712589828,"rightPaddleY":0.5650066007200051,"ballX":0.34684860629424663,"ballY":0.21603945003557534}
