{"leftPaddleY":0.07482830829910378,"rightPaddleY":0.25238073233417774,"ballX":0.810276051268891,"ballY":0.6804284502411762}
