{"leftPaddleY":0.8253812449634109,"rightPaddleY":0.8258421957828915,"ballX":0.36599248030095316,"ballY":0.26412742770467407}
