{"leftPaddleY":0.864239787876831,"rightPaddleY":0.1666084261304768,"ballX":0.1673589865004958,"ballY":0.11957087209325712}
