{"leftPaddleY":0.44273280646686314,"rightPaddleY":0.9525979011747561,"ballX":0.7718148007626449,"ballY":0.508188219124916}
