{"leftPaddleY":0.6029350990814857,"rightPaddleY":0.3094487675496478,"ballX":0.06683864861039851,"ballY":0.7213491224493118}
