{"leftPaddleY":0.7892271020731519,"rightPaddleY":0.4865681329253229,"ballX":0.34313662041685766,"ballY":0.4725452320348224}
