{"leftPaddleY":0.7924110408567565,"rightPaddleY":0.26109907084716544,"ballX":0.3852071841399199,"ballY":0.4343681853521083}
