{"leftPaddleY":0.42000354381959176,"rightPaddleY":0.4982929904941993,"ballX":0.5748907577560884,"ballY":0.6970469250448552}
