{"leftPaddleY":0.9732935166303547,"rightPaddleY":0.009047814617220465,"ballX":0.7656931153215584,"ballY":0.4469065590727905}
