{"leftPaddleY":0.6477044156111611,"rightPaddleY":0.9144000341388018,"ballX":0.9894272417460545,"ballY":0.5261545418979595}
