{"leftPaddleY":0.21957511107260283,"rightPaddleY":0.9419413647499583,"ballX":0.47840638566752636,"ballY":0.09878259682349427}
