{"leftPaddleY":0.659060281177611,"rightPaddleY":0.8404568459186815,"ballX":0.9990335087449053,"ballY":0.6091238110008674}
