{"leftPaddleY":0.5596698315479136,"rightPaddleY":0.9681524790444208,"ballX":0.9583242631658537,"ballY":0.9604483166666155}
