{"leftPaddleY":0.9990937766821008,"rightPaddleY":0.31025408232172275,"ballX":0.2693737561677855,"ballY":0.5724503617905853}
