{"leftPaddleY":0.3845035694220318,"rightPaddleY":0.08487856913647746,"ballX":0.27750537220958005,"ballY":0.30658933567956276}
