{"leftPaddleY":0.6630039293522226,"rightPaddleY":0.05052071961700454,"ballX":0.16080438370929856,"ballY":0.8736637906560566}
