{"leftPaddleY":0.2007882004362425,"rightPaddleY":0.42225314798131514,"ballX":0.12820517962950803,"ballY":0.8775569207283344}
