{"leftPaddleY":0.7694608232778435,"rightPaddleY":0.26527103433643,"ballX":0.06797834948466884,"ballY":0.0921364227041071}
