{"leftPaddleY":0.1549451029649834,"rightPaddleY":0.6982334767648547,"ballX":0.01082824197962909,"ballY":0.6158225818366332}
