{"leftPaddleY":0.7516359350539792,"rightPaddleY":0.30692731603302853,"ballX":0.062259407771440484,"ballY":0.18358736519101418}
