{"leftPaddleY":0.2733549140419361,"rightPaddleY":0.4604071826927095,"ballX":0.17185645431407284,"ballY":0.19280403086885922}
