{"leftPaddleY":0.13984356580810658,"rightPaddleY":0.6860775318955447,"ballX":0.965663185490611,"ballY":0.14736491551873473}
