{"leftPaddleY":0.8525551050652789,"rightPaddleY":0.5066816019323114,"ballX":0.5867540405297855,"ballY":0.5027645028103068}
