{"leftPaddleY":0.366193384867158,"rightPaddleY":0.9375225165678911,"ballX":0.5155470312850782,"ballY":0.9492457546858886}
