{"leftPaddleY":0.44878179142329,"rightPaddleY":0.035528779368068135,"ballX":0.2719703778436636,"ballY":0.49746944971912305}
