{"leftPaddleY":0.1301345371101581,"rightPaddleY":0.9434101064547744,"ballX":0.7790963589048163,"ballY":0.21591437018341483}
