{"leftPaddleY":0.19787604447442134,"rightPaddleY":0.09777994382238908,"ballX":0.4777112285881217,"ballY":0.3559513106272496}
