{"leftPaddleY":0.43435341747492584,"rightPaddleY":0.18487660045095,"ballX":0.8891644312887731,"ballY":0.2505538012943557}
