{"leftPaddleY":0.9791762237853915,"rightPaddleY":0.014625132937468324,"ballX":0.3365550326991571,"ballY":0.6523749273749562}
