{"leftPaddleY":0.5020113045229077,"rightPaddleY":0.4885639237172961,"ballX":0.1459577467811306,"ballY":0.20352582258432558}
