{"leftPaddleY":0.19042677298029567,"rightPaddleY":0.3634830240952172,"ballX":0.516556842344918,"ballY":0.9541450870103871}
