{"leftPaddleY":0.06984994610271698,"rightPaddleY":0.5539562026137498,"ballX":0.4904357364277094,"ballY":0.059906160786131694}
