{"leftPaddleY":0.9440691374389175,"rightPaddleY":0.41306608582069576,"ballX":0.011768364498028662,"ballY":0.4711427671408579}
