{"leftPaddleY":0.8136048051118699,"rightPaddleY":0.8684146078095478,"ballX":0.520392800648143,"ballY":0.6543273872532448}
