{"leftPaddleY":0.5921225379118286,"rightPaddleY":0.2063925351280107,"ballX":0.9840256972598674,"ballY":0.48698563650090343}
