{"leftPaddleY":0.8711949947887917,"rightPaddleY":0.9109722510745516,"ballX":0.34057571316361224,"ballY":0.881429047967464}
