{"leftPaddleY":0.427473621655956,"rightPaddleY":0.6888317712491027,"ballX":0.5971758197011678,"ballY":0.3523997423763268}
