{"leftPaddleY":0.7647591178241975,"rightPaddleY":0.856663771198326,"ballX":0.341484499344742,"ballY":0.44106441755790876}
