{"leftPaddleY":0.7516542887092299,"rightPaddleY":0.47471715529618747,"ballX":0.5870731837507881,"ballY":0.7835064472755654}
