{"leftPaddleY":0.997129099086518,"rightPaddleY":0.061617980849550474,"ballX":0.5445987915043944,"ballY":0.04007260364734062}
