{"leftPaddleY":0.458152520578751,"rightPaddleY":0.5356769512071984,"ballX":0.4514480756259955,"ballY":0.8496260683058924}
