{"leftPaddleY":0.9378735369289758,"rightPaddleY":0.16194294885617092,"ballX":0.8581585028487445,"ballY":0.15594128435260615}
