{"leftPaddleY":0.7623146648281661,"rightPaddleY":0.12001079538684654,"ballX":0.43806915799973134,"ballY":0.4206036388270448}
