{"leftPaddleY":0.69119434832517,"rightPaddleY":0.6626773046716601,"ballX":0.756953375581057,"ballY":0.8806058593571017}
