{"leftPaddleY":0.778471932719135,"rightPaddleY":0.5013497404841137,"ballX":0.7402242232071575,"ballY":0.3281864126715167}
