{"leftPaddleY":0.9054204324232056,"rightPaddleY":0.9634283585225946,"ballX":0.6753109861956114,"ballY":0.42064617015080763}
