{"leftPaddleY":0.6569507492091516,"rightPaddleY":0.13119122791631158,"ballX":0.0727176092601406,"ballY":0.9394169590440095}
