{"leftPaddleY":0.8657169121704613,"rightPaddleY":0.1523706988031143,"ballX":0.0029900003492233846,"ballY":0.3099940512132276}
