{"leftPaddleY":0.6034982715870504,"rightPaddleY":0.477575051616064,"ballX":0.21724588907780332,"ballY":0.7907369349377156}
