{"leftPaddleY":0.03396297050118431,"rightPaddleY":0.9915171215987862,"ballX":0.9907856882662451,"ballY":0.7931534988090391}
