{"leftPaddleY":0.55081001925802,"rightPaddleY":0.45532215333437626,"ballX":0.856950488053711,"ballY":0.44318954645073055}
