{"leftPaddleY":0.8636293898565515,"rightPaddleY":0.12832887857998557,"ballX":0.3096185912226664,"ballY":0.7764418402598128}
