{"leftPaddleY":0.146577342901638,"rightPaddleY":0.09516285822571897,"ballX":0.07562434042670453,"ballY":0.15625066479928873}
