{"leftPaddleY":0.30444948207505984,"rightPaddleY":0.3798642829368799,"ballX":0.3910754516813582,"ballY":0.12550688244536157}
