{"leftPaddleY":0.23570645710747792,"rightPaddleY":0.692237378741055,"ballX":0.9009601611462578,"ballY":0.8646073739398311}
