{"leftPaddleY":0.8714657058571232,"rightPaddleY":0.6888966788654032,"ballX":0.05665130079759429,"ballY":0.4689583139581286}
