{"leftPaddleY":0.9615791739389021,"rightPaddleY":0.9758940788739339,"ballX":0.2017275880519326,"ballY":0.9921967221130961}
