{"leftPaddleY":0.5549790825631304,"rightPaddleY":0.03449138921774406,"ballX":0.16571721408941692,"ballY":0.6354175316741919}
