{"leftPaddleY":0.6287419068266259,"rightPaddleY":0.7370645109341978,"ballX":0.16042199640624286,"ballY":0.5642544865314791}
