{"leftPaddleY":0.8113298258217704,"rightPaddleY":0.9687684590749935,"ballX":0.22971502063026641,"ballY":0.7200053132958186}
