{"leftPaddleY":0.49479159120129873,"rightPaddleY":0.9465398810148714,"ballX":0.742760542502468,"ballY":0.9663493197120057}
