{"leftPaddleY":0.3689763660214344,"rightPaddleY":0.3889435234723089,"ballX":0.03661154480584627,"ballY":0.8238407137130185}
