{"leftPaddleY":0.7032074200707081,"rightPaddleY":0.740162386146121,"ballX":0.13184367057774155,"ballY":0.33516680095053314}
