{"leftPaddleY":0.12925045874975452,"rightPaddleY":0.18015072249950356,"ballX":0.22356087595789034,"ballY":0.172998848406854}
