{"leftPaddleY":0.3772138927712633,"rightPaddleY":0.7053863819651872,"ballX":0.8169320745892917,"ballY":0.746886644408358}
