{"leftPaddleY":0.14705189010229158,"rightPaddleY":0.22473095852225344,"ballX":0.8752877464984351,"ballY":0.2872665706234799}
