{"leftPaddleY":0.21300650110289213,"rightPaddleY":0.31827001186253356,"ballX":0.30239576184418676,"ballY":0.3237389927391855}
