{"leftPaddleY":0.39932420866556484,"rightPaddleY":0.18279250656429682,"ballX":0.6655728700691471,"ballY":0.45524405607666046}
