{"leftPaddleY":0.94245059886665,"rightPaddleY":0.8943793089038657,"ballX":0.05223644585067739,"ballY":0.9526970036300716}
