{"leftPaddleY":0.6180527414743906,"rightPaddleY":0.27799097885438184,"ballX":0.8175792682724834,"ballY":0.06112689766456937}
