{"leftPaddleY":0.09743617632513667,"rightPaddleY":0.5210682680528494,"ballX":0.7369558652094031,"ballY":0.8964911252084266}
