{"leftPaddleY":0.47706082114994514,"rightPaddleY":0.45527059293974137,"ballX":0.4951433000378384,"ballY":0.23203085401294432}
