{"leftPaddleY":0.06478470925762653,"rightPaddleY":0.28345762316414397,"ballX":0.5301312190002812,"ballY":0.4044710718476848}
