{"leftPaddleY":0.34685591586326575,"rightPaddleY":0.2502614256943209,"ballX":0.8424035864068938,"ballY":0.45406134703028406}
