{"leftPaddleY":0.4935317364653738,"rightPaddleY":0.36955487449170354,"ballX":0.9628002582906193,"ballY":0.796535472734265}
