{"leftPaddleY":0.6557896641132596,"rightPaddleY":0.7946668529065228,"ballX":0.07916788015286692,"ballY":0.4935521305799548}
