{"leftPaddleY":0.11450626985729495,"rightPaddleY":0.8194402348640216,"ballX":0.4723740635113655,"ballY":0.8838431422968245}
