{"leftPaddleY":0.6435749476824412,"rightPaddleY":0.5277393019197273,"ballX":0.13443501345079767,"ballY":0.1296784379766294}
