{"leftPaddleY":0.06853971495971557,"rightPaddleY":0.059347321666262914,"ballX":0.4695278859038259,"ballY":0.9019366751638339}
