{"leftPaddleY":0.6657940215682437,"rightPaddleY":0.651141296759767,"ballX":0.8648087105874209,"ballY":0.014102474407697659}
