{"leftPaddleY":0.868653906245432,"rightPaddleY":0.04849915898257851,"ballX":0.14197974394531845,"ballY":0.6230716572949498}
