{"leftPaddleY":0.8837715148777487,"rightPaddleY":0.20012270783863328,"ballX":0.9825507400883267,"ballY":0.6260097113766966}
