{"leftPaddleY":0.5172966846986379,"rightPaddleY":0.15862227388510702,"ballX":0.7298463715245865,"ballY":0.8062744891730971}
