{"leftPaddleY":0.2952004771481726,"rightPaddleY":0.09954012656274364,"ballX":0.9044472947763035,"ballY":0.34982817597779126}
