{"leftPaddleY":0.13623726460099508,"rightPaddleY":0.1523442520858072,"ballX":0.6188068708667979,"ballY":0.8019413915887345}
