{"leftPaddleY":0.008185088068098745,"rightPaddleY":0.7106506410743543,"ballX":0.9941956383653318,"ballY":0.3698312639002547}
