{"leftPaddleY":0.22484779964364363,"rightPaddleY":0.06950770043325195,"ballX":0.9144537096761375,"ballY":0.7787068935896231}
