{"leftPaddleY":0.8244757677856546,"rightPaddleY":0.5458879068626203,"ballX":0.9871517997304503,"ballY":0.3277892568124887}
