{"leftPaddleY":0.5798659724661145,"rightPaddleY":0.16718783256495753,"ballX":0.28992552154442464,"ballY":0.42381307353755704}
