{"leftPaddleY":0.33218755573037434,"rightPaddleY":0.9291649675843158,"ballX":0.8453198580184426,"ballY":0.6136774306598085}
