{"leftPaddleY":0.36515976247785237,"rightPaddleY":0.04163061529671319,"ballX":0.18924195059516988,"ballY":0.9262979549426847}
