{"leftPaddleY":0.34549797490303047,"rightPaddleY":0.9987436631958977,"ballX":0.3458509259359648,"ballY":0.6515245569366945}
