{"leftPaddleY":0.9398850277801069,"rightPaddleY":0.06183555051842526,"ballX":0.26547925309267173,"ballY":0.36601074163154973}
