{"leftPaddleY":0.5549102863895742,"rightPaddleY":0.9059755668332299,"ballX":0.9596955224557954,"ballY":0.1346811604611686}
