{"leftPaddleY":0.5522136586791556,"rightPaddleY":0.7847685226559316,"ballX":0.5824865473307161,"ballY":0.8489642063689117}
