{"leftPaddleY":0.44316209987458016,"rightPaddleY":0.26680020935945337,"ballX":0.9234894257574204,"ballY":0.9215487348464734}
