{"leftPaddleY":0.6626600310381414,"rightPaddleY":0.08718054312019216,"ballX":0.8295261398616205,"ballY":0.3294130661511645}
