{"leftPaddleY":0.5245150997708756,"rightPaddleY":0.8192363256516564,"ballX":0.8844232440961497,"ballY":0.035116961506947195}
