{"leftPaddleY":0.03779949729861079,"rightPaddleY":0.47782197982219965,"ballX":0.9072565477787541,"ballY":0.617269342999513}
