{"leftPaddleY":0.2706367343425909,"rightPaddleY":0.22187177055281918,"ballX":0.921309140241296,"ballY":0.6587164957060953}
