{"leftPaddleY":0.21362539328688468,"rightPaddleY":0.1340606701727083,"ballX":0.11367291405102255,"ballY":0.6751012560910509}
