{"leftPaddleY":0.6738517070401346,"rightPaddleY":0.22882395629665378,"ballX":0.08305352824871796,"ballY":0.4206602916179809}
