{"leftPaddleY":0.6937094872505577,"rightPaddleY":0.6552092311509761,"ballX":0.9352579898875786,"ballY":0.874721631963581}
