{"leftPaddleY":0.03812501031066635,"rightPaddleY":0.641670020214451,"ballX":0.8800897945832112,"ballY":0.6565573792864332}
