{"leftPaddleY":0.33986297699050405,"rightPaddleY":0.5013622938207686,"ballX":0.7078463978410179,"ballY":0.01569880556906003}
