{"leftPaddleY":0.35629710838827255,"rightPaddleY":0.5463933301601208,"ballX":0.4904975330938947,"ballY":0.48570649317151965}
