{"leftPaddleY":0.6590532653581127,"rightPaddleY":0.27919899207015547,"ballX":0.7197501263258597,"ballY":0.31189604046642144}
