{"leftPaddleY":0.9049888587766443,"rightPaddleY":0.5364956390224657,"ballX":0.8269901655099472,"ballY":0.057141535838897}
