{"leftPaddleY":0.09000095242632455,"rightPaddleY":0.21446153268833007,"ballX":0.7345352611375082,"ballY":0.07526967449941876}
