{"leftPaddleY":0.2903737187022278,"rightPaddleY":0.33404079015851823,"ballX":0.31625239858367843,"ballY":0.06561573230949448}
