{"leftPaddleY":0.4111136560287067,"rightPaddleY":0.4591915262997736,"ballX":0.48623660388832946,"ballY":0.5686834870789106}
