{"leftPaddleY":0.34175575900867183,"rightPaddleY":0.6813618096523434,"ballX":0.7496680332946531,"ballY":0.3734414161356574}
