{"leftPaddleY":0.32861613684872487,"rightPaddleY":0.9449129015260747,"ballX":0.4266642250134562,"ballY":0.6853604380426409}
