{"leftPaddleY":0.6740903694763544,"rightPaddleY":0.17698834717129336,"ballX":0.028475060155103187,"ballY":0.09704658997265424}
