{"leftPaddleY":0.771844934855052,"rightPaddleY":0.046572882676031296,"ballX":0.9741867154665943,"ballY":0.22850597282971066}
