{"leftPaddleY":0.6189881122980975,"rightPaddleY":0.7453856496441129,"ballX":0.1514191677627034,"ballY":0.30526714780261194}
