{"leftPaddleY":0.2951087925044879,"rightPaddleY":0.6080810464179208,"ballX":0.4635802218550589,"ballY":0.5583297057869198}
