{"leftPaddleY":0.8342177739407582,"rightPaddleY":0.38532516724474825,"ballX":0.7672057933343044,"ballY":0.3591374748455675}
