{"leftPaddleY":0.6271112950751164,"rightPaddleY":0.6724059429002857,"ballX":0.39148306383464393,"ballY":0.8278799434420044}
