{"leftPaddleY":0.10262213924964828,"rightPaddleY":0.7407964196522256,"ballX":0.5446155975495499,"ballY":0.42839713327540513}
