{"leftPaddleY":0.904579689020495,"rightPaddleY":0.26844968489141846,"ballX":0.22294544460298946,"ballY":0.26642414539319464}
