{"leftPaddleY":0.3901247057151764,"rightPaddleY":0.40301526886795525,"ballX":0.10827562130214366,"ballY":0.7172115992858838}
