{"leftPaddleY":0.7688108748885463,"rightPaddleY":0.8820668575656833,"ballX":0.8266107090990329,"ballY":0.1963618813560751}
