{"leftPaddleY":0.652121422167889,"rightPaddleY":0.7686398969151084,"ballX":0.3931103002056576,"ballY":0.534317010249884}
