{"leftPaddleY":0.6147952825056335,"rightPaddleY":0.9086173706141971,"ballX":0.5252929164933365,"ballY":0.17082171164347784}
