{"leftPaddleY":0.26383576355530824,"rightPaddleY":0.653900750759864,"ballX":0.5598706381960028,"ballY":0.45658546652211723}
