{"leftPaddleY":0.1892346964261561,"rightPaddleY":0.460289961208566,"ballX":0.589643712617448,"ballY":0.28222433383871925}
