{"leftPaddleY":0.08283328001549806,"rightPaddleY":0.4628093646579452,"ballX":0.2177017847618369,"ballY":0.589407894273731}
