{"leftPaddleY":0.9764990527762821,"rightPaddleY":0.3030811032246524,"ballX":0.6485312617918679,"ballY":0.44006877270459144}
