{"leftPaddleY":0.5743381544742772,"rightPaddleY":0.6773510366036223,"ballX":0.45882395937246395,"ballY":0.7962161822341434}
