{"leftPaddleY":0.019207422386971523,"rightPaddleY":0.8336664428131636,"ballX":0.022740335558973288,"ballY":0.42527913685955293}
