{"leftPaddleY":0.8589443672019791,"rightPaddleY":0.8184650237779911,"ballX":0.18102230114219658,"ballY":0.9111625342227869}
