{"leftPaddleY":0.14451468114663885,"rightPaddleY":0.169639322922537,"ballX":0.34532183076583917,"ballY":0.3659669943968947}
