{"leftPaddleY":0.10200042796660325,"rightPaddleY":0.9810546958656395,"ballX":0.8505361441323964,"ballY":0.41596192120084957}
