{"leftPaddleY":0.43997171133165525,"rightPaddleY":0.6470576816147376,"ballX":0.1786684923436218,"ballY":0.21984173700333787}
