{"leftPaddleY":0.5615087414014477,"rightPaddleY":0.02414622694418837,"ballX":0.1540462302255663,"ballY":0.3296662966714231}
