{"leftPaddleY":0.4470775403079759,"rightPaddleY":0.8011178987003507,"ballX":0.4796627947858752,"ballY":0.7243623951086002}
