{"leftPaddleY":0.024452717420718625,"rightPaddleY":0.10585052113417179,"ballX":0.49219180962376397,"ballY":0.7984511479066158}
