{"leftPaddleY":0.5387284321466084,"rightPaddleY":0.7124175608285983,"ballX":0.2356023179241392,"ballY":0.2006913571010323}
