{"leftPaddleY":0.6326357208702681,"rightPaddleY":0.8609595184118416,"ballX":0.9506758608605764,"ballY":0.24898743000888224}
