{"leftPaddleY":0.4345706722162577,"rightPaddleY":0.6612298179130325,"ballX":0.6826447731338812,"ballY":0.5450951562693322}
