{"leftPaddleY":0.33908881291197607,"rightPaddleY":0.17919614801599365,"ballX":0.06065548766783469,"ballY":0.42037567369815204}
