{"leftPaddleY":0.05171671120967604,"rightPaddleY":0.14905975973420774,"ballX":0.3869745801856372,"ballY":0.2705023050320786}
