{"leftPaddleY":0.343537111966611,"rightPaddleY":0.7853830319963025,"ballX":0.5727540494384493,"ballY":0.9941657581423934}
