{"leftPaddleY":0.18695296283550936,"rightPaddleY":0.9966447994385571,"ballX":0.4176916662768611,"ballY":0.8823883906649247}
