{"leftPaddleY":0.09327330434922672,"rightPaddleY":0.7164818517067606,"ballX":0.41194587441086494,"ballY":0.817354662819818}
