{"leftPaddleY":0.0309131943212243,"rightPaddleY":0.6324110565089179,"ballX":0.800381903079968,"ballY":0.5444619113051402}
