{"leftPaddleY":0.989456273357595,"rightPaddleY":0.10054686200444632,"ballX":0.26396501720976173,"ballY":0.35549188603626375}
