{"leftPaddleY":0.06885113876580455,"rightPaddleY":0.7692991295084134,"ballX":0.47198225602490235,"ballY":0.41665520661107114}
