{"leftPaddleY":0.0740644012858491,"rightPaddleY":0.5619967215912063,"ballX":0.1771611667567458,"ballY":0.3528950858582344}
