{"leftPaddleY":0.6692420761736716,"rightPaddleY":0.6757946081122799,"ballX":0.5591566732934043,"ballY":0.09825225713642018}
