{"leftPaddleY":0.7849436087927978,"rightPaddleY":0.9860555373267275,"ballX":0.3870747618557044,"ballY":0.3161268844786175}
