{"leftPaddleY":0.15444666174555255,"rightPaddleY":0.5310830119890235,"ballX":0.37490524774549594,"ballY":0.36153058404447946}
