{"leftPaddleY":0.949556606012469,"rightPaddleY":0.19685903575148572,"ballX":0.5698916758455571,"ballY":0.05337946168590825}
