{"leftPaddleY":0.9834519464075147,"rightPaddleY":0.7368441267380544,"ballX":0.009529440820072423,"ballY":0.8589806075127387}
