{"leftPaddleY":0.24329464653387,"rightPaddleY":0.37376824260423713,"ballX":0.9542432328595153,"ballY":0.5901150118534275}
