{"leftPaddleY":0.7413909094259931,"rightPaddleY":0.6845280646325795,"ballX":0.31986774385537875,"ballY":0.047517294761087896}
