{"leftPaddleY":0.7743618258161465,"rightPaddleY":0.6404434485140458,"ballX":0.9353283388519867,"ballY":0.7392436283118009}
