{"leftPaddleY":0.19105986561118823,"rightPaddleY":0.6796510435760302,"ballX":0.38015861349838614,"ballY":0.38852078785342736}
