{"leftPaddleY":0.2360828076099934,"rightPaddleY":0.018452779371576057,"ballX":0.9345543010254119,"ballY":0.871260638737749}
