{"leftPaddleY":0.3989031157279333,"rightPaddleY":0.13169543473278553,"ballX":0.26479972546889585,"ballY":0.24741947052628177}
