{"leftPaddleY":0.2587877214224602,"rightPaddleY":0.205212373873058,"ballX":0.9279880894258619,"ballY":0.6869730807623198}
