{"leftPaddleY":0.8509596071266965,"rightPaddleY":0.8613654830500374,"ballX":0.704757887724705,"ballY":0.6959320593335633}
