{"leftPaddleY":0.4556473284685126,"rightPaddleY":0.11359708672970942,"ballX":0.5148076166249893,"ballY":0.612034432038274}
