{"leftPaddleY":0.015434739438475358,"rightPaddleY":0.9930165268530083,"ballX":0.33761132963035745,"ballY":0.26665323530545104}
