{"leftPaddleY":0.5866880967185503,"rightPaddleY":0.5005471107510551,"ballX":0.9238432546079794,"ballY":0.005823906738968496}
