{"leftPaddleY":0.80353545885186,"rightPaddleY":0.6879779737549384,"ballX":0.4109675855926226,"ballY":0.7662797980271631}
