{"leftPaddleY":0.19031586471375433,"rightPaddleY":0.18421247805717794,"ballX":0.8038803425511698,"ballY":0.16006472814851766}
