{"leftPaddleY":0.3400577115122686,"rightPaddleY":0.7901814857765527,"ballX":0.7624733587949019,"ballY":0.5708802290721885}
