{"leftPaddleY":0.25813751299377685,"rightPaddleY":0.5531276471683568,"ballX":0.2597510025882075,"ballY":0.12534922048133784}
