{"leftPaddleY":0.7181968815983474,"rightPaddleY":0.46743959687734077,"ballX":0.7017582369417973,"ballY":0.035861754462786895}
