{"leftPaddleY":0.03505988061721478,"rightPaddleY":0.8803427615973987,"ballX":0.22229528107580607,"ballY":0.47967288652173806}
