{"leftPaddleY":0.5619387109955026,"rightPaddleY":0.2474645463772433,"ballX":0.11471632814664275,"ballY":0.3589972426897274}
