{"leftPaddleY":0.5453483343311454,"rightPaddleY":0.873591985095111,"ballX":0.9638975783620429,"ballY":0.774803762223812}
