{"leftPaddleY":0.18597805736645828,"rightPaddleY":0.40359132434740846,"ballX":0.27674982746843185,"ballY":0.6063656561338027}
