{"leftPaddleY":0.8011764077516588,"rightPaddleY":0.5079048130767005,"ballX":0.0783825459719616,"ballY":0.7897846397206268}
