{"leftPaddleY":0.48593929080811854,"rightPaddleY":0.915383478768186,"ballX":0.06304165589404763,"ballY":0.4289563068983371}
