{"leftPaddleY":0.7265287700333519,"rightPaddleY":0.8383102156003368,"ballX":0.9896153373965989,"ballY":0.47800417067547224}
