{"leftPaddleY":0.9807449939577437,"rightPaddleY":0.5042072931014557,"ballX":0.367215737638572,"ballY":0.3886572320748647}
