{"leftPaddleY":0.5600457586554506,"rightPaddleY":0.351697268617498,"ballX":0.4429134092528704,"ballY":0.29300438924123756}
