{"leftPaddleY":0.14950747877903803,"rightPaddleY":0.49732727723867765,"ballX":0.8852714712250687,"ballY":0.9224496837033536}
