{"leftPaddleY":0.23033542552616038,"rightPaddleY":0.07304749712191443,"ballX":0.5023083011443283,"ballY":0.708080864842277}
