{"leftPaddleY":0.7037926675030346,"rightPaddleY":0.1271355695042583,"ballX":0.07071534860911532,"ballY":0.3714468874970847}
