{"leftPaddleY":0.3762016075998956,"rightPaddleY":0.3860172457379251,"ballX":0.6576879431367086,"ballY":0.6653162659482396}
