{"leftPaddleY":0.8123461886417278,"rightPaddleY":0.830061096139016,"ballX":0.8992523706276916,"ballY":0.9676204230082398}
