{"leftPaddleY":0.5544055361529595,"rightPaddleY":0.03764215220450419,"ballX":0.35496897391196786,"ballY":0.40591032806765365}
