{"leftPaddleY":0.9239525346980438,"rightPaddleY":0.4536993777473803,"ballX":0.33646357671767135,"ballY":0.9425292009062903}
