{"leftPaddleY":0.4392943462516952,"rightPaddleY":0.2804628305507591,"ballX":0.2867420047194961,"ballY":0.5579302026040579}
