{"leftPaddleY":0.9530743229215016,"rightPaddleY":0.7658670689267899,"ballX":0.8297596340429741,"ballY":0.07844754371668788}
