{"leftPaddleY":0.35316812689596455,"rightPaddleY":0.4448749170684796,"ballX":0.7282003427358775,"ballY":0.6882432183384887}
