{"leftPaddleY":0.7441928894724714,"rightPaddleY":0.12689636577523294,"ballX":0.5972592728472541,"ballY":0.343891133378459}
