{"leftPaddleY":0.42804188527751885,"rightPaddleY":0.3064487453260369,"ballX":0.815452353325104,"ballY":0.6063273245511974}
