{"leftPaddleY":0.6048900752346007,"rightPaddleY":0.2405309977104971,"ballX":0.24938931805694659,"ballY":0.17143140724995348}
