{"leftPaddleY":0.9619763231972673,"rightPaddleY":0.9838392382260819,"ballX":0.5889080493977018,"ballY":0.015005799384220662}
