{"leftPaddleY":0.08680091194155819,"rightPaddleY":0.4479301380452397,"ballX":0.9711022236543273,"ballY":0.9591134645798008}
