{"leftPaddleY":0.5907460672969358,"rightPaddleY":0.8752739764433171,"ballX":0.12037587662240133,"ballY":0.9174221393554923}
