{"leftPaddleY":0.8304475604069627,"rightPaddleY":0.9733319815638637,"ballX":0.32492221455297937,"ballY":0.38484095060459095}
