{"leftPaddleY":0.7161593038090514,"rightPaddleY":0.8620296064183737,"ballX":0.2524279906728379,"ballY":0.357248061045156}
