{"leftPaddleY":0.10774632168035209,"rightPaddleY":0.19044621703396716,"ballX":0.6572584231117152,"ballY":0.5421903808227239}
