{"leftPaddleY":0.08336846709438427,"rightPaddleY":0.18072802323681844,"ballX":0.11418215443911227,"ballY":0.2171429118899781}
