{"leftPaddleY":0.19804695170641837,"rightPaddleY":0.29390659014897297,"ballX":0.8624823637645699,"ballY":0.74576212598506}
