{"leftPaddleY":0.5604065753854968,"rightPaddleY":0.6558776706254248,"ballX":0.4362447396975937,"ballY":0.9022440078792453}
