{"leftPaddleY":0.7041723121874135,"rightPaddleY":0.42559901650272486,"ballX":0.017801853714207734,"ballY":0.08566413645893241}
