{"leftPaddleY":0.9306069182356898,"rightPaddleY":0.14982124928206506,"ballX":0.7100388970302458,"ballY":0.08692366961295192}
