{"leftPaddleY":0.2057236592059944,"rightPaddleY":0.10020845166816308,"ballX":0.3015072597330314,"ballY":0.4266354408767903}
