{"leftPaddleY":0.7526509222506474,"rightPaddleY":0.8720902197790238,"ballX":0.15639942216836286,"ballY":0.6479269545695614}
