{"leftPaddleY":0.29144527502475864,"rightPaddleY":0.9252653425187729,"ballX":0.8974670746297033,"ballY":0.4389389056641503}
