{"leftPaddleY":0.33968535762395985,"rightPaddleY":0.5168617823919605,"ballX":0.3749718097798232,"ballY":0.5597368646782758}
