{"leftPaddleY":0.9340106288303645,"rightPaddleY":0.630276291060012,"ballX":0.8707013874216485,"ballY":0.6486034344553928}
