{"leftPaddleY":0.5477268621382947,"rightPaddleY":0.14057625128302415,"ballX":0.8063999360675307,"ballY":0.4562238376494032}
