{"leftPaddleY":0.4342310164144926,"rightPaddleY":0.7867447127275641,"ballX":0.07435281225053138,"ballY":0.19492550141187287}
