{"leftPaddleY":0.34451691405081664,"rightPaddleY":0.13584121077813457,"ballX":0.6788342560586653,"ballY":0.9878477921779958}
