{"leftPaddleY":0.9703534296825862,"rightPaddleY":0.34124598123256067,"ballX":0.851257710026701,"ballY":0.5462967887281365}
