{"leftPaddleY":0.8575414823425018,"rightPaddleY":0.9718878120164686,"ballX":0.12111081621783361,"ballY":0.875144692307031}
