{"leftPaddleY":0.3480337621061887,"rightPaddleY":0.5755209181036994,"ballX":0.5910056563336316,"ballY":0.02678225501901577}
