{"leftPaddleY":0.3027127006829612,"rightPaddleY":0.9408153870616884,"ballX":0.024850551027772238,"ballY":0.869188794045858}
