{"leftPaddleY":0.8433764787311266,"rightPaddleY":0.635898857314151,"ballX":0.6022326738735677,"ballY":0.3060974505388315}
