{"leftPaddleY":0.5142386994946448,"rightPaddleY":0.6020107635926188,"ballX":0.2279588200099919,"ballY":0.8674535226987208}
