{"leftPaddleY":0.4502985476801459,"rightPaddleY":0.8585703167321337,"ballX":0.21414846472222496,"ballY":0.5158201722542554}
