{"leftPaddleY":0.4451585937069352,"rightPaddleY":0.8113331601996772,"ballX":0.728432603545437,"ballY":0.6117607539167963}
