{"leftPaddleY":0.921369672651822,"rightPaddleY":0.3878403819701236,"ballX":0.6954530306353601,"ballY":0.8356515975943454}
