{"leftPaddleY":0.5865949815515539,"rightPaddleY":0.4803797849861731,"ballX":0.9677516931705531,"ballY":0.1707313290400218}
