{"leftPaddleY":0.5252355008731016,"rightPaddleY":0.9672755170656447,"ballX":0.23846398990091242,"ballY":0.4949321899701511}
