{"leftPaddleY":0.9510575574091521,"rightPaddleY":0.8276166727144361,"ballX":0.7009506837376653,"ballY":0.9358912029266215}
