{"leftPaddleY":0.9388855945078831,"rightPaddleY":0.5860257969251077,"ballX":0.30505531338640146,"ballY":0.3696982265512665}
