{"leftPaddleY":0.5394009380875757,"rightPaddleY":0.9865541953026914,"ballX":0.7101839277972593,"ballY":0.13759539726883452}
