{"leftPaddleY":0.13653706275957023,"rightPaddleY":0.09288103913145049,"ballX":0.9777317976309156,"ballY":0.8321737237115698}
