{"leftPaddleY":0.9275342611784559,"rightPaddleY":0.055987639826856124,"ballX":0.10605067852570152,"ballY":0.5590237133577878}
