{"leftPaddleY":0.016567367765993123,"rightPaddleY":0.12868884776685016,"ballX":0.26438896590518624,"ballY":0.20893635332673302}
