{"leftPaddleY":0.4461367091226122,"rightPaddleY":0.22600368714935867,"ballX":0.5919883049852661,"ballY":0.4561341015693759}
