{"leftPaddleY":0.04508530304371606,"rightPaddleY":0.41433612978991535,"ballX":0.09190047092024077,"ballY":0.27721386623722866}
