{"leftPaddleY":0.6994976223493422,"rightPaddleY":0.7866182000093143,"ballX":0.7136017162032153,"ballY":0.44292536857164605}
