{"leftPaddleY":0.8399543403856915,"rightPaddleY":0.5156081161750534,"ballX":0.010996029030586557,"ballY":0.9958956418250561}
