{"leftPaddleY":0.15738545640728474,"rightPaddleY":0.1444465628594746,"ballX":0.6023949368236171,"ballY":0.4017930065292792}
