{"leftPaddleY":0.890078632308326,"rightPaddleY":0.6868953993781403,"ballX":0.42079093107995347,"ballY":0.14442894503198478}
