{"leftPaddleY":0.6502792670624807,"rightPaddleY":0.8678870043244759,"ballX":0.2271411658416273,"ballY":0.808279887821939}
