{"leftPaddleY":0.8370225219294788,"rightPaddleY":0.09161455184284245,"ballX":0.47930846237319485,"ballY":0.6590626548317954}
