{"leftPaddleY":0.10620588915814957,"rightPaddleY":0.20135917294042052,"ballX":0.6565303130162283,"ballY":0.9846680494687793}
