{"leftPaddleY":0.3361605930836034,"rightPaddleY":0.6766622258826258,"ballX":0.6758510354117381,"ballY":0.11135204984435786}
