{"leftPaddleY":0.4731361920929907,"rightPaddleY":0.5743305922882984,"ballX":0.4704588727867334,"ballY":0.5952262862451569}
