{"leftPaddleY":0.9616848747545119,"rightPaddleY":0.745133440714558,"ballX":0.6878262301685131,"ballY":0.08477353464668055}
