{"leftPaddleY":0.9280524804824026,"rightPaddleY":0.1564695955777113,"ballX":0.44280926893017813,"ballY":0.08742171560932911}
