{"leftPaddleY":0.053755335784573026,"rightPaddleY":0.3657032733460881,"ballX":0.4165116291737093,"ballY":0.05862928341741812}
