{"leftPaddleY":0.1341974604009067,"rightPaddleY":0.17484862611366636,"ballX":0.7673014863299671,"ballY":0.0574876832447309}
