{"leftPaddleY":0.23411294231434585,"rightPaddleY":0.45034830463863484,"ballX":0.5484291839244243,"ballY":0.5881754102001272}
