{"leftPaddleY":0.23016214226979181,"rightPaddleY":0.11876388520929669,"ballX":0.603108894958348,"ballY":0.39081848018483467}
