{"leftPaddleY":0.23759561041943256,"rightPaddleY":0.6233150850357525,"ballX":0.7211183290410452,"ballY":0.7960448421412053}
