{"leftPaddleY":0.7928389163831231,"rightPaddleY":0.45365793955346906,"ballX":0.4291990437917673,"ballY":0.13705914020791599}
