{"leftPaddleY":0.5382431059151632,"rightPaddleY":0.21206979454971178,"ballX":0.16667853273609454,"ballY":0.6156546700072361}
