{"leftPaddleY":0.08444155696302827,"rightPaddleY":0.8534828726442145,"ballX":0.9921280985359627,"ballY":0.214711730636015}
