{"leftPaddleY":0.2980449894087859,"rightPaddleY":0.7939774566341691,"ballX":0.7219983129889496,"ballY":0.39173597764204426}
