{"leftPaddleY":0.35839423866040904,"rightPaddleY":0.4395579139486598,"ballX":0.5936014362939274,"ballY":0.13045953036456653}
