{"leftPaddleY":0.9279718490807561,"rightPaddleY":0.5900440156967237,"ballX":0.3850986506742498,"ballY":0.02544835331325516}
