{"leftPaddleY":0.06588996713402956,"rightPaddleY":0.39114472802584505,"ballX":0.6084015683782853,"ballY":0.03995161162944794}
