{"leftPaddleY":0.8915266771174983,"rightPaddleY":0.9121420145579944,"ballX":0.22371252726276752,"ballY":0.26613574776410437}
