{"leftPaddleY":0.6757023544513563,"rightPaddleY":0.3859166719919104,"ballX":0.3679802815968066,"ballY":0.7502974922471787}
