{"leftPaddleY":0.0687730117883654,"rightPaddleY":0.6429158031757136,"ballX":0.093143752954307,"ballY":0.4158477199737527}
