{"leftPaddleY":0.3811888110950518,"rightPaddleY":0.9771533258832923,"ballX":0.21646561191763566,"ballY":0.39196733601285705}
