{"leftPaddleY":0.6500239098262734,"rightPaddleY":0.20478622905770122,"ballX":0.9766334573762631,"ballY":0.8991996446433872}
