{"leftPaddleY":0.8134438633565018,"rightPaddleY":0.5157463083618294,"ballX":0.46123882063720373,"ballY":0.5591146368754059}
