{"leftPaddleY":0.7617116330598661,"rightPaddleY":0.9808301906566546,"ballX":0.505109122711618,"ballY":0.9509003417851333}
