{"leftPaddleY":0.8735527898651296,"rightPaddleY":0.18061150629567815,"ballX":0.2889286882397351,"ballY":0.6500748713804197}
