{"leftPaddleY":0.3897469094336151,"rightPaddleY":0.7736730077599259,"ballX":0.004723703149179589,"ballY":0.4441378097954441}
