{"leftPaddleY":0.7555003370701893,"rightPaddleY":0.5712322315386754,"ballX":0.1955050764775427,"ballY":0.9901506952562954}
