{"leftPaddleY":0.3210178438946598,"rightPaddleY":0.3490811183224305,"ballX":0.16693315394751448,"ballY":0.7322408435552495}
