{"leftPaddleY":0.575520325955501,"rightPaddleY":0.3938211609912368,"ballX":0.6274679122780016,"ballY":0.31727918858128407}
