{"leftPaddleY":0.2600754744357703,"rightPaddleY":0.33877217153481515,"ballX":0.32666761995835114,"ballY":0.47231051314381556}
