{"leftPaddleY":0.5968452139172138,"rightPaddleY":0.6114495630816658,"ballX":0.6156278529449123,"ballY":0.7446992402019371}
