{"leftPaddleY":0.8496128831445697,"rightPaddleY":0.19294814932511414,"ballX":0.4545271607774897,"ballY":0.1200817172532837}
