{"leftPaddleY":0.0989907222309234,"rightPaddleY":0.5878557181619132,"ballX":0.24570319928031298,"ballY":0.14218124124020792}
