{"leftPaddleY":0.48808875637083343,"rightPaddleY":0.0004079676176737186,"ballX":0.3005903863875071,"ballY":0.3533148179162851}
