{"leftPaddleY":0.6024759008550572,"rightPaddleY":0.6182639123446577,"ballX":0.9617132400719766,"ballY":0.9408882188973837}
