{"leftPaddleY":0.8086194197680037,"rightPaddleY":0.4990880658881475,"ballX":0.8924084626410369,"ballY":0.5564926142201844}
