{"leftPaddleY":0.7171912403384286,"rightPaddleY":0.02876570226970005,"ballX":0.36785036116820036,"ballY":0.9344190567599387}
