{"leftPaddleY":0.8800373717737316,"rightPaddleY":0.2663313212744908,"ballX":0.18996659171017793,"ballY":0.30831582683055536}
