{"leftPaddleY":0.19780936343605227,"rightPaddleY":0.0795336548010399,"ballX":0.33218664323565456,"ballY":0.8167265762687556}
