{"leftPaddleY":0.8631366649971393,"rightPaddleY":0.8239318236090116,"ballX":0.13702449804823075,"ballY":0.772628074952344}
