{"leftPaddleY":0.10895134228177347,"rightPaddleY":0.896462694652723,"ballX":0.2722627906102535,"ballY":0.9342760801431317}
