{"leftPaddleY":0.28027398034953355,"rightPaddleY":0.6071506244462885,"ballX":0.3767864272824602,"ballY":0.8449187794434442}
