{"leftPaddleY":0.6881827162604249,"rightPaddleY":0.8841185913929539,"ballX":0.028250951346699464,"ballY":0.16659627892516984}
