{"leftPaddleY":0.21731542998452308,"rightPaddleY":0.9684454596360086,"ballX":0.39847779069059186,"ballY":0.5548946254723689}
