{"leftPaddleY":0.14413406383202867,"rightPaddleY":0.5966522345647304,"ballX":0.021001028694716643,"ballY":0.64260185335462}
