{"leftPaddleY":0.12954560863221293,"rightPaddleY":0.445132712866258,"ballX":0.3635262798102249,"ballY":0.2573478856683662}
