{"leftPaddleY":0.26306728194561757,"rightPaddleY":0.16767114412728598,"ballX":0.4526473168277314,"ballY":0.7371776732361837}
