{"leftPaddleY":0.9217624351430235,"rightPaddleY":0.40256923228457603,"ballX":0.12251462413951868,"ballY":0.20204320924164224}
