{"leftPaddleY":0.30248041970963857,"rightPaddleY":0.3228897050850268,"ballX":0.048028536198434994,"ballY":0.033787492107106194}
