{"leftPaddleY":0.9691617456299443,"rightPaddleY":0.019691357825551255,"ballX":0.3925048785396432,"ballY":0.1710185164146432}
