{"leftPaddleY":0.11298364298419383,"rightPaddleY":0.29563666801088045,"ballX":0.7904495858683872,"ballY":0.22720184999146342}
