{"leftPaddleY":0.9104022748024793,"rightPaddleY":0.9262505884311777,"ballX":0.21041006432202977,"ballY":0.5863369943085871}
