{"leftPaddleY":0.3225394748354775,"rightPaddleY":0.5285780843312228,"ballX":0.6851843304481123,"ballY":0.27178836724763256}
