{"leftPaddleY":0.05001050831049259,"rightPaddleY":0.9055379148763814,"ballX":0.747057138277713,"ballY":0.9548126701991309}
