{"leftPaddleY":0.11703866096343016,"rightPaddleY":0.11939693463745497,"ballX":0.15865090008095237,"ballY":0.5104969254529368}
