{"leftPaddleY":0.1033562066439438,"rightPaddleY":0.43698634847089657,"ballX":0.3736822995318949,"ballY":0.8086085057953788}
