{"leftPaddleY":0.05058956798443607,"rightPaddleY":0.8304501215632728,"ballX":0.6040048542913303,"ballY":0.6721418196325928}
