{"leftPaddleY":0.4648450823859763,"rightPaddleY":0.29065894300587286,"ballX":0.4972768240018491,"ballY":0.7430966311377779}
