{"leftPaddleY":0.530373947473255,"rightPaddleY":0.24965867324915036,"ballX":0.03189155770432377,"ballY":0.48439102672792556}
