{"leftPaddleY":0.1420614013220753,"rightPaddleY":0.4627638442610085,"ballX":0.320209014550882,"ballY":0.33524863618151657}
