{"leftPaddleY":0.8806493664526086,"rightPaddleY":0.7941497982146484,"ballX":0.5551449507262253,"ballY":0.8712334696090028}
