{"leftPaddleY":0.5445996447162973,"rightPaddleY":0.2422678679058234,"ballX":0.3674922258465501,"ballY":0.979440409587593}
