{"leftPaddleY":0.3408833746012056,"rightPaddleY":0.49715405733523077,"ballX":0.11289084789010653,"ballY":0.30585829800180514}
