{"leftPaddleY":0.40308576092535275,"rightPaddleY":0.5487027802397246,"ballX":0.7083144031283035,"ballY":0.4290716985925701}
