{"leftPaddleY":0.32291718216701526,"rightPaddleY":0.40849494031424477,"ballX":0.9492351508728779,"ballY":0.256505938083557}
