{"leftPaddleY":0.3068525688442747,"rightPaddleY":0.332711558289941,"ballX":0.45787080349383164,"ballY":0.7733311770592136}
