{"leftPaddleY":0.712635188002402,"rightPaddleY":0.1550617822396702,"ballX":0.5912002541033983,"ballY":0.6298906879799047}
