{"leftPaddleY":0.6291558582143233,"rightPaddleY":0.9098147787245914,"ballX":0.7451246022073841,"ballY":0.4214510772197003}
