{"leftPaddleY":0.07036377651904156,"rightPaddleY":0.19826074579410907,"ballX":0.7416829854774935,"ballY":0.031208905997331695}
