{"leftPaddleY":0.2939853734657332,"rightPaddleY":0.8180094280396066,"ballX":0.15942064554010052,"ballY":0.29585391568924585}
