{"leftPaddleY":0.2983347016743589,"rightPaddleY":0.26752869303669696,"ballX":0.8373473477959389,"ballY":0.6155610130086658}
