{"leftPaddleY":0.37107126943739077,"rightPaddleY":0.9944895250883734,"ballX":0.898021202657188,"ballY":0.24732962663540284}
