{"leftPaddleY":0.09551523589752739,"rightPaddleY":0.6763903492765867,"ballX":0.24743606278075578,"ballY":0.7720095812676474}
