{"leftPaddleY":0.43551076663804905,"rightPaddleY":0.14258011809271462,"ballX":0.6543448172378712,"ballY":0.5167912356028372}
