{"leftPaddleY":0.25199362887379906,"rightPaddleY":0.5933274502581801,"ballX":0.8279911883764159,"ballY":0.3608545429176827}
