{"leftPaddleY":0.7409312856137398,"rightPaddleY":0.8630935365407354,"ballX":0.5311438200139597,"ballY":0.978792063727284}
