{"leftPaddleY":0.04305565951495337,"rightPaddleY":0.8079751116528556,"ballX":0.08124876489858501,"ballY":0.9089926753336669}
