{"leftPaddleY":0.7873370187077076,"rightPaddleY":0.8411984477881022,"ballX":0.4488133212172468,"ballY":0.5527581505750138}
