{"leftPaddleY":0.2397277157819429,"rightPaddleY":0.4767414790939049,"ballX":0.7196528626131322,"ballY":0.21942352693022935}
