{"leftPaddleY":0.3214258832375398,"rightPaddleY":0.20890534896786292,"ballX":0.5499086767147762,"ballY":0.31191251226912375}
