{"leftPaddleY":0.13478096970408057,"rightPaddleY":0.053983763051085105,"ballX":0.23240961924465534,"ballY":0.7634335275975003}
