{"leftPaddleY":0.4988281260505039,"rightPaddleY":0.32543291578547734,"ballX":0.692489865723181,"ballY":0.145282803406863}
