{"leftPaddleY":0.769286291415726,"rightPaddleY":0.9439091697045573,"ballX":0.1317332180321458,"ballY":0.0686918133934109}
