{"leftPaddleY":0.772772704795147,"rightPaddleY":0.21650514769984142,"ballX":0.7004402125055883,"ballY":0.7566045078996688}
