{"leftPaddleY":0.1728968979041559,"rightPaddleY":0.8062104085974274,"ballX":0.12527314824125826,"ballY":0.9105151062718284}
