{"leftPaddleY":0.499506095270129,"rightPaddleY":0.569088663420525,"ballX":0.5267829455851067,"ballY":0.43585444637801735}
