{"leftPaddleY":0.9047102809819678,"rightPaddleY":0.41663955983295803,"ballX":0.027061864006414162,"ballY":0.7710778766867118}
