{"leftPaddleY":0.8643604213344952,"rightPaddleY":0.13629171462667006,"ballX":0.5874427236176767,"ballY":0.1654498750964746}
