{"leftPaddleY":0.3983988061763716,"rightPaddleY":0.18834007089237473,"ballX":0.9872783606517659,"ballY":0.4071273859565441}
