{"leftPaddleY":0.16318316453715326,"rightPaddleY":0.9008868141058459,"ballX":0.8677068041363623,"ballY":0.4812637230410137}
