{"leftPaddleY":0.7807320154257007,"rightPaddleY":0.8474485326010052,"ballX":0.3824429032999952,"ballY":0.12277566777282219}
