{"leftPaddleY":0.4034747531044374,"rightPaddleY":0.3896252250118822,"ballX":0.06624626637698783,"ballY":0.5113961909148389}
