{"leftPaddleY":0.1462953724387302,"rightPaddleY":0.7022600065220943,"ballX":0.5939166692562851,"ballY":0.0313168917071631}
