{"leftPaddleY":0.17643829435076205,"rightPaddleY":0.7881641736195053,"ballX":0.9600099549333487,"ballY":0.06880673312883549}
