{"leftPaddleY":0.1580841033607936,"rightPaddleY":0.3776109532308003,"ballX":0.3519584736108429,"ballY":0.5859010898798407}
