{"leftPaddleY":0.8268768106602715,"rightPaddleY":0.17466758188365278,"ballX":0.6144049065807241,"ballY":0.21677331426145766}
