{"leftPaddleY":0.35310335859512043,"rightPaddleY":0.8927939683021141,"ballX":0.4071084403872781,"ballY":0.8103531706162803}
