{"leftPaddleY":0.8559204838635074,"rightPaddleY":0.26605765481975574,"ballX":0.925983233556643,"ballY":0.5268656535196248}
