{"leftPaddleY":0.3535810836364045,"rightPaddleY":0.30197503792562497,"ballX":0.5944350317276488,"ballY":0.213055055606772}
