{"leftPaddleY":0.9230777693734054,"rightPaddleY":0.17681374427170443,"ballX":0.5541087010941861,"ballY":0.16811872997351268}
