{"leftPaddleY":0.7521353678688012,"rightPaddleY":0.8863126935604988,"ballX":0.7952392958647716,"ballY":0.8455443708619842}
