{"leftPaddleY":0.06698447181584867,"rightPaddleY":0.15377543715040962,"ballX":0.42556980952506207,"ballY":0.9120545842078002}
