{"leftPaddleY":0.20551538076672055,"rightPaddleY":0.8848251660440172,"ballX":0.5385129598095254,"ballY":0.5699949332148518}
