{"leftPaddleY":0.9969012249025824,"rightPaddleY":0.3315244956156272,"ballX":0.16880557408553554,"ballY":0.12789464159629704}
