{"leftPaddleY":0.6211532276251072,"rightPaddleY":0.41068481090787945,"ballX":0.6580710243540828,"ballY":0.4485093579462467}
