{"leftPaddleY":0.19314340884191736,"rightPaddleY":0.339687401347247,"ballX":0.739099820137756,"ballY":0.190744179755789}
