{"leftPaddleY":0.26090429186311165,"rightPaddleY":0.8446341081894879,"ballX":0.7710269715796386,"ballY":0.08904988867023281}
