{"leftPaddleY":0.8355135864716866,"rightPaddleY":0.36149505219036193,"ballX":0.8654629188515978,"ballY":0.4839761712965327}
