{"leftPaddleY":0.4007417537757825,"rightPaddleY":0.6185767872718826,"ballX":0.9197820602265312,"ballY":0.7841886956142051}
