{"leftPaddleY":0.8323887579357693,"rightPaddleY":0.7032448498400747,"ballX":0.10554773212663866,"ballY":0.29371060551204375}
