{"leftPaddleY":0.0777975331975855,"rightPaddleY":0.8166105718586021,"ballX":0.8095591384305033,"ballY":0.7626874239835385}
