{"leftPaddleY":0.4945525059679577,"rightPaddleY":0.23092032936816254,"ballX":0.4722530985172186,"ballY":0.46939705537213483}
