{"leftPaddleY":0.33703196396851604,"rightPaddleY":0.8343143379494933,"ballX":0.7298123317737778,"ballY":0.4286158841002458}
