{"leftPaddleY":0.7346851767930687,"rightPaddleY":0.11954395381848436,"ballX":0.4357514711314657,"ballY":0.2784048118922984}
