{"leftPaddleY":0.9923313976450929,"rightPaddleY":0.5189947776539293,"ballX":0.23331712882649336,"ballY":0.6086109742882262}
