{"leftPaddleY":0.26308559822223293,"rightPaddleY":0.674975839546974,"ballX":0.9222272251079252,"ballY":0.5137202948861141}
