{"leftPaddleY":0.9410450304283376,"rightPaddleY":0.5165469432293143,"ballX":0.7856086794148648,"ballY":0.3424657276507429}
