{"leftPaddleY":0.13763862586223516,"rightPaddleY":0.3810114587965221,"ballX":0.7828798534524394,"ballY":0.7136962881261292}
