{"leftPaddleY":0.3611182106940208,"rightPaddleY":0.6960850743324294,"ballX":0.3713275230155786,"ballY":0.17691403632735553}
