{"leftPaddleY":0.3500996281832351,"rightPaddleY":0.7014408009063059,"ballX":0.08164701888066567,"ballY":0.802930692150352}
