{"leftPaddleY":0.9589052054303903,"rightPaddleY":0.13764097008213508,"ballX":0.5373972334813825,"ballY":0.939139030883638}
