{"leftPaddleY":0.9220557052129505,"rightPaddleY":0.5897510021884416,"ballX":0.3272652548680568,"ballY":0.7653974302205045}
