{"leftPaddleY":0.09720740989132115,"rightPaddleY":0.22459852764409666,"ballX":0.5956788008955793,"ballY":0.3960431688127345}
