{"leftPaddleY":0.24976317585756863,"rightPaddleY":0.7117989708657704,"ballX":0.5405616650763647,"ballY":0.846238742896564}
