{"leftPaddleY":0.01576947890603022,"rightPaddleY":0.6683276500418404,"ballX":0.26905158161460396,"ballY":0.5286154645950304}
