{"leftPaddleY":0.7970728560610661,"rightPaddleY":0.05684371652457312,"ballX":0.8682099549099074,"ballY":0.6188506716282897}
