{"leftPaddleY":0.27798065709838127,"rightPaddleY":0.4493022681205783,"ballX":0.39485630109115283,"ballY":0.05616652261609908}
