{"leftPaddleY":0.7614339036675292,"rightPaddleY":0.15445265907599182,"ballX":0.9448475051955737,"ballY":0.986762963256172}
