{"leftPaddleY":0.6141741261441327,"rightPaddleY":0.814372397300403,"ballX":0.3211563122703471,"ballY":0.7889533518950417}
