{"leftPaddleY":0.6157302928695919,"rightPaddleY":0.5269428275856077,"ballX":0.4899354581439091,"ballY":0.13750573826473073}
