{"leftPaddleY":0.16637048720165007,"rightPaddleY":0.002076605017168293,"ballX":0.6632026728709964,"ballY":0.7376021937940012}
