{"leftPaddleY":0.5275145515984531,"rightPaddleY":0.9310099917511884,"ballX":0.8308969934376098,"ballY":0.6491525043786898}
