{"leftPaddleY":0.2855170279446124,"rightPaddleY":0.4039117823485918,"ballX":0.6160858021959663,"ballY":0.20489164767740783}
