{"leftPaddleY":0.27741787581932276,"rightPaddleY":0.7041494682553499,"ballX":0.0023786791019560407,"ballY":0.21871339155199215}
