{"leftPaddleY":0.9311184791601703,"rightPaddleY":0.6618359883174643,"ballX":0.11416563606685101,"ballY":0.9517877627726986}
