{"leftPaddleY":0.4187005239795053,"rightPaddleY":0.9357732233866823,"ballX":0.6830587361755194,"ballY":0.8825606334900027}
