{"leftPaddleY":0.4990576245137615,"rightPaddleY":0.41934304652047655,"ballX":0.5265005143618812,"ballY":0.6749815398471964}
