{"leftPaddleY":0.5416580153959752,"rightPaddleY":0.42203061272308223,"ballX":0.14032960878284276,"ballY":0.01940216950247573}
