{"leftPaddleY":0.34070213819744555,"rightPaddleY":0.038612443068404424,"ballX":0.5049703297988991,"ballY":0.15858787293717233}
