{"leftPaddleY":0.9445485912516315,"rightPaddleY":0.9105920174161425,"ballX":0.1627788615132036,"ballY":0.8889986020562358}
