{"leftPaddleY":0.7877392328615146,"rightPaddleY":0.5353816379910661,"ballX":0.6793585512599827,"ballY":0.6077078472078801}
