{"leftPaddleY":0.15270534643830674,"rightPaddleY":0.480283940969643,"ballX":0.2812830639903109,"ballY":0.4139604909566694}
