{"leftPaddleY":0.8176483808177315,"rightPaddleY":0.47402187468457724,"ballX":0.4792683596848655,"ballY":0.8313218744248685}
