{"leftPaddleY":0.4122166511233591,"rightPaddleY":0.08543609001199282,"ballX":0.04547851835491793,"ballY":0.7055117108666945}
