{"leftPaddleY":0.01574140195526594,"rightPaddleY":0.40591990795141963,"ballX":0.3943545707197433,"ballY":0.19983755124022606}
