{"leftPaddleY":0.12313503020731677,"rightPaddleY":0.0566581700140776,"ballX":0.2692947245558153,"ballY":0.890559718097139}
