{"leftPaddleY":0.0395823205120391,"rightPaddleY":0.7087098044917535,"ballX":0.06632329773387038,"ballY":0.24907315287030654}
