{"leftPaddleY":0.49609273858627867,"rightPaddleY":0.05740789234465193,"ballX":0.6408955100174275,"ballY":0.116658326085491}
