{"leftPaddleY":0.47919474413730817,"rightPaddleY":0.011188379235573887,"ballX":0.80144676389484,"ballY":0.38969725587172094}
