{"leftPaddleY":0.18606357920469163,"rightPaddleY":0.18540628887530952,"ballX":0.4482864826828454,"ballY":0.8702817377733071}
