{"leftPaddleY":0.43270888986605616,"rightPaddleY":0.5963321782926887,"ballX":0.08755586348440682,"ballY":0.5979482157832604}
