{"leftPaddleY":0.38286669812627233,"rightPaddleY":0.7166489603534202,"ballX":0.3020081718034787,"ballY":0.18441953317599424}
