{"leftPaddleY":0.1720653824738218,"rightPaddleY":0.7182204999216074,"ballX":0.7367239840259469,"ballY":0.21952226203616623}
