{"leftPaddleY":0.37264183665093537,"rightPaddleY":0.3623549204051471,"ballX":0.38748961167470225,"ballY":0.7893215507261027}
