{"leftPaddleY":0.7082616194804974,"rightPaddleY":0.3638652988375045,"ballX":0.10040580542621194,"ballY":0.10698773553002154}
