{"leftPaddleY":0.6283527260589107,"rightPaddleY":0.6384965051619088,"ballX":0.044142125909679135,"ballY":0.11496213916164087}
