{"leftPaddleY":0.007734488680152855,"rightPaddleY":0.8603728299614847,"ballX":0.1015582714720508,"ballY":0.328809039308596}
