{"leftPaddleY":0.3940019000433541,"rightPaddleY":0.2620203138421764,"ballX":0.03032838364439876,"ballY":0.9390235110652402}
