{"leftPaddleY":0.5024766094928628,"rightPaddleY":0.5235982880159281,"ballX":0.424522237325581,"ballY":0.48045306775906743}
