{"leftPaddleY":0.03662475321506991,"rightPaddleY":0.8169715298082094,"ballX":0.27845744548912327,"ballY":0.1365941395270144}
