{"leftPaddleY":0.956159046181513,"rightPaddleY":0.745238601801783,"ballX":0.3959627861152135,"ballY":0.9649803846084344}
