{"leftPaddleY":0.3227445573696974,"rightPaddleY":0.20018726952700938,"ballX":0.7255934245159984,"ballY":0.5870762155278731}
