{"leftPaddleY":0.9807612450366111,"rightPaddleY":0.4733156876600786,"ballX":0.5680399867023359,"ballY":0.8109037595977402}
