{"leftPaddleY":0.13613601332340378,"rightPaddleY":0.5332726308361021,"ballX":0.13053415672187263,"ballY":0.7096358475056916}
