{"leftPaddleY":0.6869139526335777,"rightPaddleY":0.9778129246438853,"ballX":0.6732432716140296,"ballY":0.6435833379025069}
