{"leftPaddleY":0.7731094751015557,"rightPaddleY":0.5140830552110746,"ballX":0.23398362850623786,"ballY":0.7653635024518932}
