{"leftPaddleY":0.8046606315870066,"rightPaddleY":0.08138623577073315,"ballX":0.9943289800162167,"ballY":0.2225659506314985}
