{"leftPaddleY":0.6129583477581214,"rightPaddleY":0.0034606278726668047,"ballX":0.9143529643619848,"ballY":0.06585843963512515}
