{"leftPaddleY":0.6168839229258862,"rightPaddleY":0.23095443468275723,"ballX":0.6523752590244012,"ballY":0.5204375611445553}
