{"leftPaddleY":0.42769094443143574,"rightPaddleY":0.3511471541553683,"ballX":0.030870008590400098,"ballY":0.6602416369379946}
