{"leftPaddleY":0.2451181053522801,"rightPaddleY":0.7792324615450897,"ballX":0.6810630886050572,"ballY":0.3635120862787987}
