{"leftPaddleY":0.9862509110805036,"rightPaddleY":0.026471516319822017,"ballX":0.5338301293743609,"ballY":0.6387487253777553}
