{"leftPaddleY":0.12341853635369737,"rightPaddleY":0.21894449344305408,"ballX":0.1367482779120232,"ballY":0.8834044854636282}
