{"leftPaddleY":0.9027311224086652,"rightPaddleY":0.2562149249657054,"ballX":0.3282971842716466,"ballY":0.20942728582277126}
