{"leftPaddleY":0.6389478367290411,"rightPaddleY":0.43118136000798346,"ballX":0.58802925800014,"ballY":0.9684113417543523}
