{"leftPaddleY":0.4359747903644632,"rightPaddleY":0.19197936679386743,"ballX":0.8242237528607672,"ballY":0.763056110092699}
