{"leftPaddleY":0.18386038382133757,"rightPaddleY":0.7291207106629335,"ballX":0.251542882627028,"ballY":0.2877453016929606}
