{"leftPaddleY":0.7528551856976164,"rightPaddleY":0.2812604866779663,"ballX":0.14987518439965405,"ballY":0.5583006442698824}
