{"leftPaddleY":0.783400780487916,"rightPaddleY":0.34874634463563287,"ballX":0.07650539574068341,"ballY":0.751915156361045}
