{"leftPaddleY":0.34250090006201106,"rightPaddleY":0.7231716253647534,"ballX":0.36407630676161123,"ballY":0.9673681570616697}
