{"leftPaddleY":0.6497447292095958,"rightPaddleY":0.2295831941687951,"ballX":0.5340554687615672,"ballY":0.662852601204214}
