{"leftPaddleY":0.9741984379659263,"rightPaddleY":0.34189025144433927,"ballX":0.23197085820476063,"ballY":0.19224307961972967}
