{"leftPaddleY":0.5629234258422208,"rightPaddleY":0.6555621997456491,"ballX":0.15942788379616596,"ballY":0.9975204654189824}
