{"leftPaddleY":0.9358495425122751,"rightPaddleY":0.6210057149676858,"ballX":0.7947870791854901,"ballY":0.16157443557115722}
