{"leftPaddleY":0.8666972889333793,"rightPaddleY":0.42816467024800176,"ballX":0.8961379354851783,"ballY":0.2400610972465808}
