{"leftPaddleY":0.4715148926915037,"rightPaddleY":0.9957992375712454,"ballX":0.48196215201921383,"ballY":0.6289544519861443}
