{"leftPaddleY":0.11375349962596233,"rightPaddleY":0.3828724418480316,"ballX":0.5708357178195312,"ballY":0.30819850616383987}
