{"leftPaddleY":0.49830204403369477,"rightPaddleY":0.5215857000060746,"ballX":0.4896286214435788,"ballY":0.20174262707578608}
