{"leftPaddleY":0.8296539522139887,"rightPaddleY":0.41786936225781446,"ballX":0.5354190324276888,"ballY":0.4908835042058836}
