{"leftPaddleY":0.9683901518335326,"rightPaddleY":0.10891733931710035,"ballX":0.4330852585086717,"ballY":0.3961632651030821}
