{"leftPaddleY":0.23600254924282343,"rightPaddleY":0.8289340602966848,"ballX":0.6596775398989542,"ballY":0.41721290319418547}
