{"leftPaddleY":0.40504473860319234,"rightPaddleY":0.15686653926026,"ballX":0.8012456297321097,"ballY":0.9209709599712858}
