{"leftPaddleY":0.13375415921398312,"rightPaddleY":0.5287190933284354,"ballX":0.43114698498766657,"ballY":0.4547530301773852}
