{"leftPaddleY":0.5902421763903036,"rightPaddleY":0.37937446920836043,"ballX":0.5108819625352343,"ballY":0.4022332842924057}
