{"leftPaddleY":0.870728416189337,"rightPaddleY":0.444236426906497,"ballX":0.40925527340716844,"ballY":0.5535250715517208}
