{"leftPaddleY":0.6216424013619748,"rightPaddleY":0.3905276871249625,"ballX":0.16031825377498846,"ballY":0.8228588076616038}
