{"leftPaddleY":0.8384731014723725,"rightPaddleY":0.9254917824864983,"ballX":0.6728084901525921,"ballY":0.05343808917625716}
