{"leftPaddleY":0.4406476573068363,"rightPaddleY":0.608693610714948,"ballX":0.533295235868092,"ballY":0.8974191798012272}
