{"leftPaddleY":0.12855706955826127,"rightPaddleY":0.7699442980610851,"ballX":0.7225387961615636,"ballY":0.909784087704303}
