{"leftPaddleY":0.7255549485302775,"rightPaddleY":0.6235868993833427,"ballX":0.7502759976808586,"ballY":0.9490634657523608}
