{"leftPaddleY":0.525416609758978,"rightPaddleY":0.8250135666668915,"ballX":0.4377889120108969,"ballY":0.6047407291248085}
