{"leftPaddleY":0.4872908505800385,"rightPaddleY":0.9992527207249732,"ballX":0.7770151528201545,"ballY":0.8152090870207858}
