{"leftPaddleY":0.8509995894765373,"rightPaddleY":0.2343138419408626,"ballX":0.9370209521264607,"ballY":0.0504965366872638}
