{"leftPaddleY":0.12631543638060483,"rightPaddleY":0.3388517697296775,"ballX":0.8636542158410602,"ballY":0.8477262603078403}
