{"leftPaddleY":0.5186356476432993,"rightPaddleY":0.769241468244271,"ballX":0.5579076651429966,"ballY":0.47417276019259685}
