{"leftPaddleY":0.5807692755848869,"rightPaddleY":0.6719489251723215,"ballX":0.9778558291848071,"ballY":0.9499373917898265}
