{"leftPaddleY":0.9217367415276656,"rightPaddleY":0.7082248010164143,"ballX":0.5900640576925925,"ballY":0.9328058155045698}
