{"leftPaddleY":0.18700476074275296,"rightPaddleY":0.9792910107242356,"ballX":0.19723558601515412,"ballY":0.6570717435630392}
