{"leftPaddleY":0.8503189847374147,"rightPaddleY":0.009590612335285185,"ballX":0.3137644129031204,"ballY":0.9408324136170612}
