{"leftPaddleY":0.5520483835622647,"rightPaddleY":0.6903139057442088,"ballX":0.6768455440716405,"ballY":0.46667019981471086}
