{"leftPaddleY":0.7677400805916725,"rightPaddleY":0.491081299026666,"ballX":0.3632315531433113,"ballY":0.7971425726165001}
