{"leftPaddleY":0.3569748377818625,"rightPaddleY":0.19156177975063785,"ballX":0.16442034632969166,"ballY":0.03071258964677761}
