{"leftPaddleY":0.47790828865535906,"rightPaddleY":0.35135006187841894,"ballX":0.1324488153498859,"ballY":0.5773624219453863}
