{"leftPaddleY":0.7599476421235284,"rightPaddleY":0.8820096297334205,"ballX":0.4258758138296286,"ballY":0.7139225030205274}
