{"leftPaddleY":0.014637550184738824,"rightPaddleY":0.3221397256540658,"ballX":0.557791844043136,"ballY":0.6626577621429681}
