{"leftPaddleY":0.2785029424065175,"rightPaddleY":0.8522000485072877,"ballX":0.898435698182502,"ballY":0.6657451812961585}
