{"leftPaddleY":0.779490918764439,"rightPaddleY":0.5955023092239959,"ballX":0.8247860922950347,"ballY":0.17492674576923764}
