{"leftPaddleY":0.47358404334642085,"rightPaddleY":0.43022464039091673,"ballX":0.40229633270884757,"ballY":0.14797223439134205}
