{"leftPaddleY":0.08035809271477595,"rightPaddleY":0.20639386101932494,"ballX":0.6038012514117898,"ballY":0.5127159689073912}
