{"leftPaddleY":0.8046934865957757,"rightPaddleY":0.8503449073377557,"ballX":0.15035267545696387,"ballY":0.05542251133871858}
