{"leftPaddleY":0.5533615338051208,"rightPaddleY":0.23131102207599938,"ballX":0.05030739386772403,"ballY":0.8054616409037082}
