{"leftPaddleY":0.06788827687752717,"rightPaddleY":0.7135773591576208,"ballX":0.6192395104609237,"ballY":0.36244838820388486}
