{"leftPaddleY":0.49905877041611524,"rightPaddleY":0.3884775888904593,"ballX":0.3327627053921623,"ballY":0.1193132260817514}
