{"leftPaddleY":0.3596895299022912,"rightPaddleY":0.4388883815092795,"ballX":0.1866388846994407,"ballY":0.010636997808428658}
