{"leftPaddleY":0.5502010221524447,"rightPaddleY":0.919302545232086,"ballX":0.14474003355907508,"ballY":0.33205422693032427}
