{"leftPaddleY":0.5281188169413065,"rightPaddleY":0.24516806330993768,"ballX":0.5445357902568339,"ballY":0.04544840328404816}
