{"leftPaddleY":0.2528827882226988,"rightPaddleY":0.8830321319557345,"ballX":0.6608848884562311,"ballY":0.09958294728406236}
