{"leftPaddleY":0.11547982355280383,"rightPaddleY":0.40823622588054775,"ballX":0.06952689028996292,"ballY":0.9997607896092157}
