{"leftPaddleY":0.3310623255823626,"rightPaddleY":0.9155044980525402,"ballX":0.8960967402146199,"ballY":0.753158396560174}
