{"leftPaddleY":0.5822594394573457,"rightPaddleY":0.09736826423950715,"ballX":0.2735481352626499,"ballY":0.45437238387652024}
