{"leftPaddleY":0.12563261460266537,"rightPaddleY":0.604433718225303,"ballX":0.7235269970755008,"ballY":0.055975399818536734}
