{"leftPaddleY":0.03294174857759627,"rightPaddleY":0.9332072846223504,"ballX":0.7509922776060867,"ballY":0.09465933408457791}
