{"leftPaddleY":0.5393031576895462,"rightPaddleY":0.8491558090950085,"ballX":0.8357044203975086,"ballY":0.3444618408702224}
