{"leftPaddleY":0.8406604833304564,"rightPaddleY":0.5288577318973275,"ballX":0.8612986864517133,"ballY":0.3850358601038669}
