{"leftPaddleY":0.11153978210880265,"rightPaddleY":0.8137140874825438,"ballX":0.2778002465382396,"ballY":0.9928516147258292}
