{"leftPaddleY":0.5445542773593561,"rightPaddleY":0.9954769181432621,"ballX":0.19621718704186228,"ballY":0.35589594940003544}
