{"leftPaddleY":0.3134570890950419,"rightPaddleY":0.556470547516262,"ballX":0.30967910942614757,"ballY":0.490584068491327}
