{"leftPaddleY":0.7026129028014142,"rightPaddleY":0.15311282348677863,"ballX":0.7760459487589715,"ballY":0.41594907844160733}
