{"leftPaddleY":0.7845668047826546,"rightPaddleY":0.9744811223707649,"ballX":0.14648117861030388,"ballY":0.5643151500917589}
