{"leftPaddleY":0.19416493496750536,"rightPaddleY":0.11505546852644494,"ballX":0.06738614365575456,"ballY":0.6262732666870926}
