{"leftPaddleY":0.43557200835325216,"rightPaddleY":0.9573699919250743,"ballX":0.28456980442091734,"ballY":0.486826647388897}
