{"leftPaddleY":0.2825158143370446,"rightPaddleY":0.4283369416271023,"ballX":0.4248089200458453,"ballY":0.46932918279963326}
