{"leftPaddleY":0.705666004695323,"rightPaddleY":0.26266708616044504,"ballX":0.11728029726805066,"ballY":0.30520777796981247}
