{"leftPaddleY":0.7897789198530117,"rightPaddleY":0.3979156706596521,"ballX":0.07571960175549246,"ballY":0.06458821586296742}
