{"leftPaddleY":0.7118415593202363,"rightPaddleY":0.30394890527825436,"ballX":0.13048190739195323,"ballY":0.21584082959699094}
