{"leftPaddleY":0.8612711762068881,"rightPaddleY":0.7736334877809772,"ballX":0.6760418633188529,"ballY":0.7116375439705268}
