{"leftPaddleY":0.3257638850314556,"rightPaddleY":0.49276155457825616,"ballX":0.07658892293495814,"ballY":0.5473671638438131}
