{"leftPaddleY":0.4032995296473848,"rightPaddleY":0.7574215195823267,"ballX":0.5484631905787231,"ballY":0.4978482248565165}
