{"leftPaddleY":0.06963207170762678,"rightPaddleY":0.22140650175204765,"ballX":0.9566535910130355,"ballY":0.878920121392077}
