{"leftPaddleY":0.8340971064232523,"rightPaddleY":0.5741171417223238,"ballX":0.3538640500676111,"ballY":0.9202572359448664}
