{"leftPaddleY":0.8388409787897834,"rightPaddleY":0.6551104061582992,"ballX":0.4676394698921194,"ballY":0.30038430743111855}
