{"leftPaddleY":0.7329322432901658,"rightPaddleY":0.5099514699733622,"ballX":0.41669652223392784,"ballY":0.7815239425645686}
