{"leftPaddleY":0.3833957503151304,"rightPaddleY":0.37660262512339293,"ballX":0.386144435309633,"ballY":0.7819907777182922}
