{"leftPaddleY":0.7675774461786494,"rightPaddleY":0.5310939670233807,"ballX":0.6039298539140573,"ballY":0.6920741224671854}
