{"leftPaddleY":0.22429500592597484,"rightPaddleY":0.8021881397908378,"ballX":0.5734979507651248,"ballY":0.8388079666099422}
