{"leftPaddleY":0.43628546231466336,"rightPaddleY":0.5757938765952357,"ballX":0.19276151475668332,"ballY":0.8822110988021523}
