{"leftPaddleY":0.78304629271437,"rightPaddleY":0.6454024824536413,"ballX":0.415442943439399,"ballY":0.23824451659216958}
