{"leftPaddleY":0.9949969182113592,"rightPaddleY":0.032125065435315694,"ballX":0.04261202901508026,"ballY":0.5566456220800504}
