{"leftPaddleY":0.8062891631831807,"rightPaddleY":0.697659211355895,"ballX":0.5131308233269982,"ballY":0.35209926293924176}
