{"leftPaddleY":0.1462536009699638,"rightPaddleY":0.3123058670724733,"ballX":0.13304882685290423,"ballY":0.6650905845784505}
