{"leftPaddleY":0.5132017561691098,"rightPaddleY":0.7007109097914455,"ballX":0.39622700370398045,"ballY":0.040354622735024784}
