{"leftPaddleY":0.002961793401160652,"rightPaddleY":0.651362905610065,"ballX":0.6220681296963942,"ballY":0.31319624903772164}
