{"leftPaddleY":0.32569104648487085,"rightPaddleY":0.8192675907345988,"ballX":0.07244936214290983,"ballY":0.15464010312764218}
