{"leftPaddleY":0.6071326679343776,"rightPaddleY":0.07643211332182118,"ballX":0.23065760918408293,"ballY":0.4388614769399128}
