{"leftPaddleY":0.8880953156397263,"rightPaddleY":0.3026740178017763,"ballX":0.4528517723271257,"ballY":0.9937308328464854}
