{"leftPaddleY":0.7544327412484922,"rightPaddleY":0.8772521929293903,"ballX":0.6789299722257998,"ballY":0.5438509104054797}
