{"leftPaddleY":0.07867913169359243,"rightPaddleY":0.6279139734480407,"ballX":0.3012090732586627,"ballY":0.9580506831472704}
