{"leftPaddleY":0.9980530128933304,"rightPaddleY":0.9128538937773703,"ballX":0.5317455428977919,"ballY":0.3307338675789221}
