{"leftPaddleY":0.4080098824242289,"rightPaddleY":0.4278018391633502,"ballX":0.48425646962166125,"ballY":0.9566546633837011}
