{"leftPaddleY":0.2459461871381251,"rightPaddleY":0.598685336195065,"ballX":0.5728941744190205,"ballY":0.11933008878588584}
