{"leftPaddleY":0.3349844427165833,"rightPaddleY":0.8110828011885163,"ballX":0.49685645087212366,"ballY":0.5638216823978883}
