{"leftPaddleY":0.4830081603768015,"rightPaddleY":0.6984197913060239,"ballX":0.2862777183117029,"ballY":0.45732289393041137}
