{"leftPaddleY":0.23455185198081274,"rightPaddleY":0.08233545201070587,"ballX":0.7654510616947482,"ballY":0.6312385694933389}
