{"leftPaddleY":0.2538091211395717,"rightPaddleY":0.38898193897700734,"ballX":0.7965602114949185,"ballY":0.794134603391471}
