{"leftPaddleY":0.8096035293894337,"rightPaddleY":0.2943354242226141,"ballX":0.13403483903896654,"ballY":0.26280202508366557}
