{"leftPaddleY":0.6934128518493503,"rightPaddleY":0.17564391089448766,"ballX":0.4783047510294044,"ballY":0.8335760709612484}
