{"leftPaddleY":0.13162798256008798,"rightPaddleY":0.5297835262535187,"ballX":0.746145653596241,"ballY":0.1252415331053052}
