{"leftPaddleY":0.16235009321821436,"rightPaddleY":0.289100371512276,"ballX":0.5596955086800781,"ballY":0.5198012983503126}
