{"leftPaddleY":0.24451195985362428,"rightPaddleY":0.0793762234521201,"ballX":0.7647205835253438,"ballY":0.5293891256562929}
