{"leftPaddleY":0.4491924935687525,"rightPaddleY":0.06726262549434583,"ballX":0.24651820902520305,"ballY":0.34549937487175536}
