{"leftPaddleY":0.4627554946384476,"rightPaddleY":0.6751749671612959,"ballX":0.5086810369792607,"ballY":0.8241841322496575}
