{"leftPaddleY":0.3867719329665371,"rightPaddleY":0.7266981110546001,"ballX":0.05971801089668304,"ballY":0.7274010353871728}
