{"leftPaddleY":0.8076213261992217,"rightPaddleY":0.6448466102366224,"ballX":0.08483101787723421,"ballY":0.8986313956489427}
