{"leftPaddleY":0.45540582163204546,"rightPaddleY":0.04189524232652903,"ballX":0.5042855341858978,"ballY":0.7423199693330299}
