{"leftPaddleY":0.1348627378715257,"rightPaddleY":0.20541611567419477,"ballX":0.6210048739508272,"ballY":0.9279249759408352}
