{"leftPaddleY":0.2705131669197396,"rightPaddleY":0.7996629831961826,"ballX":0.9931421947735392,"ballY":0.16338877918379585}
