{"leftPaddleY":0.35251071988063654,"rightPaddleY":0.5209994710072919,"ballX":0.7700213445963897,"ballY":0.7031208084668177}
