{"leftPaddleY":0.5801263033066459,"rightPaddleY":0.19053721600139514,"ballX":0.2505977135799309,"ballY":0.7824830900438238}
