{"leftPaddleY":0.9841318332508465,"rightPaddleY":0.5092589798849171,"ballX":0.15164889746142265,"ballY":0.41488485480994014}
