{"leftPaddleY":0.08090615648461573,"rightPaddleY":0.03686971009682509,"ballX":0.923158323404156,"ballY":0.6274955064971905}
