{"leftPaddleY":0.5781656819029526,"rightPaddleY":0.9071393675077415,"ballX":0.9889645126748388,"ballY":0.17062290252975076}
