{"leftPaddleY":0.35907517162295055,"rightPaddleY":0.19542072874640481,"ballX":0.13092411213962113,"ballY":0.2438574093173001}
