{"leftPaddleY":0.8947444682613882,"rightPaddleY":0.5095491430729717,"ballX":0.11877391485827779,"ballY":0.06095401305195709}
