{"leftPaddleY":0.995655277997767,"rightPaddleY":0.30038914144963164,"ballX":0.6212849408145121,"ballY":0.13124893092033152}
