{"leftPaddleY":0.33911468733483685,"rightPaddleY":0.03213233350802291,"ballX":0.8455878923601203,"ballY":0.3252320859889728}
