{"leftPaddleY":0.38350253605618684,"rightPaddleY":0.23666224295776264,"ballX":0.16845307830136452,"ballY":0.5836174559892385}
