{"leftPaddleY":0.04386988576451899,"rightPaddleY":0.5972380526293731,"ballX":0.15494892783834296,"ballY":0.7161471142538308}
