{"leftPaddleY":0.853890006855577,"rightPaddleY":0.718959137661714,"ballX":0.35597751879805667,"ballY":0.6211116745097545}
