{"leftPaddleY":0.9447798342306496,"rightPaddleY":0.06369875947978022,"ballX":0.7979559087112145,"ballY":0.01449374660585652}
