{"leftPaddleY":0.5119427319657288,"rightPaddleY":0.8567042957388292,"ballX":0.11846335807539397,"ballY":0.21767646900181856}
