{"leftPaddleY":0.03109130256112426,"rightPaddleY":0.9793564278282516,"ballX":0.7427535635157153,"ballY":0.05875138001725615}
