{"leftPaddleY":0.9602803738100635,"rightPaddleY":0.25784016765011525,"ballX":0.842736144328431,"ballY":0.7073692604034839}
