{"leftPaddleY":0.26511093769249433,"rightPaddleY":0.25685434525873363,"ballX":0.7863711372582076,"ballY":0.8099808767231294}
