{"leftPaddleY":0.04528163759151509,"rightPaddleY":0.15510136545253125,"ballX":0.5728328217891406,"ballY":0.9114772774586893}
