{"leftPaddleY":0.9007501468906874,"rightPaddleY":0.1403649940357253,"ballX":0.7073105440937665,"ballY":0.9570389118509249}
