{"leftPaddleY":0.2541941872550985,"rightPaddleY":0.48736326168231303,"ballX":0.06569602068372625,"ballY":0.6281394852525883}
