{"leftPaddleY":0.5993980035847882,"rightPaddleY":0.3934380807027135,"ballX":0.05617865055641742,"ballY":0.17317209678975934}
