{"leftPaddleY":0.4904486823654121,"rightPaddleY":0.7926341814897283,"ballX":0.19726755472060012,"ballY":0.9498070832699655}
