{"leftPaddleY":0.5638464255637752,"rightPaddleY":0.8585328847039005,"ballX":0.8974343264981627,"ballY":0.16286937041797167}
