{"leftPaddleY":0.9803325009826239,"rightPaddleY":0.9196578198211602,"ballX":0.12426082210220735,"ballY":0.5259786008251668}
