{"leftPaddleY":0.09686011990702235,"rightPaddleY":0.5291450388511562,"ballX":0.5066048598343288,"ballY":0.17146391418934928}
