{"leftPaddleY":0.08543134700451134,"rightPaddleY":0.0377876342087626,"ballX":0.3496437588578838,"ballY":0.5267075392983348}
