{"leftPaddleY":0.43918907643153826,"rightPaddleY":0.7651363206674707,"ballX":0.5674506226777161,"ballY":0.8796404775607498}
