{"leftPaddleY":0.11086005243817841,"rightPaddleY":0.9397788991952631,"ballX":0.9401879052388951,"ballY":0.824611067851226}
