{"leftPaddleY":0.6275928087559215,"rightPaddleY":0.08157368403065302,"ballX":0.7479161483101746,"ballY":0.29458173515140235}
