{"leftPaddleY":0.7038888715597044,"rightPaddleY":0.19727059487021575,"ballX":0.4270406595201364,"ballY":0.735633206986938}
