{"leftPaddleY":0.6697452987441838,"rightPaddleY":0.40149208078633936,"ballX":0.9538557366878869,"ballY":0.2819316479989653}
