{"leftPaddleY":0.5125655797346194,"rightPaddleY":0.13331861899933228,"ballX":0.1324644984246586,"ballY":0.2836289028312932}
