{"leftPaddleY":0.43890423629519715,"rightPaddleY":0.8800402044184966,"ballX":0.7300386811918508,"ballY":0.1966063154840176}
