{"leftPaddleY":0.5381718073961458,"rightPaddleY":0.04406697041563276,"ballX":0.1360210834047414,"ballY":0.8385595016061852}
