{"leftPaddleY":0.37930707627406146,"rightPaddleY":0.39721242780853827,"ballX":0.6243805628513002,"ballY":0.7074876252002524}
