{"leftPaddleY":0.9446271698028247,"rightPaddleY":0.6305707204006428,"ballX":0.5601213851426271,"ballY":0.8759322402664017}
