{"leftPaddleY":0.7475746511332193,"rightPaddleY":0.028822706233767672,"ballX":0.38189856887670587,"ballY":0.2668916484883202}
