{"leftPaddleY":0.6511420626807932,"rightPaddleY":0.4085220213819407,"ballX":0.3235775851943193,"ballY":0.5177434920304326}
