{"leftPaddleY":0.15982607416473973,"rightPaddleY":0.3694417886808358,"ballX":0.7450002215017079,"ballY":0.055532775269326776}
