{"leftPaddleY":0.5935081839502402,"rightPaddleY":0.6381155846935852,"ballX":0.4706447497590411,"ballY":0.12410614305588438}
