{"leftPaddleY":0.6927184073771518,"rightPaddleY":0.8722892891105073,"ballX":0.5652380513852605,"ballY":0.6620923687303104}
