{"leftPaddleY":0.8878428124096445,"rightPaddleY":0.4287997415147683,"ballX":0.3366369879971073,"ballY":0.7001908191824728}
