{"leftPaddleY":0.25689792573602743,"rightPaddleY":0.4208148227822154,"ballX":0.4124904125619544,"ballY":0.45157970930131053}
