{"leftPaddleY":0.8512250868960335,"rightPaddleY":0.9180982192163395,"ballX":0.8897592278296164,"ballY":0.5547486617118677}
