{"leftPaddleY":0.35545109025813176,"rightPaddleY":0.5327754254932655,"ballX":0.2121872032521193,"ballY":0.9672405719941698}
