{"leftPaddleY":0.30164359891900566,"rightPaddleY":0.7675096968591315,"ballX":0.299570280133235,"ballY":0.882695638794113}
