{"leftPaddleY":0.6546211639427758,"rightPaddleY":0.5838406161013963,"ballX":0.19895301795670156,"ballY":0.5357937884109495}
