{"leftPaddleY":0.4486321469970325,"rightPaddleY":0.6314206919997288,"ballX":0.6787771120095676,"ballY":0.6071158990043617}
