{"leftPaddleY":0.2500875162741642,"rightPaddleY":0.7267129698377865,"ballX":0.2576393640969503,"ballY":0.46025019356117547}
