{"leftPaddleY":0.16040130244612932,"rightPaddleY":0.8262978886758576,"ballX":0.4629966192425303,"ballY":0.6876306484293828}
