{"leftPaddleY":0.48052911777025525,"rightPaddleY":0.3665740592926642,"ballX":0.646177063213979,"ballY":0.43857582897514547}
