{"leftPaddleY":0.2262509625523223,"rightPaddleY":0.9077442981785209,"ballX":0.014606638521078385,"ballY":0.11866430161153406}
