{"leftPaddleY":0.9339790098825776,"rightPaddleY":0.6261019453710828,"ballX":0.9564398482030243,"ballY":0.5099708252408562}
