{"leftPaddleY":0.13049485749335796,"rightPaddleY":0.07723013651062552,"ballX":0.24676111596115272,"ballY":0.8111069998980934}
