{"leftPaddleY":0.8198801444830949,"rightPaddleY":0.41719499226369444,"ballX":0.6405371082492578,"ballY":0.6937361694644417}
