{"leftPaddleY":0.35304147551250126,"rightPaddleY":0.010621767153546376,"ballX":0.6154313440087045,"ballY":0.8503176463698656}
