{"leftPaddleY":0.9933035226167386,"rightPaddleY":0.08873292970281328,"ballX":0.9951351607888318,"ballY":0.9654459932009049}
