{"leftPaddleY":0.5758411893449819,"rightPaddleY":0.48565670991729937,"ballX":0.5987260315559302,"ballY":0.8353204234602114}
