{"leftPaddleY":0.678873604138498,"rightPaddleY":0.6896471888005824,"ballX":0.7565290881346651,"ballY":0.5561120687259193}
