{"leftPaddleY":0.4274341169872773,"rightPaddleY":0.0002260416220861247,"ballX":0.9976299726203608,"ballY":0.9307924972495958}
