{"leftPaddleY":0.7635164112634061,"rightPaddleY":0.21505754048427547,"ballX":0.3412912261399019,"ballY":0.9439789095436281}
