{"leftPaddleY":0.4151546520737655,"rightPaddleY":0.4888702075829621,"ballX":0.2924679253476672,"ballY":0.8709842045940893}
