{"leftPaddleY":0.894348767129349,"rightPaddleY":0.7429127187195754,"ballX":0.6481514088295105,"ballY":0.6929695853830188}
