{"leftPaddleY":0.977183000870167,"rightPaddleY":0.7513602234288655,"ballX":0.20905081775017725,"ballY":0.6994484937292785}
