{"leftPaddleY":0.2166942555591352,"rightPaddleY":0.8844398338745696,"ballX":0.49789504833450315,"ballY":0.4949969692907375}
