{"leftPaddleY":0.26760905690457754,"rightPaddleY":0.8847752779787659,"ballX":0.7573736837989351,"ballY":0.2036805709640983}
