{"leftPaddleY":0.22034690111761557,"rightPaddleY":0.07559378016168358,"ballX":0.5322447166533474,"ballY":0.2397959081523974}
