{"leftPaddleY":0.9026474495651506,"rightPaddleY":0.06421823872401296,"ballX":0.3589458618265869,"ballY":0.3571738690736177}
