{"leftPaddleY":0.7716308734268661,"rightPaddleY":0.5243280470525874,"ballX":0.17997933638437966,"ballY":0.44647047237354426}
