{"leftPaddleY":0.18780387363531875,"rightPaddleY":0.5111025257928209,"ballX":0.09506979762875678,"ballY":0.4598249388588772}
