{"leftPaddleY":0.875458627015009,"rightPaddleY":0.8963702576396673,"ballX":0.6870261212170322,"ballY":0.40566208554665584}
