{"leftPaddleY":0.3614303387863399,"rightPaddleY":0.10565723101890936,"ballX":0.1700679097743262,"ballY":0.21055008161303757}
