{"leftPaddleY":0.6775385511747568,"rightPaddleY":0.1964380179291146,"ballX":0.4628405849822764,"ballY":0.7993062892620765}
