{"leftPaddleY":0.11179169691383317,"rightPaddleY":0.9995963729389441,"ballX":0.32707126029192163,"ballY":0.7083074597783873}
