{"leftPaddleY":0.24239390665411154,"rightPaddleY":0.4807091211302177,"ballX":0.8261481467553743,"ballY":0.00910450349391241}
