{"leftPaddleY":0.4884795410867751,"rightPaddleY":0.5426114525557684,"ballX":0.6415756898701259,"ballY":0.8121269083329338}
