{"leftPaddleY":0.74262522426504,"rightPaddleY":0.1630126447156028,"ballX":0.2602392457398024,"ballY":0.9216338168928903}
