{"leftPaddleY":0.6228760872266121,"rightPaddleY":0.4157910686633215,"ballX":0.020103658430558297,"ballY":0.9006607309334627}
