{"leftPaddleY":0.8739930820715307,"rightPaddleY":0.810548678899921,"ballX":0.5192159510709353,"ballY":0.4316789447581617}
