{"leftPaddleY":0.37647195080342954,"rightPaddleY":0.7331127131055756,"ballX":0.005317875403743595,"ballY":0.10158962302360944}
