{"leftPaddleY":0.3712175281637161,"rightPaddleY":0.5411803885019123,"ballX":0.6124941532317955,"ballY":0.6464995549110759}
