{"leftPaddleY":0.046821278919978615,"rightPaddleY":0.7727895551065731,"ballX":0.9026447231318541,"ballY":0.160657604334254}
