{"leftPaddleY":0.9938139365147634,"rightPaddleY":0.6317369481937745,"ballX":0.7897688047574248,"ballY":0.6176150865255411}
