{"leftPaddleY":0.43775050065899884,"rightPaddleY":0.38731333124308714,"ballX":0.8941765507486941,"ballY":0.13371636943582005}
