{"leftPaddleY":0.09040835405752672,"rightPaddleY":0.23508406542505572,"ballX":0.660074186163041,"ballY":0.6226162565143993}
