{"leftPaddleY":0.7666052733208004,"rightPaddleY":0.3241582009304763,"ballX":0.8996713405455988,"ballY":0.3068665114031668}
