{"leftPaddleY":0.9909314260333965,"rightPaddleY":0.6287077329163683,"ballX":0.39083936124237867,"ballY":0.28696939112839037}
