{"leftPaddleY":0.8966584703727607,"rightPaddleY":0.43852473036733935,"ballX":0.0068362367845897195,"ballY":0.5986178308495306}
