{"leftPaddleY":0.5388658079455699,"rightPaddleY":0.09768120401118684,"ballX":0.6065398122296302,"ballY":0.5208176452643292}
