{"leftPaddleY":0.515667513372495,"rightPaddleY":0.3873593998961948,"ballX":0.8668057313977324,"ballY":0.9080811867260477}
