{"leftPaddleY":0.882155041417335,"rightPaddleY":0.415734538242998,"ballX":0.3410039275066907,"ballY":0.08874952943485565}
