{"leftPaddleY":0.4252491888638865,"rightPaddleY":0.8440206408953375,"ballX":0.28710072857261193,"ballY":0.14047002663984298}
