{"leftPaddleY":0.1985840616441354,"rightPaddleY":0.4402675667798355,"ballX":0.12549078302030464,"ballY":0.42560500392271106}
