{"leftPaddleY":0.3650914128341198,"rightPaddleY":0.1060189279294855,"ballX":0.5294924377018934,"ballY":0.012440233128804176}
