{"leftPaddleY":0.5160435319768102,"rightPaddleY":0.27771095919350514,"ballX":0.362069768206549,"ballY":0.514592515472577}
