{"leftPaddleY":0.7608878011730106,"rightPaddleY":0.356238133319129,"ballX":0.9363152022665839,"ballY":0.315351711023743}
