{"leftPaddleY":0.3319269702360396,"rightPaddleY":0.3227732995198201,"ballX":0.034346053544418366,"ballY":0.0061374863428037925}
