{"leftPaddleY":0.48728046438866285,"rightPaddleY":0.4977337401063816,"ballX":0.2102118638771786,"ballY":0.18238393266441402}
