{"leftPaddleY":0.9534128166136521,"rightPaddleY":0.40206858994570777,"ballX":0.43498192952701675,"ballY":0.18387247297525405}
