{"leftPaddleY":0.5143395245307605,"rightPaddleY":0.16490204162578115,"ballX":0.046478343054152806,"ballY":0.29267262350411133}
