{"leftPaddleY":0.809237381557965,"rightPaddleY":0.604511311746285,"ballX":0.08602440786119958,"ballY":0.0008352478320092289}
