{"leftPaddleY":0.3461070685001689,"rightPaddleY":0.917116362098106,"ballX":0.9094293878196131,"ballY":0.4484456479525153}
