{"leftPaddleY":0.6777130981805685,"rightPaddleY":0.32185401335512565,"ballX":0.12892204094835383,"ballY":0.49106291408290137}
