{"leftPaddleY":0.44448953327485685,"rightPaddleY":0.0003718283291179829,"ballX":0.6561677306059271,"ballY":0.7652755925868067}
