{"leftPaddleY":0.8202744959579894,"rightPaddleY":0.3238458196664595,"ballX":0.4512656295973324,"ballY":0.969090679979554}
