{"leftPaddleY":0.25033989892774056,"rightPaddleY":0.8223720751688302,"ballX":0.9648353918331485,"ballY":0.3821522921234753}
