{"leftPaddleY":0.6036142865215212,"rightPaddleY":0.3181339486664472,"ballX":0.2040798015639286,"ballY":0.52552995838559}
