{"leftPaddleY":0.735188789548596,"rightPaddleY":0.295112634178579,"ballX":0.37122726791764327,"ballY":0.016895745233376287}
