{"leftPaddleY":0.4767213230824156,"rightPaddleY":0.06002755120629909,"ballX":0.4051036956948861,"ballY":0.48814812582157463}
