{"leftPaddleY":0.6681423897824086,"rightPaddleY":0.5283229065927018,"ballX":0.14374017084259602,"ballY":0.2969470501003029}
