{"leftPaddleY":0.6554322766957373,"rightPaddleY":0.6464377232057509,"ballX":0.37309537359773054,"ballY":0.16737271874758303}
