{"leftPaddleY":0.7028882771781665,"rightPaddleY":0.820980955447121,"ballX":0.41662589443793063,"ballY":0.8960192061140427}
