{"leftPaddleY":0.2615649109146891,"rightPaddleY":0.6349179682816527,"ballX":0.5059428569434925,"ballY":0.8210110287896937}
