{"leftPaddleY":0.5883897452500894,"rightPaddleY":0.6722325196543413,"ballX":0.9948055418287867,"ballY":0.033103658757421654}
