{"leftPaddleY":0.7515682365883708,"rightPaddleY":0.9292359603420446,"ballX":0.2628813752787738,"ballY":0.19067583215159284}
