{"leftPaddleY":0.09501210396387919,"rightPaddleY":0.8324481377006858,"ballX":0.8132180934263484,"ballY":0.32620243624823614}
