{"leftPaddleY":0.14422823253588188,"rightPaddleY":0.22753039237783712,"ballX":0.9542617437243243,"ballY":0.1714237182951882}
