{"leftPaddleY":0.18173161875337487,"rightPaddleY":0.2586881809000916,"ballX":0.9053634344147367,"ballY":0.8320526354583926}
