{"leftPaddleY":0.3696258829417984,"rightPaddleY":0.0442898992226983,"ballX":0.37789981568727565,"ballY":0.2839895260161794}
