{"leftPaddleY":0.5442361294309201,"rightPaddleY":0.8729965844966575,"ballX":0.5000221131374356,"ballY":0.20239617650505762}
