{"leftPaddleY":0.5420381551060021,"rightPaddleY":0.5919717696006175,"ballX":0.6277106445038416,"ballY":0.8702345688024954}
