{"leftPaddleY":0.18358270177021002,"rightPaddleY":0.14490756311688002,"ballX":0.5680063922255121,"ballY":0.8798848766869205}
