{"leftPaddleY":0.8357142906922883,"rightPaddleY":0.9735267401830019,"ballX":0.19194752889502606,"ballY":0.9409787896732484}
