{"leftPaddleY":0.436411474025928,"rightPaddleY":0.6685461010891949,"ballX":0.6386190440165124,"ballY":0.15269098494015687}
