{"leftPaddleY":0.9625419695128855,"rightPaddleY":0.7712809884045344,"ballX":0.5288470206686677,"ballY":0.1809473563076506}
