{"leftPaddleY":0.7432469141547524,"rightPaddleY":0.7769448531013067,"ballX":0.16170007811414264,"ballY":0.42001426492611715}
