{"leftPaddleY":0.5025376198034136,"rightPaddleY":0.23367034699099537,"ballX":0.34489863745019333,"ballY":0.14793107486504353}
