{"leftPaddleY":0.6982292120877004,"rightPaddleY":0.3969994332051398,"ballX":0.23029175811664715,"ballY":0.535258922891158}
