{"leftPaddleY":0.5398412611614061,"rightPaddleY":0.842660016980893,"ballX":0.20381582594680875,"ballY":0.43935141560674645}
