{"leftPaddleY":0.9906740146113111,"rightPaddleY":0.836006705617968,"ballX":0.2489571374188213,"ballY":0.36383404005370756}
