{"leftPaddleY":0.38550214202914374,"rightPaddleY":0.9327014052997632,"ballX":0.6103796541886244,"ballY":0.7986583841787325}
