{"leftPaddleY":0.14367419123450315,"rightPaddleY":0.16564070415066456,"ballX":0.2275012088081419,"ballY":0.7133550147643374}
