{"leftPaddleY":0.8573824622293025,"rightPaddleY":0.8270517078768881,"ballX":0.4481992679706441,"ballY":0.2771157972554265}
