{"leftPaddleY":0.39423039510421937,"rightPaddleY":0.5507771288052092,"ballX":0.15992450683230722,"ballY":0.3052612306600343}
