{"leftPaddleY":0.31851299009059086,"rightPaddleY":0.13818116048459295,"ballX":0.1851486908513916,"ballY":0.06253398939791648}
