{"leftPaddleY":0.4857791379975223,"rightPaddleY":0.5809471038589404,"ballX":0.9017687030789837,"ballY":0.6911450405143842}
