{"leftPaddleY":0.34754158219470194,"rightPaddleY":0.621581998320731,"ballX":0.7882604407992347,"ballY":0.0864298715867798}
