{"leftPaddleY":0.7114421666231453,"rightPaddleY":0.05111171517846391,"ballX":0.5138435362902756,"ballY":0.8603653238544381}
