{"leftPaddleY":0.1461590610495465,"rightPaddleY":0.19269146962238304,"ballX":0.34016831206284215,"ballY":0.1649923322617669}
