{"leftPaddleY":0.5188289992317054,"rightPaddleY":0.1857509778108967,"ballX":0.9321393827310868,"ballY":0.5790970933635528}
