{"leftPaddleY":0.15920686487138885,"rightPaddleY":0.062474835659659576,"ballX":0.6587118822884677,"ballY":0.20986517380836237}
