{"leftPaddleY":0.09920364775531093,"rightPaddleY":0.4715790673580222,"ballX":0.6175528524095576,"ballY":0.8448742571147076}
