{"leftPaddleY":0.16581925075696927,"rightPaddleY":0.5144170012741522,"ballX":0.7926632637580293,"ballY":0.19943798989602374}
