{"leftPaddleY":0.6510798346270427,"rightPaddleY":0.8311249980032158,"ballX":0.3043593813064096,"ballY":0.4638475938841309}
