{"leftPaddleY":0.26904416917050733,"rightPaddleY":0.45834584396510575,"ballX":0.637278974169274,"ballY":0.7371434626517419}
