{"leftPaddleY":0.017154167419659225,"rightPaddleY":0.40165935448380174,"ballX":0.27987521080615635,"ballY":0.745394400272371}
