{"leftPaddleY":0.361769807230426,"rightPaddleY":0.14753148410378214,"ballX":0.6483549276341988,"ballY":0.6000310391580228}
