{"leftPaddleY":0.9784284690989971,"rightPaddleY":0.3291167405217875,"ballX":0.9937358674819318,"ballY":0.23309232190045948}
