{"leftPaddleY":0.023459573062653637,"rightPaddleY":0.9555336258982577,"ballX":0.41856329602948406,"ballY":0.16704199929267471}
