{"leftPaddleY":0.9704669036911926,"rightPaddleY":0.9172749614150416,"ballX":0.9039755534747861,"ballY":0.1967243804858032}
