{"leftPaddleY":0.4738455911960202,"rightPaddleY":0.4889280786241206,"ballX":0.3618568595052457,"ballY":0.547744146864342}
