{"leftPaddleY":0.7003359978949939,"rightPaddleY":0.7636389583890302,"ballX":0.03706465237022622,"ballY":0.7196323738063097}
