{"leftPaddleY":0.5989000268528152,"rightPaddleY":0.7658494520400059,"ballX":0.3086838703153115,"ballY":0.9662211769287206}
