{"leftPaddleY":0.3665907434917973,"rightPaddleY":0.8957295065915611,"ballX":0.4904065447342217,"ballY":0.34923820804671746}
