{"leftPaddleY":0.03115356390936387,"rightPaddleY":0.046026032631763844,"ballX":0.3094309861201485,"ballY":0.6338479366301896}
