{"leftPaddleY":0.9575072538371383,"rightPaddleY":0.02979601974790608,"ballX":0.9971499254624626,"ballY":0.07835272219435735}
