{"leftPaddleY":0.5985822037014132,"rightPaddleY":0.9509688931936262,"ballX":0.3380771051262172,"ballY":0.636654114350311}
