{"leftPaddleY":0.6982007470051076,"rightPaddleY":0.8496528099415873,"ballX":0.3938255456596911,"ballY":0.9986875073808411}
