{"leftPaddleY":0.061039628838260446,"rightPaddleY":0.2798920380255354,"ballX":0.33035615259394246,"ballY":0.04551234348582404}
