{"leftPaddleY":0.6410421580927109,"rightPaddleY":0.21090210306862017,"ballX":0.25976239775702803,"ballY":0.26046806384887544}
