{"leftPaddleY":0.5412881253676275,"rightPaddleY":0.06879685177148442,"ballX":0.5809742087723826,"ballY":0.3657340161974707}
