{"leftPaddleY":0.30172584792991025,"rightPaddleY":0.2677527889037418,"ballX":0.8853292858005842,"ballY":0.48430618470756015}
