{"leftPaddleY":0.4435180932815025,"rightPaddleY":0.9051045910613283,"ballX":0.8959812844270821,"ballY":0.6040481686425222}
