{"leftPaddleY":0.8361139380097306,"rightPaddleY":0.17845059756355194,"ballX":0.6624342627571901,"ballY":0.35712147189296367}
