{"leftPaddleY":0.5218409474950321,"rightPaddleY":0.8562772992311309,"ballX":0.8092293020048923,"ballY":0.5038547770467524}
