{"leftPaddleY":0.4195426234682586,"rightPaddleY":0.6969909474718557,"ballX":0.8207016044693699,"ballY":0.43893541635207267}
