{"leftPaddleY":0.9362541540219697,"rightPaddleY":0.3993832174351817,"ballX":0.12266864206501768,"ballY":0.44033127871804706}
