{"leftPaddleY":0.2169714669548784,"rightPaddleY":0.9227797750907933,"ballX":0.6115823732360818,"ballY":0.3708394535127996}
