{"leftPaddleY":0.6735235086726397,"rightPaddleY":0.16712006793153875,"ballX":0.5791889589173508,"ballY":0.30866498058500047}
