{"leftPaddleY":0.1817919713954844,"rightPaddleY":0.6525208159378701,"ballX":0.6907928665205443,"ballY":0.5192029106176618}
