{"leftPaddleY":0.26097076230428173,"rightPaddleY":0.9740057687893547,"ballX":0.9826836926553804,"ballY":0.09482476919366567}
