{"leftPaddleY":0.6367961991976261,"rightPaddleY":0.8011619156440835,"ballX":0.6869638313490803,"ballY":0.5796595808081221}
