{"leftPaddleY":0.8118574068077345,"rightPaddleY":0.6625471685704991,"ballX":0.8040203864970487,"ballY":0.8741336794721283}
