{"leftPaddleY":0.6022442469221112,"rightPaddleY":0.6345278505084082,"ballX":0.5295360479456658,"ballY":0.4076372330839479}
