{"leftPaddleY":0.5844717083026597,"rightPaddleY":0.9050122661301035,"ballX":0.5521398619662866,"ballY":0.766652998423531}
