{"leftPaddleY":0.281853580207636,"rightPaddleY":0.2443812480161293,"ballX":0.6464663791766545,"ballY":0.38171952067322523}
