{"leftPaddleY":0.05191613159378781,"rightPaddleY":0.37831811911364327,"ballX":0.6405386495488962,"ballY":0.8489268694327742}
