{"leftPaddleY":0.4529287497296326,"rightPaddleY":0.12533950200077199,"ballX":0.10905329885488961,"ballY":0.4889101377366965}
