{"leftPaddleY":0.3547710404393181,"rightPaddleY":0.5980713059038545,"ballX":0.41106390941807996,"ballY":0.31450838639647155}
