{"leftPaddleY":0.4942194953057878,"rightPaddleY":0.8113194239623099,"ballX":0.20781041220419216,"ballY":0.9817307812925518}
