{"leftPaddleY":0.8568313347959556,"rightPaddleY":0.24901573673117547,"ballX":0.40879357211386946,"ballY":0.46422611373607087}
