{"leftPaddleY":0.9896670674026385,"rightPaddleY":0.36117359817241157,"ballX":0.48218659132855446,"ballY":0.8689132606278414}
