{"leftPaddleY":0.8726275880076977,"rightPaddleY":0.527547670999125,"ballX":0.3812632142116829,"ballY":0.806109321840441}
