{"leftPaddleY":0.3053506526523529,"rightPaddleY":0.8429709487483046,"ballX":0.9054462015625739,"ballY":0.15798406007440086}
