{"leftPaddleY":0.5270018874321954,"rightPaddleY":0.5346457269761288,"ballX":0.37838454947013594,"ballY":0.5310959122754871}
