{"leftPaddleY":0.29211563996289797,"rightPaddleY":0.10224921583912967,"ballX":0.23869492003602025,"ballY":0.7853549014219123}
