{"leftPaddleY":0.6416530765090414,"rightPaddleY":0.35569158727176947,"ballX":0.3573407852739952,"ballY":0.614398618322207}
