{"leftPaddleY":0.918359088620392,"rightPaddleY":0.03248602117375136,"ballX":0.7371126014932171,"ballY":0.925349676278005}
