{"leftPaddleY":0.8375818253553707,"rightPaddleY":0.7925581652158735,"ballX":0.5117410222276659,"ballY":0.931328895936994}
