{"leftPaddleY":0.3660257713092053,"rightPaddleY":0.34259510340121424,"ballX":0.6052982952284062,"ballY":0.1863662195591794}
