{"leftPaddleY":0.5323689925115508,"rightPaddleY":0.6457736151591869,"ballX":0.7912508333331906,"ballY":0.7175188321146626}
