{"leftPaddleY":0.38738771528123045,"rightPaddleY":0.5836352623491671,"ballX":0.5913683569713851,"ballY":0.7026795585381083}
