{"leftPaddleY":0.9196306559634044,"rightPaddleY":0.6220090753579618,"ballX":0.4608592956399904,"ballY":0.7720184497133155}
