{"leftPaddleY":0.24173385459617677,"rightPaddleY":0.7790183188797883,"ballX":0.5190047967672754,"ballY":0.794705256190341}
