{"leftPaddleY":0.9917750517827975,"rightPaddleY":0.6505726296270686,"ballX":0.9421692044803844,"ballY":0.09661670659860795}
