{"leftPaddleY":0.09781313317265239,"rightPaddleY":0.9393840126020875,"ballX":0.9207375620809943,"ballY":0.4138083351072885}
