{"leftPaddleY":0.5105356188287598,"rightPaddleY":0.2821461565097346,"ballX":0.06600233190229386,"ballY":0.00409655471711899}
