{"leftPaddleY":0.14557237893448252,"rightPaddleY":0.6378397518745182,"ballX":0.3214317378218283,"ballY":0.31149024720359736}
