{"leftPaddleY":0.8053628974553833,"rightPaddleY":0.9085901561833897,"ballX":0.16758492368290445,"ballY":0.5449448919825887}
