{"leftPaddleY":0.6555242521152286,"rightPaddleY":0.9312292060157462,"ballX":0.791353260274674,"ballY":0.865420772636858}
