{"leftPaddleY":0.7148441305446841,"rightPaddleY":0.37067704838049736,"ballX":0.9200251558723556,"ballY":0.9374896965959812}
