{"leftPaddleY":0.6292881320504216,"rightPaddleY":0.5873487727994968,"ballX":0.29796994467204596,"ballY":0.060520809939251394}
