{"leftPaddleY":0.2735205013036744,"rightPaddleY":0.6168574426046293,"ballX":0.2451440965787309,"ballY":0.11496573806633692}
