{"leftPaddleY":0.037344301846872686,"rightPaddleY":0.4227246322352049,"ballX":0.7035154312477035,"ballY":0.21831657962247875}
