{"leftPaddleY":0.9719855431339892,"rightPaddleY":0.7561464553643158,"ballX":0.8116998551866863,"ballY":0.19301898342405419}
