{"leftPaddleY":0.29387140961018315,"rightPaddleY":0.6771681028773183,"ballX":0.8967613396161513,"ballY":0.43672439149615294}
