{"leftPaddleY":0.1042156832956673,"rightPaddleY":0.19883519650788747,"ballX":0.48276760723724743,"ballY":0.218632944654579}
