{"leftPaddleY":0.9406140975415871,"rightPaddleY":0.25152820905272283,"ballX":0.07882771972182473,"ballY":0.12435701027008957}
