{"leftPaddleY":0.7020218148619912,"rightPaddleY":0.7703716664464262,"ballX":0.6439025181490416,"ballY":0.28245947264608967}
