{"leftPaddleY":0.050824344835549325,"rightPaddleY":0.11322581834576066,"ballX":0.6637992483405759,"ballY":0.39251037232673586}
