{"leftPaddleY":0.12563850427415807,"rightPaddleY":0.18469424158205486,"ballX":0.18796674052450965,"ballY":0.08853789059868297}
