{"leftPaddleY":0.8651832782510624,"rightPaddleY":0.19633410362701226,"ballX":0.9440743512903612,"ballY":0.6975205374814081}
