{"leftPaddleY":0.450746956831495,"rightPaddleY":0.07237828699988685,"ballX":0.5146483212336851,"ballY":0.03221584593365458}
