{"leftPaddleY":0.637174277839783,"rightPaddleY":0.9476863613864659,"ballX":0.21797899239966315,"ballY":0.411430195525707}
