{"leftPaddleY":0.6649616575172347,"rightPaddleY":0.08627381038234413,"ballX":0.07088068032763492,"ballY":0.13612781196461282}
