{"leftPaddleY":0.8580886833127506,"rightPaddleY":0.8106772664776141,"ballX":0.08649378829036952,"ballY":0.4836324450871558}
