{"leftPaddleY":0.5576612241967934,"rightPaddleY":0.8197007951241565,"ballX":0.7010657154453032,"ballY":0.4385925666402858}
