{"leftPaddleY":0.6167657929416258,"rightPaddleY":0.9948118856588436,"ballX":0.8297085490920588,"ballY":0.6287117366029569}
