{"leftPaddleY":0.48325398645142326,"rightPaddleY":0.6012557099418093,"ballX":0.25202902979707004,"ballY":0.6232754197442795}
