{"leftPaddleY":0.6568533433185283,"rightPaddleY":0.0793457602895885,"ballX":0.7575963526551617,"ballY":0.9758600040081248}
