{"leftPaddleY":0.051219546426834364,"rightPaddleY":0.3971399640697354,"ballX":0.7922595099552674,"ballY":0.6024270577960487}
