{"leftPaddleY":0.18567981883401607,"rightPaddleY":0.4618123160229946,"ballX":0.1366981122238908,"ballY":0.9218062363405444}
