{"leftPaddleY":0.584793628930721,"rightPaddleY":0.06204395293423893,"ballX":0.15906338054140914,"ballY":0.09581263221367015}
