{"leftPaddleY":0.7341088575841311,"rightPaddleY":0.1840106666621647,"ballX":0.279856835109946,"ballY":0.6436306664844793}
