{"leftPaddleY":0.7763937404116351,"rightPaddleY":0.6882327175314534,"ballX":0.08032345306275172,"ballY":0.14368030344492685}
