{"leftPaddleY":0.01926772820691988,"rightPaddleY":0.16421075118410033,"ballX":0.15533814553052597,"ballY":0.06320936399863519}
