{"leftPaddleY":0.3065173315951233,"rightPaddleY":0.05931852406125406,"ballX":0.20596136117850247,"ballY":0.12236913378736804}
