{"leftPaddleY":0.506698359529824,"rightPaddleY":0.5948688340735727,"ballX":0.1949614103034237,"ballY":0.9782767605082575}
