{"leftPaddleY":0.17716639062649667,"rightPaddleY":0.7210887864976503,"ballX":0.7312381137999153,"ballY":0.021072386649056193}
