{"leftPaddleY":0.12416190614680864,"rightPaddleY":0.17611542163255434,"ballX":0.06141282131832962,"ballY":0.9763689745443801}
