{"leftPaddleY":0.9151295132834484,"rightPaddleY":0.8770637907113572,"ballX":0.34929395560374843,"ballY":0.05654416515920444}
