{"leftPaddleY":0.37963987287834866,"rightPaddleY":0.5455023209863871,"ballX":0.8698942004328577,"ballY":0.95700276672788}
