{"leftPaddleY":0.2066850100786043,"rightPaddleY":0.919613593376024,"ballX":0.8087129327169345,"ballY":0.8714447217580666}
