{"leftPaddleY":0.12085284615519924,"rightPaddleY":0.19241873549988375,"ballX":0.4448057607999499,"ballY":0.08363630638141617}
