{"leftPaddleY":0.4831183014952003,"rightPaddleY":0.7003936257688147,"ballX":0.9946856238077698,"ballY":0.0013075476126719495}
