{"leftPaddleY":0.49181804271112245,"rightPaddleY":0.833068710528984,"ballX":0.6497282278228729,"ballY":0.4538201606744009}
