{"leftPaddleY":0.5470675970435576,"rightPaddleY":0.0846220320643638,"ballX":0.7400649375897036,"ballY":0.8697014206182211}
