{"leftPaddleY":0.7470550751103973,"rightPaddleY":0.7557369634463054,"ballX":0.58819105650245,"ballY":0.9871136451193867}
