{"leftPaddleY":0.08531624768833111,"rightPaddleY":0.6168719280830705,"ballX":0.1828134042085348,"ballY":0.9882841604958309}
