{"leftPaddleY":0.11311315250583917,"rightPaddleY":0.7647325741666499,"ballX":0.11622014651410717,"ballY":0.06233038147754417}
