{"leftPaddleY":0.10290204846149036,"rightPaddleY":0.07987208501185501,"ballX":0.7901264958006055,"ballY":0.3634803373444412}
