{"leftPaddleY":0.4463584926100806,"rightPaddleY":0.8780994955180855,"ballX":0.43183760470386673,"ballY":0.7611643381961418}
