{"leftPaddleY":0.02614398094242856,"rightPaddleY":0.4171707138780816,"ballX":0.5668717287132681,"ballY":0.11863024420690818}
