{"leftPaddleY":0.7595615685436665,"rightPaddleY":0.4842990482394834,"ballX":0.5438935574382868,"ballY":0.24626627027767306}
