{"leftPaddleY":0.9572225835002504,"rightPaddleY":0.19155970414550744,"ballX":0.0873467224543927,"ballY":0.6573979221807764}
