{"leftPaddleY":0.6619340676751257,"rightPaddleY":0.1988902445680236,"ballX":0.7666222221234023,"ballY":0.4449345987095291}
