{"leftPaddleY":0.8089119862573949,"rightPaddleY":0.9866592495804839,"ballX":0.6559160027068697,"ballY":0.13770368340658876}
