{"leftPaddleY":0.9389888009437043,"rightPaddleY":0.21057848203077303,"ballX":0.7509875638142822,"ballY":0.05245528982382347}
