{"leftPaddleY":0.2275091388916657,"rightPaddleY":0.7381882182871392,"ballX":0.622245886284342,"ballY":0.05505101075317398}
