{"leftPaddleY":0.7370584216547424,"rightPaddleY":0.2595140224450673,"ballX":0.0910243721870862,"ballY":0.5623177669047825}
