{"leftPaddleY":0.7790701774338714,"rightPaddleY":0.7892510967367544,"ballX":0.27585990983151243,"ballY":0.8326431710750429}
