{"leftPaddleY":0.909596636433411,"rightPaddleY":0.009390861861772667,"ballX":0.7030656015031883,"ballY":0.25924230924336794}
