{"leftPaddleY":0.4286768890636977,"rightPaddleY":0.5956401585479797,"ballX":0.23421576793000712,"ballY":0.8766331618310229}
