{"leftPaddleY":0.5885350383994166,"rightPaddleY":0.6917585819964908,"ballX":0.993955338870374,"ballY":0.8315867432405462}
