{"leftPaddleY":0.07300021018021154,"rightPaddleY":0.5822579857491902,"ballX":0.7906204146369875,"ballY":0.8317438101335939}
