{"leftPaddleY":0.8308555777777408,"rightPaddleY":0.9955236247253078,"ballX":0.700051803437593,"ballY":0.6295803086424445}
