{"leftPaddleY":0.11128837831571514,"rightPaddleY":0.17667457164008313,"ballX":0.9389449925385881,"ballY":0.7046497866891387}
