{"leftPaddleY":0.5923405542638415,"rightPaddleY":0.41141174179229173,"ballX":0.14088280042427417,"ballY":0.1206563288656138}
