{"leftPaddleY":0.22532499668312617,"rightPaddleY":0.16550013196944238,"ballX":0.38800085612172647,"ballY":0.9871975054299073}
