{"leftPaddleY":0.8881135687008005,"rightPaddleY":0.4070419096784672,"ballX":0.3445873421063555,"ballY":0.48394448680327484}
