{"leftPaddleY":0.036937443491002316,"rightPaddleY":0.33417633083368337,"ballX":0.9356725916727436,"ballY":0.031767764629783604}
