{"leftPaddleY":0.030394047184550157,"rightPaddleY":0.9009999352990903,"ballX":0.4258379854407728,"ballY":0.627822207003364}
