{"leftPaddleY":0.564486738236498,"rightPaddleY":0.8079808937956839,"ballX":0.5937542640370548,"ballY":0.31409490172355287}
