{"leftPaddleY":0.031169056045355092,"rightPaddleY":0.8736688344603488,"ballX":0.1803523392449783,"ballY":0.17131894507331671}
