{"leftPaddleY":0.7720424976472476,"rightPaddleY":0.019297039885937933,"ballX":0.5453680974246441,"ballY":0.3091904570926517}
