{"leftPaddleY":0.7872578859357989,"rightPaddleY":0.910931663323477,"ballX":0.4928769162003074,"ballY":0.02263098632442351}
