{"leftPaddleY":0.1523112847359816,"rightPaddleY":0.6044843553013348,"ballX":0.6038472213966487,"ballY":0.19288871930129223}
