{"leftPaddleY":0.6966282466788161,"rightPaddleY":0.599223305754179,"ballX":0.8527647857761271,"ballY":0.5944564385774045}
