{"leftPaddleY":0.951296542126845,"rightPaddleY":0.6390781349103732,"ballX":0.02287129669785662,"ballY":0.8837083320450447}
