{"leftPaddleY":0.9836875088832526,"rightPaddleY":0.4703393011993705,"ballX":0.6318581050243909,"ballY":0.36646696959405467}
