{"leftPaddleY":0.36487529027488985,"rightPaddleY":0.11066137601691454,"ballX":0.7265898727829595,"ballY":0.32052954131571454}
