{"leftPaddleY":0.0869767334710011,"rightPaddleY":0.6875477659856535,"ballX":0.539595273036097,"ballY":0.36044238974497367}
