{"leftPaddleY":0.3441894852650278,"rightPaddleY":0.601126166075661,"ballX":0.8331141247255675,"ballY":0.5053360498424143}
