{"leftPaddleY":0.29363323440685885,"rightPaddleY":0.053395699730598614,"ballX":0.8479847867680214,"ballY":0.14749976252888372}
