{"leftPaddleY":0.30210460656201055,"rightPaddleY":0.8289818438813784,"ballX":0.6344290321994314,"ballY":0.2529040357441655}
