{"leftPaddleY":0.2575471857982961,"rightPaddleY":0.8207159804552658,"ballX":0.17157299642924115,"ballY":0.803457731420042}
