{"leftPaddleY":0.6143803406602842,"rightPaddleY":0.3007722865454836,"ballX":0.5740765434771422,"ballY":0.7438636339884186}
