{"leftPaddleY":0.5439079902838704,"rightPaddleY":0.6009924673215886,"ballX":0.29786319881409457,"ballY":0.8014712273955397}
