{"leftPaddleY":0.07899299785464482,"rightPaddleY":0.2414100553721736,"ballX":0.983779483024398,"ballY":0.5244091658734565}
