{"leftPaddleY":0.9120799778812225,"rightPaddleY":0.804575002757653,"ballX":0.42501169358070967,"ballY":0.25947037835726294}
