{"leftPaddleY":0.15994374889171303,"rightPaddleY":0.8731733170104498,"ballX":0.09509152977895859,"ballY":0.5244841034124564}
