{"leftPaddleY":0.5448453219741176,"rightPaddleY":0.6239899697094672,"ballX":0.1326625899952918,"ballY":0.43017583585276575}
