{"leftPaddleY":0.028935070479820975,"rightPaddleY":0.6311904617237807,"ballX":0.31815333305221555,"ballY":0.006443241374858214}
