{"leftPaddleY":0.28503383398183135,"rightPaddleY":0.7847564769871749,"ballX":0.6822710067154379,"ballY":0.16633914508391723}
