{"leftPaddleY":0.4996078504240115,"rightPaddleY":0.22960740339935362,"ballX":0.32359952221695526,"ballY":0.7679904983849478}
