{"leftPaddleY":0.6021250902464642,"rightPaddleY":0.2493644804626149,"ballX":0.42692709662396117,"ballY":0.6956227711245583}
