{"leftPaddleY":0.7282946588677068,"rightPaddleY":0.03915856448864232,"ballX":0.1348271566906116,"ballY":0.1987157955926295}
