{"leftPaddleY":0.723924349344506,"rightPaddleY":0.8745148699152744,"ballX":0.5421724369450165,"ballY":0.004067923138511231}
