{"leftPaddleY":0.8170585387363444,"rightPaddleY":0.032191143240903164,"ballX":0.9053234840040999,"ballY":0.39846870523364036}
