{"leftPaddleY":0.5349158840110747,"rightPaddleY":0.2646399128610775,"ballX":0.4352465543632776,"ballY":0.5241502400467952}
