{"leftPaddleY":0.18433507451372141,"rightPaddleY":0.12466651866801481,"ballX":0.05792863740245767,"ballY":0.7595784627432046}
