{"leftPaddleY":0.6259986917198839,"rightPaddleY":0.40397279581923196,"ballX":0.05821242109999818,"ballY":0.31125169567565475}
