{"leftPaddleY":0.2906015850838606,"rightPaddleY":0.7594115589396612,"ballX":0.06330108410490189,"ballY":0.5986658236490952}
