{"leftPaddleY":0.8933349667222789,"rightPaddleY":0.8881275364353755,"ballX":0.7474657155434298,"ballY":0.9654697576626473}
