{"leftPaddleY":0.8017773092627708,"rightPaddleY":0.5480672586362864,"ballX":0.7387790239969347,"ballY":0.03261268892532127}
