{"leftPaddleY":0.5912192769364641,"rightPaddleY":0.22462416549028175,"ballX":0.5177286494833065,"ballY":0.7183988583701145}
