{"leftPaddleY":0.37052471313656055,"rightPaddleY":0.4250114740531126,"ballX":0.9949575122066292,"ballY":0.13554992509795552}
