{"leftPaddleY":0.03719323550526194,"rightPaddleY":0.4036689906536023,"ballX":0.9317932768772426,"ballY":0.11171743874909609}
