{"leftPaddleY":0.7400860141736744,"rightPaddleY":0.044111346376789866,"ballX":0.08408836491372962,"ballY":0.4902745462223648}
