{"leftPaddleY":0.8509053300563535,"rightPaddleY":0.060279982290384594,"ballX":0.8355176629866126,"ballY":0.6562818218194462}
