{"leftPaddleY":0.3126758144936942,"rightPaddleY":0.042992593726701576,"ballX":0.6088033974814008,"ballY":0.8438185643920604}
