{"leftPaddleY":0.2183976326615784,"rightPaddleY":0.193810968774753,"ballX":0.5449326663573588,"ballY":0.32973694331422604}
