{"leftPaddleY":0.9129090710995437,"rightPaddleY":0.2004513054656323,"ballX":0.3093388192628546,"ballY":0.1829099968964653}
