{"leftPaddleY":0.9956515853146156,"rightPaddleY":0.2650571131163269,"ballX":0.34599653146596343,"ballY":0.5566251528027067}
