{"leftPaddleY":0.8116312995373424,"rightPaddleY":0.03999124536008449,"ballX":0.8964345146857252,"ballY":0.6972027999987888}
