{"leftPaddleY":0.7434408303251812,"rightPaddleY":0.9682261861324264,"ballX":0.34467659963597314,"ballY":0.8119246061826906}
