{"leftPaddleY":0.16535963110768104,"rightPaddleY":0.1528716154430411,"ballX":0.6874539558595922,"ballY":0.31895228996508745}
