{"leftPaddleY":0.46679830257698446,"rightPaddleY":0.1609173373457253,"ballX":0.32785985229273273,"ballY":0.3436002408433137}
