{"leftPaddleY":0.17020577882195653,"rightPaddleY":0.30401035590260445,"ballX":0.12070245323248613,"ballY":0.9932703145979516}
