{"leftPaddleY":0.09765956942610486,"rightPaddleY":0.6851396068710167,"ballX":0.6874773714363108,"ballY":0.37568762767966035}
