{"leftPaddleY":0.6426687672671141,"rightPaddleY":0.8968495690577784,"ballX":0.21485468936161406,"ballY":0.00520415851883551}
