{"leftPaddleY":0.6273184074967427,"rightPaddleY":0.47196435642663565,"ballX":0.3762707151661644,"ballY":0.21532612725914246}
