{"leftPaddleY":0.9371755524714025,"rightPaddleY":0.8963879142788856,"ballX":0.23869183163908356,"ballY":0.582033275910315}
