{"leftPaddleY":0.2161138455408967,"rightPaddleY":0.9157166558543364,"ballX":0.5183879038796252,"ballY":0.661430346919382}
