{"leftPaddleY":0.9780627461330534,"rightPaddleY":0.802202330360283,"ballX":0.07092616474815258,"ballY":0.3058619828634826}
