{"leftPaddleY":0.6245739445965379,"rightPaddleY":0.5230914342698473,"ballX":0.41029139591387515,"ballY":0.7820988251132152}
