{"leftPaddleY":0.7077313100297503,"rightPaddleY":0.857284683075922,"ballX":0.44793228964100673,"ballY":0.0732722685616944}
