{"leftPaddleY":0.45037244465559456,"rightPaddleY":0.023778319743093922,"ballX":0.4907115431067273,"ballY":0.13527212738597724}
