{"leftPaddleY":0.6324136542958837,"rightPaddleY":0.40110894853326134,"ballX":0.2702531058478354,"ballY":0.862071702846944}
