{"leftPaddleY":0.10854835677773562,"rightPaddleY":0.26888922890998046,"ballX":0.6419764611700356,"ballY":0.675027985072105}
