{"leftPaddleY":0.3168786984812154,"rightPaddleY":0.6327142690316555,"ballX":0.005585487776531626,"ballY":0.7752903842724194}
