{"leftPaddleY":0.7116812061815933,"rightPaddleY":0.997806781516209,"ballX":0.688427106701213,"ballY":0.15489343102118674}
