{"leftPaddleY":0.1021474288625548,"rightPaddleY":0.47361233727646523,"ballX":0.7882211672619177,"ballY":0.4924865889649242}
