{"leftPaddleY":0.3437422146151589,"rightPaddleY":0.5448341186417828,"ballX":0.9558793623298205,"ballY":0.7534810089918207}
