{"leftPaddleY":0.6917323199847831,"rightPaddleY":0.6838169871316692,"ballX":0.6261674273079814,"ballY":0.17999942038657035}
