{"leftPaddleY":0.20218665817141168,"rightPaddleY":0.05791129667763683,"ballX":0.9020477737140747,"ballY":0.540811745941405}
