{"leftPaddleY":0.08754446981629291,"rightPaddleY":0.6131959647897374,"ballX":0.41704591583805606,"ballY":0.9614981353987592}
