{"leftPaddleY":0.3726101832040955,"rightPaddleY":0.9031383091041224,"ballX":0.01624912235845768,"ballY":0.38698187326406247}
