{"leftPaddleY":0.1922219659930905,"rightPaddleY":0.8406658484064874,"ballX":0.4440532566489765,"ballY":0.9194860594590225}
