{"leftPaddleY":0.6000854429316138,"rightPaddleY":0.5304557377871378,"ballX":0.25942347969652074,"ballY":0.5004619273594659}
