{"leftPaddleY":0.3770296762972458,"rightPaddleY":0.6718172621864967,"ballX":0.2134293475962435,"ballY":0.08202101597651228}
