{"leftPaddleY":0.5600963425102738,"rightPaddleY":0.06565231398556728,"ballX":0.9276116858371987,"ballY":0.42284293279580326}
