{"leftPaddleY":0.34315733153877426,"rightPaddleY":0.811509200508257,"ballX":0.3436346718804922,"ballY":0.987481675960381}
