{"leftPaddleY":0.47014830406420044,"rightPaddleY":0.8477898401830493,"ballX":0.19691545325675575,"ballY":0.3306704843949561}
