{"leftPaddleY":0.25221897917399416,"rightPaddleY":0.51651265315389,"ballX":0.16481513687058594,"ballY":0.19623851090361938}
