{"leftPaddleY":0.443325604971889,"rightPaddleY":0.21796750600691076,"ballX":0.30725514899422446,"ballY":0.4520730163127878}
