{"leftPaddleY":0.2151272337769869,"rightPaddleY":0.5251648963962687,"ballX":0.8390820086120166,"ballY":0.3635889088718578}
