{"leftPaddleY":0.3415340316490991,"rightPaddleY":0.6216130244093597,"ballX":0.17432391609211034,"ballY":0.4153066586014831}
