{"leftPaddleY":0.402509092405296,"rightPaddleY":0.7945902283517989,"ballX":0.029324250694364732,"ballY":0.6093638089693637}
