{"leftPaddleY":0.04606931630785255,"rightPaddleY":0.49544795675805686,"ballX":0.4063783404422449,"ballY":0.21581510623329536}
