{"leftPaddleY":0.024871692280303625,"rightPaddleY":0.13822817290899106,"ballX":0.09294135772964585,"ballY":0.6439149406270362}
