{"leftPaddleY":0.9206576089838108,"rightPaddleY":0.5960791893446975,"ballX":0.8901062072832826,"ballY":0.20235067263980597}
