{"leftPaddleY":0.6681274426962478,"rightPaddleY":0.9958540071607298,"ballX":0.6926510234813564,"ballY":0.7573915467204071}
