{"leftPaddleY":0.7457536242160258,"rightPaddleY":0.7524029852442852,"ballX":0.8745598879426857,"ballY":0.0769437199131258}
