{"leftPaddleY":0.692480181066213,"rightPaddleY":0.7249225585531611,"ballX":0.9880679473751047,"ballY":0.09202479185739586}
