{"leftPaddleY":0.22998215634273395,"rightPaddleY":0.36622017553036934,"ballX":0.44251857479842044,"ballY":0.1705597089061401}
