{"leftPaddleY":0.30398325144913935,"rightPaddleY":0.6965471343299648,"ballX":0.3990744179368073,"ballY":0.6348807734284203}
