{"leftPaddleY":0.2736244121005993,"rightPaddleY":0.2530890003948704,"ballX":0.7683542868765169,"ballY":0.28628745714617704}
