{"leftPaddleY":0.7426707888123749,"rightPaddleY":0.1521857420774143,"ballX":0.311089692192032,"ballY":0.3896008066571365}
