{"leftPaddleY":0.18346293204160266,"rightPaddleY":0.16367439496039105,"ballX":0.131184662114938,"ballY":0.9573587407416352}
