{"leftPaddleY":0.9468739093376636,"rightPaddleY":0.7103611275603912,"ballX":0.6756288754758863,"ballY":0.8747720042283257}
