{"leftPaddleY":0.5791620943500538,"rightPaddleY":0.31849166670420986,"ballX":0.7884431351064111,"ballY":0.368588541287659}
