{"leftPaddleY":0.2766455912843812,"rightPaddleY":0.633088807992395,"ballX":0.2129422193283419,"ballY":0.14972865290840828}
