{"leftPaddleY":0.8750490745738433,"rightPaddleY":0.8358086408845632,"ballX":0.6063904916724464,"ballY":0.6458621788097498}
