{"leftPaddleY":0.6191842678732599,"rightPaddleY":0.3895920621807868,"ballX":0.6827359399645017,"ballY":0.5524793601267939}
