{"leftPaddleY":0.9217760752071508,"rightPaddleY":0.9141742972995105,"ballX":0.299736066172921,"ballY":0.11624548599148739}
