{"leftPaddleY":0.8407952644059632,"rightPaddleY":0.45991937582364306,"ballX":0.7585459679973895,"ballY":0.8179311310459497}
