{"leftPaddleY":0.5914846320237749,"rightPaddleY":0.567133132497451,"ballX":0.9567178730066589,"ballY":0.13776878168755602}
