{"leftPaddleY":0.4833658618434963,"rightPaddleY":0.47208701692719723,"ballX":0.3425961329318238,"ballY":0.06449146684583762}
