{"leftPaddleY":0.06609308668687296,"rightPaddleY":0.45142123925049266,"ballX":0.6381693775842107,"ballY":0.4106506785693234}
