{"leftPaddleY":0.16752923615512674,"rightPaddleY":0.6964910865634683,"ballX":0.5336902787003214,"ballY":0.5939384752629374}
