{"leftPaddleY":0.3336467008271994,"rightPaddleY":0.6789194567628487,"ballX":0.055983551628297934,"ballY":0.95087720592391}
