{"leftPaddleY":0.26274072459192793,"rightPaddleY":0.5765254254265895,"ballX":0.8556188084374271,"ballY":0.50731163262942}
