{"leftPaddleY":0.7240922364474237,"rightPaddleY":0.4206784473647525,"ballX":0.161733392874111,"ballY":0.6427439277944891}
