{"leftPaddleY":0.7900052947594728,"rightPaddleY":0.2401327732350048,"ballX":0.6292513687254455,"ballY":0.5572783344129331}
