{"leftPaddleY":0.8224332878791346,"rightPaddleY":0.37141589403801684,"ballX":0.964357838723726,"ballY":0.9462215001530057}
