{"leftPaddleY":0.6919521164246146,"rightPaddleY":0.8523877090035324,"ballX":0.2521351585756231,"ballY":0.1755406887212237}
