{"leftPaddleY":0.9570343569186414,"rightPaddleY":0.6106605968085983,"ballX":0.5123948102180751,"ballY":0.10678810905750376}
