{"leftPaddleY":0.44013880794884797,"rightPaddleY":0.47895275987174374,"ballX":0.5404552180818918,"ballY":0.017175098222709823}
