{"leftPaddleY":0.43356895562609965,"rightPaddleY":0.3085425865621733,"ballX":0.7868498357245445,"ballY":0.8889290169703192}
