{"leftPaddleY":0.1650322306954513,"rightPaddleY":0.1266710966848347,"ballX":0.7063841626686954,"ballY":0.6826293505803385}
