{"leftPaddleY":0.9831781639035782,"rightPaddleY":0.9810901960798454,"ballX":0.4805258815806308,"ballY":0.05104768293423282}
