{"leftPaddleY":0.9787037256346358,"rightPaddleY":0.06935583842810518,"ballX":0.29470737874644753,"ballY":0.9909670469220295}
