{"leftPaddleY":0.5012998806479612,"rightPaddleY":0.930422742654643,"ballX":0.14885179404003515,"ballY":0.7874338861769715}
