{"leftPaddleY":0.6321635775331208,"rightPaddleY":0.6064538038555981,"ballX":0.5616878947980507,"ballY":0.6254010247364654}
