{"leftPaddleY":0.36725457232549086,"rightPaddleY":0.2733068857388203,"ballX":0.70202040749415,"ballY":0.3934149370052527}
