{"leftPaddleY":0.667299161710853,"rightPaddleY":0.6568426243710584,"ballX":0.9331535339090498,"ballY":0.26277889143012084}
