{"leftPaddleY":0.43823842570589944,"rightPaddleY":0.887004052660076,"ballX":0.9859619528823694,"ballY":0.37155240310350135}
