{"leftPaddleY":0.3925046814446417,"rightPaddleY":0.4462691589944883,"ballX":0.4514793182522032,"ballY":0.41237803716545235}
