{"leftPaddleY":0.5311480073022018,"rightPaddleY":0.37735423108992705,"ballX":0.11721245989625528,"ballY":0.2832392888968918}
