{"leftPaddleY":0.391058690557278,"rightPaddleY":0.12850430815196592,"ballX":0.48482845584409423,"ballY":0.5333579700580329}
