{"leftPaddleY":0.8073598151202024,"rightPaddleY":0.29046827201689646,"ballX":0.038838436185387105,"ballY":0.00048521576635329066}
