{"leftPaddleY":0.3791053053290091,"rightPaddleY":0.9251248746664696,"ballX":0.65257598064459,"ballY":0.003584491326271001}
