{"leftPaddleY":0.22882416055752644,"rightPaddleY":0.8418720861193205,"ballX":0.4331076878529154,"ballY":0.5992765922341003}
