{"leftPaddleY":0.41353541620331824,"rightPaddleY":0.3318163220396964,"ballX":0.188830991181625,"ballY":0.3978462578164434}
