{"leftPaddleY":0.988638788369157,"rightPaddleY":0.23226919652586825,"ballX":0.7156204079729831,"ballY":0.9352434580359976}
