{"leftPaddleY":0.43527754216744646,"rightPaddleY":0.7741016385261731,"ballX":0.45449517120075306,"ballY":0.4761270644064099}
