{"leftPaddleY":0.2603687307753827,"rightPaddleY":0.7742038480237762,"ballX":0.38832738991356736,"ballY":0.7902130776286783}
