{"leftPaddleY":0.41208321667784403,"rightPaddleY":0.9853961586252487,"ballX":0.41897938314410976,"ballY":0.9060197537332354}
