{"leftPaddleY":0.6221594548224726,"rightPaddleY":0.36982634625125327,"ballX":0.07923933131127943,"ballY":0.2839791986675801}
