{"leftPaddleY":0.6403337051404766,"rightPaddleY":0.47220350941693157,"ballX":0.6030123120867639,"ballY":0.7985580979542192}
