{"leftPaddleY":0.40571260455320807,"rightPaddleY":0.6302473233030211,"ballX":0.8835688923690601,"ballY":0.9308193432579478}
