{"leftPaddleY":0.6852951711799435,"rightPaddleY":0.8883182484325185,"ballX":0.5802455447540615,"ballY":0.12263586951619168}
