{"leftPaddleY":0.17674282133013813,"rightPaddleY":0.9627846253832075,"ballX":0.7858750911853427,"ballY":0.04352645868733247}
