{"leftPaddleY":0.874746680532648,"rightPaddleY":0.3230421863586424,"ballX":0.9191965905217607,"ballY":0.014691027258367673}
