{"leftPaddleY":0.6091875493695694,"rightPaddleY":0.5292865714325259,"ballX":0.7925054242036721,"ballY":0.013945914662364696}
