{"leftPaddleY":0.6757415422431744,"rightPaddleY":0.09928801124774236,"ballX":0.6478008799137253,"ballY":0.2761289705820755}
