{"leftPaddleY":0.7672668715946162,"rightPaddleY":0.8187009489606915,"ballX":0.6055219863628823,"ballY":0.17877870218577113}
