{"leftPaddleY":0.7369180018887721,"rightPaddleY":0.2804081467210337,"ballX":0.5764114706037905,"ballY":0.9732964818030773}
