{"leftPaddleY":0.25140987390035396,"rightPaddleY":0.465656902391454,"ballX":0.17902819469176148,"ballY":0.5416382780737651}
