{"leftPaddleY":0.9062730129337025,"rightPaddleY":0.6594769690906455,"ballX":0.915819984823377,"ballY":0.5134118366994314}
