{"leftPaddleY":0.9289397932111721,"rightPaddleY":0.06424624646600136,"ballX":0.8196386405877623,"ballY":0.8003629834024534}
