{"leftPaddleY":0.3282851925812349,"rightPaddleY":0.3698580129459053,"ballX":0.9165834210331925,"ballY":0.5531287108307709}
