{"leftPaddleY":0.3874484296404715,"rightPaddleY":0.3569914638009201,"ballX":0.8874500300337551,"ballY":0.9770021986715164}
