{"leftPaddleY":0.30094211300914886,"rightPaddleY":0.5233888746179319,"ballX":0.5258497769501251,"ballY":0.335307460654674}
