{"leftPaddleY":0.35506883178445736,"rightPaddleY":0.6751789507015622,"ballX":0.07632764605264396,"ballY":0.3244488624584067}
