{"leftPaddleY":0.2941396207927119,"rightPaddleY":0.001457934259121102,"ballX":0.9523383167573786,"ballY":0.6933216283148906}
