{"leftPaddleY":0.2540114935190523,"rightPaddleY":0.16603285529481565,"ballX":0.9920349381533858,"ballY":0.25649645757234757}
