{"leftPaddleY":0.6168034907444184,"rightPaddleY":0.9936501393916738,"ballX":0.6659672224243308,"ballY":0.8261168287552791}
