{"leftPaddleY":0.11973779718415416,"rightPaddleY":0.6241270614074969,"ballX":0.3458947463398407,"ballY":0.9084199633048408}
