{"leftPaddleY":0.9772765786513371,"rightPaddleY":0.029656805891958005,"ballX":0.9826178199470897,"ballY":0.7815217648983975}
