{"leftPaddleY":0.08898216982553825,"rightPaddleY":0.8739993786487091,"ballX":0.1867623740051903,"ballY":0.5794035945222626}
