{"leftPaddleY":0.6200912220520264,"rightPaddleY":0.13419492830621577,"ballX":0.8721794523315278,"ballY":0.06388664732447677}
