{"leftPaddleY":0.18769387750570432,"rightPaddleY":0.13872246970519383,"ballX":0.8943235893932167,"ballY":0.3989997341966495}
