{"leftPaddleY":0.6398716326584889,"rightPaddleY":0.13290360973478055,"ballX":0.9925124628090559,"ballY":0.739105608952795}
