{"leftPaddleY":0.36054039505446767,"rightPaddleY":0.30878348913715636,"ballX":0.6693727286730796,"ballY":0.7087800666927037}
