{"leftPaddleY":0.12955907111394052,"rightPaddleY":0.6368360726848452,"ballX":0.5564452163388479,"ballY":0.06415542182150787}
