{"leftPaddleY":0.6953693483657801,"rightPaddleY":0.8874242173744565,"ballX":0.4564787844611719,"ballY":0.9573586586431165}
