{"leftPaddleY":0.643383253909453,"rightPaddleY":0.6882773962972546,"ballX":0.09122760959552934,"ballY":0.8596586118446679}
