{"leftPaddleY":0.5876394420406985,"rightPaddleY":0.36470625847020743,"ballX":0.8619096606133697,"ballY":0.4844882646017447}
