{"leftPaddleY":0.15831696169447174,"rightPaddleY":0.171146752516936,"ballX":0.35400854564735773,"ballY":0.3773501018822732}
