{"leftPaddleY":0.6680094002153856,"rightPaddleY":0.8820731793195903,"ballX":0.41025397551192777,"ballY":0.7810260676419893}
