{"leftPaddleY":0.6798480585353369,"rightPaddleY":0.31917931953389783,"ballX":0.35084989954857837,"ballY":0.41863813840685693}
