{"leftPaddleY":0.6105668008021061,"rightPaddleY":0.8861228074967589,"ballX":0.24081705502729664,"ballY":0.37485989167822364}
