{"leftPaddleY":0.5465385124986158,"rightPaddleY":0.9856179643229211,"ballX":0.6991190531048731,"ballY":0.5332047225401529}
