{"leftPaddleY":0.21346921865264587,"rightPaddleY":0.5887814026406933,"ballX":0.8947442460214453,"ballY":0.7706919674524905}
