{"leftPaddleY":0.5903691333268334,"rightPaddleY":0.34707370467797816,"ballX":0.693133794176402,"ballY":0.38064837353410236}
