{"leftPaddleY":0.7848889399826291,"rightPaddleY":0.18415469704943915,"ballX":0.6552783200706572,"ballY":0.4083838834850794}
