{"leftPaddleY":0.5489375151876218,"rightPaddleY":0.6689930153083513,"ballX":0.4075692276290869,"ballY":0.9493693801491027}
