{"leftPaddleY":0.7224545766625758,"rightPaddleY":0.9062348722906886,"ballX":0.7715415356208676,"ballY":0.16295413668028716}
