{"leftPaddleY":0.10925889084942912,"rightPaddleY":0.10476073781627249,"ballX":0.6712995716718513,"ballY":0.32920491983389594}
