{"leftPaddleY":0.8041767345001937,"rightPaddleY":0.7547256404595095,"ballX":0.7584379519925813,"ballY":0.3661108393592234}
