{"leftPaddleY":0.5627977604090542,"rightPaddleY":0.47313469188619084,"ballX":0.4569679998640587,"ballY":0.09460962171258469}
