{"leftPaddleY":0.9086773705141513,"rightPaddleY":0.5193976283944858,"ballX":0.8374285337903777,"ballY":0.555511078470166}
