{"leftPaddleY":0.4061759077868883,"rightPaddleY":0.9221451294117466,"ballX":0.43323959382496857,"ballY":0.043901774273331494}
