{"leftPaddleY":0.6625780680365378,"rightPaddleY":0.8096080146491318,"ballX":0.7038891332259212,"ballY":0.6748331996730522}
