{"leftPaddleY":0.4738574373570075,"rightPaddleY":0.8473627818759755,"ballX":0.12857281617935692,"ballY":0.7827799267454598}
