{"leftPaddleY":0.1703555272248779,"rightPaddleY":0.3953611894480555,"ballX":0.1323134982028285,"ballY":0.18188779515205922}
