{"leftPaddleY":0.283567873705494,"rightPaddleY":0.7347706810668043,"ballX":0.5148137472770363,"ballY":0.46275409983331905}
