{"leftPaddleY":0.730832289283504,"rightPaddleY":0.9136898224359692,"ballX":0.7468605173635674,"ballY":0.6642319840459492}
