{"leftPaddleY":0.5829341753364181,"rightPaddleY":0.5894993682757014,"ballX":0.18206838937123596,"ballY":0.04162143588908494}
