{"leftPaddleY":0.4846565135366587,"rightPaddleY":0.33106054252173095,"ballX":0.21174527811693736,"ballY":0.9932759396032529}
