{"leftPaddleY":0.6751268628425579,"rightPaddleY":0.6777872640338695,"ballX":0.9442915676436073,"ballY":0.7024473502080084}
