{"leftPaddleY":0.19564222782724464,"rightPaddleY":0.7740483533507904,"ballX":0.7961293884399951,"ballY":0.2961724052813939}
