{"leftPaddleY":0.8750035545046259,"rightPaddleY":0.4007341276626883,"ballX":0.10960463824655922,"ballY":0.2819818374546838}
