{"leftPaddleY":0.8701267735039131,"rightPaddleY":0.37086902479263706,"ballX":0.9583239725685427,"ballY":0.9274490881396399}
