{"leftPaddleY":0.815439238484422,"rightPaddleY":0.6410282057506119,"ballX":0.1575644211268109,"ballY":0.5945524885341792}
