{"leftPaddleY":0.04629875917983222,"rightPaddleY":0.5930483766811476,"ballX":0.4997920826285604,"ballY":0.7654637238110131}
