{"leftPaddleY":0.3270647931889069,"rightPaddleY":0.34895015223409304,"ballX":0.9464397376006148,"ballY":0.7765631345622127}
