{"leftPaddleY":0.5321320397463152,"rightPaddleY":0.7081566862384445,"ballX":0.34569901824639226,"ballY":0.9416398207325989}
