{"leftPaddleY":0.8031603826958785,"rightPaddleY":0.4773521722559971,"ballX":0.7294036495035937,"ballY":0.9748892306342243}
