{"leftPaddleY":0.8183395890425406,"rightPaddleY":0.8945886290918958,"ballX":0.826767096758251,"ballY":0.6589623534836719}
