{"leftPaddleY":0.5386688027661165,"rightPaddleY":0.7878218850720073,"ballX":0.7364011965979737,"ballY":0.6835821835280452}
