{"leftPaddleY":0.8237917896520023,"rightPaddleY":0.05618252159995967,"ballX":0.5581910733950877,"ballY":0.553627248449102}
