{"leftPaddleY":0.4827163333501132,"rightPaddleY":0.7916075458435536,"ballX":0.45067710000190786,"ballY":0.5466500003575696}
