{"leftPaddleY":0.39330738374379615,"rightPaddleY":0.9040923691196243,"ballX":0.7347761788653102,"ballY":0.06251982278551317}
