{"leftPaddleY":0.3125611059967089,"rightPaddleY":0.9710027492097382,"ballX":0.1288495964747449,"ballY":0.3542197032082686}
