{"leftPaddleY":0.04354998101880606,"rightPaddleY":0.004490958666661942,"ballX":0.5620670623878645,"ballY":0.10735521872616019}
