{"leftPaddleY":0.01973178742105132,"rightPaddleY":0.17089586506254872,"ballX":0.17328056153326316,"ballY":0.9467552000430595}
