{"leftPaddleY":0.9915907500128599,"rightPaddleY":0.2864204689401698,"ballX":0.6482819414930268,"ballY":0.3601935073802348}
