{"leftPaddleY":0.5441424502573824,"rightPaddleY":0.7759695192627167,"ballX":0.5383010375855144,"ballY":0.45680576608629864}
