{"leftPaddleY":0.561304720829456,"rightPaddleY":0.9925957516277912,"ballX":0.5788342403745961,"ballY":0.7308102554694441}
