{"leftPaddleY":0.7567629286676368,"rightPaddleY":0.8332990151747458,"ballX":0.6238920961372051,"ballY":0.34065948626318704}
