{"leftPaddleY":0.8390187683573848,"rightPaddleY":0.059864814143534686,"ballX":0.6361052673977527,"ballY":0.16297471895893015}
