{"leftPaddleY":0.5543352343860208,"rightPaddleY":0.8771601205703738,"ballX":0.09113550232024889,"ballY":0.5622259448639592}
