{"leftPaddleY":0.4839913471975452,"rightPaddleY":0.14364488094409106,"ballX":0.14912899745497682,"ballY":0.14904486681931908}
