{"leftPaddleY":0.5346090972549097,"rightPaddleY":0.4413581090380937,"ballX":0.08462908371279328,"ballY":0.7600971066517768}
