{"leftPaddleY":0.12857560934267934,"rightPaddleY":0.5269184073719637,"ballX":0.6612016823891115,"ballY":0.33802525051372845}
