{"leftPaddleY":0.01438813830860311,"rightPaddleY":0.07805827318412097,"ballX":0.12320658986543165,"ballY":0.447101751651956}
