{"leftPaddleY":0.7591729171218524,"rightPaddleY":0.18981446332242427,"ballX":0.5820138790372927,"ballY":0.7515367860034806}
