{"leftPaddleY":0.5576366011900187,"rightPaddleY":0.08566226967830841,"ballX":0.07798797424835442,"ballY":0.46312080517611287}
