{"leftPaddleY":0.16784651046179835,"rightPaddleY":0.00949256105832774,"ballX":0.35033966466792693,"ballY":0.35941061469877283}
