{"leftPaddleY":0.5819881391473647,"rightPaddleY":0.7217791264277776,"ballX":0.24214639768331042,"ballY":0.14042746996171934}
