{"leftPaddleY":0.6924716787772167,"rightPaddleY":0.37557130335445504,"ballX":0.232226221515578,"ballY":0.5684111559030138}
