{"leftPaddleY":0.2205280779742727,"rightPaddleY":0.440338751862558,"ballX":0.03787180412039031,"ballY":0.25963547509802465}
