{"leftPaddleY":0.13214591036134232,"rightPaddleY":0.6206333453686239,"ballX":0.42260475232221334,"ballY":0.02376129206164187}
