{"leftPaddleY":0.9172294928465101,"rightPaddleY":0.3870639406110407,"ballX":0.9725817279288129,"ballY":0.5817899878601265}
