{"leftPaddleY":0.9177507691298041,"rightPaddleY":0.34148319854261,"ballX":0.2705506083788908,"ballY":0.3285509457354976}
