{"leftPaddleY":0.10390727368619551,"rightPaddleY":0.3666377041171478,"ballX":0.19342895830250809,"ballY":0.2805695267385306}
