{"leftPaddleY":0.7581714990186655,"rightPaddleY":0.6822855621738484,"ballX":0.0140593130931256,"ballY":0.08345231160197598}
