{"leftPaddleY":0.6912153705092845,"rightPaddleY":0.8546553829834979,"ballX":0.3839821502191862,"ballY":0.7997467646343156}
