{"leftPaddleY":0.1741898715921619,"rightPaddleY":0.5415579512539636,"ballX":0.4233786496010616,"ballY":0.31637462793320975}
