{"leftPaddleY":0.9982107038936756,"rightPaddleY":0.8392114175795682,"ballX":0.48433688095736727,"ballY":0.46061795428170016}
