{"leftPaddleY":0.6727585168045108,"rightPaddleY":0.059774927510034166,"ballX":0.28638776596229193,"ballY":0.3405696743620179}
