{"leftPaddleY":0.5052039698305794,"rightPaddleY":0.9515135073080816,"ballX":0.38102378278456245,"ballY":0.1988559614908343}
