{"leftPaddleY":0.5931099144612307,"rightPaddleY":0.6825888333603286,"ballX":0.8213312407921082,"ballY":0.4965086412727994}
