{"leftPaddleY":0.5742561721413183,"rightPaddleY":0.8990679805921048,"ballX":0.1060121451279584,"ballY":0.5856607634940003}
