{"leftPaddleY":0.37071247095432136,"rightPaddleY":0.8838501750460529,"ballX":0.28855411408348375,"ballY":0.5920505083931386}
