{"leftPaddleY":0.8241077139152583,"rightPaddleY":0.12736656525494128,"ballX":0.18798222499197387,"ballY":0.8755776348228089}
