{"leftPaddleY":0.28541356037834137,"rightPaddleY":0.6666452501265396,"ballX":0.34031827614583854,"ballY":0.18133454362075177}
