{"leftPaddleY":0.05739656384245902,"rightPaddleY":0.3853652653650026,"ballX":0.3069528594323282,"ballY":0.7033852637057795}
