{"leftPaddleY":0.9365157283028255,"rightPaddleY":0.03419061793038585,"ballX":0.7642985652696668,"ballY":0.30665253190474007}
