{"leftPaddleY":0.7103199179232348,"rightPaddleY":0.970224388478007,"ballX":0.43823061785561096,"ballY":0.5350200064217737}
