{"leftPaddleY":0.01997876006766295,"rightPaddleY":0.6320159780750191,"ballX":0.700220045083223,"ballY":0.8377465229110458}
