{"leftPaddleY":0.047763969836469335,"rightPaddleY":0.560517784111643,"ballX":0.18854117786425648,"ballY":0.754239413729037}
