{"leftPaddleY":0.9699883674522473,"rightPaddleY":0.29649981155550353,"ballX":0.7711851534420077,"ballY":0.532881566357175}
