{"leftPaddleY":0.34099699274253303,"rightPaddleY":0.4030759678019987,"ballX":0.45896157431137785,"ballY":0.2801109036112107}
