{"leftPaddleY":0.6636524713644065,"rightPaddleY":0.46416708482795543,"ballX":0.08169951808456435,"ballY":0.8810884193333591}
