{"leftPaddleY":0.3451881517411041,"rightPaddleY":0.279991493670587,"ballX":0.9659687438121572,"ballY":0.04497952742917973}
