{"leftPaddleY":0.7669511052187845,"rightPaddleY":0.2656559057643417,"ballX":0.5177498412416393,"ballY":0.31795726963294163}
