{"leftPaddleY":0.6149141662241777,"rightPaddleY":0.38736869202266677,"ballX":0.8293673684617903,"ballY":0.31799844319704473}
