{"leftPaddleY":0.7111228115570261,"rightPaddleY":0.24352421442633893,"ballX":0.30628971245948383,"ballY":0.5708529002315538}
