{"leftPaddleY":0.4093381619135655,"rightPaddleY":0.39029966161123425,"ballX":0.9454999348714358,"ballY":0.6691137822150265}
