{"leftPaddleY":0.7318780138906851,"rightPaddleY":0.6587389916285344,"ballX":0.5921655342800792,"ballY":0.44793727300426883}
