{"leftPaddleY":0.30475433007689107,"rightPaddleY":0.10879698809329008,"ballX":0.000645941910512449,"ballY":0.0027204564015154676}
