{"leftPaddleY":0.72390185393365,"rightPaddleY":0.6023633252723216,"ballX":0.3023672238420649,"ballY":0.9509783646591429}
