{"leftPaddleY":0.38223416649769926,"rightPaddleY":0.989589304158873,"ballX":0.3436426446344138,"ballY":0.3112735557211542}
