{"leftPaddleY":0.11393727453038813,"rightPaddleY":0.9490555718129677,"ballX":0.6282666115041277,"ballY":0.7633551153064237}
