{"leftPaddleY":0.2336494627185098,"rightPaddleY":0.9625228131083262,"ballX":0.9071208922980579,"ballY":0.3766153430572051}
