{"leftPaddleY":0.3790907767697916,"rightPaddleY":0.7300718699765868,"ballX":0.2358111820810443,"ballY":0.34984217798785855}
