{"leftPaddleY":0.9844223332574368,"rightPaddleY":0.39937286917321385,"ballX":0.6916872620061716,"ballY":0.5748597664016406}
