{"leftPaddleY":0.5526252920386795,"rightPaddleY":0.1221446956233055,"ballX":0.06160308307853202,"ballY":0.7521618040564421}
