{"leftPaddleY":0.3115278813444917,"rightPaddleY":0.5052558093388244,"ballX":0.6475444315777966,"ballY":0.6758995658060643}
