{"leftPaddleY":0.13187982300267498,"rightPaddleY":0.6742099272242927,"ballX":0.16130831838991136,"ballY":0.8570666194584172}
