{"leftPaddleY":0.29966803121443497,"rightPaddleY":0.43919271148416567,"ballX":0.9336431916642429,"ballY":0.8752432379400061}
