{"leftPaddleY":0.425313966293376,"rightPaddleY":0.623914948396847,"ballX":0.17647424997851555,"ballY":0.08464820434366584}
