{"leftPaddleY":0.2443259290820227,"rightPaddleY":0.5527678073767337,"ballX":0.786325424593411,"ballY":0.1306261871103158}
