{"leftPaddleY":0.7055571387827879,"rightPaddleY":0.35681363692742574,"ballX":0.5764514997373001,"ballY":0.8345337959708005}
