{"leftPaddleY":0.8748022499178448,"rightPaddleY":0.775660940689084,"ballX":0.23684113571723028,"ballY":0.5955008292970639}
