{"leftPaddleY":0.35771688886577846,"rightPaddleY":0.804270314773393,"ballX":0.4813121028553591,"ballY":0.31188386794233236}
