{"leftPaddleY":0.5712466761916452,"rightPaddleY":0.9486163968491226,"ballX":0.22753863510832759,"ballY":0.040005222792127475}
