{"leftPaddleY":0.44559155704137915,"rightPaddleY":0.48124813721560517,"ballX":0.5230721619705131,"ballY":0.9275560025443405}
