{"leftPaddleY":0.07521561533715675,"rightPaddleY":0.47899442919486346,"ballX":0.7837322637021328,"ballY":0.9288706630013492}
