{"leftPaddleY":0.6701384014244187,"rightPaddleY":0.990220375579499,"ballX":0.5287609433726695,"ballY":0.8078356636251762}
