{"leftPaddleY":0.6903649160377437,"rightPaddleY":0.6537503988978867,"ballX":0.9060986269774762,"ballY":0.8127388924298364}
