{"leftPaddleY":0.6786129213339589,"rightPaddleY":0.2596653748396104,"ballX":0.029197917101352125,"ballY":0.21117717517707552}
