{"leftPaddleY":0.8755166086741413,"rightPaddleY":0.17279633474864348,"ballX":0.5100193964386144,"ballY":0.4371769598365137}
