{"leftPaddleY":0.25977064008881323,"rightPaddleY":0.4049158602815934,"ballX":0.143642657234865,"ballY":0.9258264707957375}
