{"leftPaddleY":0.7551425116011784,"rightPaddleY":0.5892797823207349,"ballX":0.532536085685387,"ballY":0.9105752805816457}
