{"leftPaddleY":0.1842734540787728,"rightPaddleY":0.4110044297011673,"ballX":0.8033137285975477,"ballY":0.34717033407329606}
