{"leftPaddleY":0.6487273662684904,"rightPaddleY":0.7119548779631651,"ballX":0.15202722508968214,"ballY":0.15661579631015654}
