{"leftPaddleY":0.9921778266426433,"rightPaddleY":0.4136014413215034,"ballX":0.6919139975405736,"ballY":0.918078108273521}
