{"leftPaddleY":0.885818324225829,"rightPaddleY":0.812434992012039,"ballX":0.5897187604241129,"ballY":0.27142361290432565}
