{"leftPaddleY":0.902282916615133,"rightPaddleY":0.254493796511701,"ballX":0.05595171204139023,"ballY":0.2881594899311476}
