{"leftPaddleY":0.8347759611841835,"rightPaddleY":0.4346020401001078,"ballX":0.7191998086448174,"ballY":0.09558274935881862}
