{"leftPaddleY":0.8354643612051261,"rightPaddleY":0.09323514727814948,"ballX":0.43696545077833815,"ballY":0.05144333983597994}
