{"leftPaddleY":0.9227639337612381,"rightPaddleY":0.15483170836345067,"ballX":0.026800988255077148,"ballY":0.5503649778135362}
