{"leftPaddleY":0.13289652364760127,"rightPaddleY":0.9441633023853038,"ballX":0.45371278042048974,"ballY":0.1284719985156532}
