{"leftPaddleY":0.31981524734010924,"rightPaddleY":0.24571996395438667,"ballX":0.03439333707763565,"ballY":0.5594212768468051}
