{"leftPaddleY":0.03606384316009903,"rightPaddleY":0.0025802687973231235,"ballX":0.7503358856420227,"ballY":0.10321292460172377}
