{"leftPaddleY":0.7340696654042792,"rightPaddleY":0.9023095083736159,"ballX":0.018329726745640883,"ballY":0.29538980816443794}
