{"leftPaddleY":0.8628453977983014,"rightPaddleY":0.14171686739576214,"ballX":0.9720903916196278,"ballY":0.5914551022098624}
