{"leftPaddleY":0.4759235915868388,"rightPaddleY":0.8994345320080932,"ballX":0.2350524313965712,"ballY":0.27840121091749054}
