{"leftPaddleY":0.8570674753909273,"rightPaddleY":0.0035439933674514157,"ballX":0.5372949531105583,"ballY":0.5239249615746513}
