{"leftPaddleY":0.7657979983161497,"rightPaddleY":0.1391858737251367,"ballX":0.8856145499651199,"ballY":0.6985465070685511}
