{"leftPaddleY":0.5099929900511219,"rightPaddleY":0.662610897208066,"ballX":0.7428733645439918,"ballY":0.42901545241488453}
