{"leftPaddleY":0.4755030401449427,"rightPaddleY":0.7567281196114506,"ballX":0.26829714241119174,"ballY":0.2589631388224469}
