{"leftPaddleY":0.04304554498281488,"rightPaddleY":0.6295232098256943,"ballX":0.818764899190687,"ballY":0.2709380893206227}
