{"leftPaddleY":0.059177971586723686,"rightPaddleY":0.7891115639258741,"ballX":0.21297601262229748,"ballY":0.3872297765934661}
