{"leftPaddleY":0.8190067860885057,"rightPaddleY":0.10612876066021933,"ballX":0.998549352959124,"ballY":0.913814790345842}
