{"leftPaddleY":0.2928865995145944,"rightPaddleY":0.6505921531455453,"ballX":0.23997488017852794,"ballY":0.2631953436906659}
