{"leftPaddleY":0.9968702993279566,"rightPaddleY":0.6353643644479552,"ballX":0.8641006840049672,"ballY":0.3291802137304425}
