{"leftPaddleY":0.31440314193524216,"rightPaddleY":0.0069603261491798275,"ballX":0.6431505475132133,"ballY":0.007658014959460475}
