{"leftPaddleY":0.5903809001082736,"rightPaddleY":0.9428723913521633,"ballX":0.2894979147970821,"ballY":0.17654988981853095}
