{"leftPaddleY":0.25025402790143647,"rightPaddleY":0.39517568015184673,"ballX":0.9550158841921176,"ballY":0.8471701189802398}
