{"leftPaddleY":0.49007852060362483,"rightPaddleY":0.5180304957804254,"ballX":0.7952604688453603,"ballY":0.09883746982766532}
