{"leftPaddleY":0.4608425324312291,"rightPaddleY":0.05471459106805964,"ballX":0.984386754783051,"ballY":0.8242253547604208}
