{"leftPaddleY":0.8281925766270355,"rightPaddleY":0.21180360234370768,"ballX":0.3643765480751648,"ballY":0.2070809941478311}
