{"leftPaddleY":0.7892565708914214,"rightPaddleY":0.22674832519521335,"ballX":0.47433562355201203,"ballY":0.4192687916913235}
