{"leftPaddleY":0.42449798439788544,"rightPaddleY":0.412045030454634,"ballX":0.5041649100561612,"ballY":0.20558147729244647}
