{"leftPaddleY":0.21081467844532784,"rightPaddleY":0.19917103495647345,"ballX":0.8245543580351962,"ballY":0.9422590936742054}
