{"leftPaddleY":0.4350137722373601,"rightPaddleY":0.7422463972520515,"ballX":0.5265466389648207,"ballY":0.6702438093874924}
