{"leftPaddleY":0.3452297243131583,"rightPaddleY":0.4304856048117601,"ballX":0.15842272776736296,"ballY":0.7667886280783}
