{"leftPaddleY":0.2125403563093772,"rightPaddleY":0.17641990016273496,"ballX":0.12962192023402355,"ballY":0.42093296134010894}
