{"leftPaddleY":0.5343033947117871,"rightPaddleY":0.08599356337273814,"ballX":0.4348070059087888,"ballY":0.08718258271783223}
