{"leftPaddleY":0.7733519139859871,"rightPaddleY":0.5911994357051453,"ballX":0.4664653834207259,"ballY":0.8449343412866179}
