{"leftPaddleY":0.015218602336870357,"rightPaddleY":0.43566466363428336,"ballX":0.9332663357647029,"ballY":0.5933515694857907}
