{"leftPaddleY":0.3141556341450954,"rightPaddleY":0.9074815297812544,"ballX":0.2007672155759483,"ballY":0.3927477562369449}
