{"leftPaddleY":0.08884615842752136,"rightPaddleY":0.5030715234095479,"ballX":0.6883308012956916,"ballY":0.90536855417076}
