{"leftPaddleY":0.9214608517020555,"rightPaddleY":0.9330215557402664,"ballX":0.8829428605374016,"ballY":0.918796624108474}
