{"leftPaddleY":0.629590855891148,"rightPaddleY":0.7395410548864503,"ballX":0.8659174704677014,"ballY":0.28717840299957975}
