{"leftPaddleY":0.7373390683147591,"rightPaddleY":0.3690489113267279,"ballX":0.18372049879923388,"ballY":0.5727924925921755}
