{"leftPaddleY":0.8121203498670637,"rightPaddleY":0.29852366414379294,"ballX":0.6258360720438149,"ballY":0.22138713724485645}
