{"leftPaddleY":0.674910950900966,"rightPaddleY":0.8799989400330896,"ballX":0.37177513891693154,"ballY":0.8475041863511423}
