{"leftPaddleY":0.6815593920620134,"rightPaddleY":0.07086658071533079,"ballX":0.4469280458701417,"ballY":0.3955427290754947}
