{"leftPaddleY":0.9110961156563815,"rightPaddleY":0.718653507783302,"ballX":0.6023695206053724,"ballY":0.41570994778567344}
