{"leftPaddleY":0.8857881471321,"rightPaddleY":0.23322465707371132,"ballX":0.2806125034511439,"ballY":0.9930345703754401}
