{"leftPaddleY":0.573314972059578,"rightPaddleY":0.8137357455556286,"ballX":0.623227616557204,"ballY":0.9417526855189948}
