{"leftPaddleY":0.3292527907176932,"rightPaddleY":0.6349913915745535,"ballX":0.3093138324287592,"ballY":0.5581579892528766}
