{"leftPaddleY":0.8519676612329496,"rightPaddleY":0.48156295997753,"ballX":0.021127281688644542,"ballY":0.028073217718809558}
