{"leftPaddleY":0.8281504782828938,"rightPaddleY":0.2850198820185183,"ballX":0.45645812742842695,"ballY":0.8949991128439054}
