{"leftPaddleY":0.24084140122716854,"rightPaddleY":0.07403101539818845,"ballX":0.9777459892489678,"ballY":0.2226367013190461}
