{"leftPaddleY":0.7452381323261221,"rightPaddleY":0.5568336784617884,"ballX":0.33046940501004707,"ballY":0.3184128232077962}
