{"leftPaddleY":0.12982874998156801,"rightPaddleY":0.6682795805270909,"ballX":0.0330420222293274,"ballY":0.7395197014993661}
