{"leftPaddleY":0.5160666995485479,"rightPaddleY":0.42363895438037424,"ballX":0.8898661905800852,"ballY":0.7778564509888033}
