{"leftPaddleY":0.9210563912316535,"rightPaddleY":0.7461702907750887,"ballX":0.25091772586914995,"ballY":0.7518735982693777}
