{"leftPaddleY":0.7932387250880927,"rightPaddleY":0.11067279099724597,"ballX":0.5667063340827301,"ballY":0.7347634658970711}
