{"leftPaddleY":0.43661109476987375,"rightPaddleY":0.057410694619147266,"ballX":0.5387125856912726,"ballY":0.12927686127204258}
