{"leftPaddleY":0.7371836610041597,"rightPaddleY":0.9876809523254015,"ballX":0.5961750744298352,"ballY":0.005467172435598947}
