{"leftPaddleY":0.5366000590075078,"rightPaddleY":0.6085608152012958,"ballX":0.37097680847456194,"ballY":0.04659376582971138}
