{"leftPaddleY":0.6539491687499539,"rightPaddleY":0.06978218399066057,"ballX":0.35793826999811895,"ballY":0.8608301061515216}
