{"leftPaddleY":0.4067833331105773,"rightPaddleY":0.27300406295572693,"ballX":0.8478210788228476,"ballY":0.4240718033384496}
