{"leftPaddleY":0.6250216080416251,"rightPaddleY":0.35457104732099026,"ballX":0.8396926976911225,"ballY":0.16700484767563709}
