{"leftPaddleY":0.5700615203339443,"rightPaddleY":0.46868717235460755,"ballX":0.5233280268871984,"ballY":0.045843506260701425}
