{"leftPaddleY":0.2170279164372257,"rightPaddleY":0.6260758543961584,"ballX":0.2977872282936843,"ballY":0.47838610501226214}
