{"leftPaddleY":0.07140554097582714,"rightPaddleY":0.8718654145693281,"ballX":0.8869067624240441,"ballY":0.7145017146216627}
