{"leftPaddleY":0.21660331882666245,"rightPaddleY":0.7546567586678704,"ballX":0.9240191952365605,"ballY":0.4554399440698626}
