{"leftPaddleY":0.5397645163357542,"rightPaddleY":0.8977752080995022,"ballX":0.7999990078769286,"ballY":0.36129203633847073}
