{"leftPaddleY":0.4388435871890313,"rightPaddleY":0.546981245762349,"ballX":0.9883875127838813,"ballY":0.8209309268277913}
