{"leftPaddleY":0.9334340753026615,"rightPaddleY":0.6127371244158993,"ballX":0.09344444512610674,"ballY":0.6742706182935146}
