{"leftPaddleY":0.9683109034176874,"rightPaddleY":0.695121769951837,"ballX":0.963396500766991,"ballY":0.5871261855383078}
