{"leftPaddleY":0.3034076178528768,"rightPaddleY":0.889749934782486,"ballX":0.7513725224609874,"ballY":0.7091503515207488}
