{"leftPaddleY":0.38762219300614675,"rightPaddleY":0.3602248155134056,"ballX":0.18369947386736543,"ballY":0.9393957850008485}
