{"leftPaddleY":0.35436809310201617,"rightPaddleY":0.041092540593495985,"ballX":0.8622826984994473,"ballY":0.6450245305537838}
