{"leftPaddleY":0.3576897448461592,"rightPaddleY":0.4460997919706744,"ballX":0.5767965689245169,"ballY":0.3121759290194615}
