{"leftPaddleY":0.9326313738038892,"rightPaddleY":0.8965220878669858,"ballX":0.5766241721701484,"ballY":0.6853251281096846}
