{"leftPaddleY":0.20648869288165045,"rightPaddleY":0.14016834460625185,"ballX":0.9836088901689536,"ballY":0.6035762977585338}
