{"leftPaddleY":0.8072498752023751,"rightPaddleY":0.8902732002718375,"ballX":0.3300702350479192,"ballY":0.8163384556257335}
