{"leftPaddleY":0.12294701698142818,"rightPaddleY":0.15668809504697773,"ballX":0.7808624654278206,"ballY":0.70896559698628}
