{"leftPaddleY":0.6673683433563333,"rightPaddleY":0.5129138880414632,"ballX":0.05369173960182763,"ballY":0.31670339389723157}
