{"leftPaddleY":0.28126604236525987,"rightPaddleY":0.9319296626923853,"ballX":0.8557105937795226,"ballY":0.1626818650563694}
