{"leftPaddleY":0.9336956828435572,"rightPaddleY":0.8614843713319115,"ballX":0.7548117022536865,"ballY":0.8441875422006933}
