{"leftPaddleY":0.9839855088315935,"rightPaddleY":0.6528300156473873,"ballX":0.0839400175421775,"ballY":0.6560905402537406}
