{"leftPaddleY":0.9629087462464553,"rightPaddleY":0.6318856122382847,"ballX":0.328293142098355,"ballY":0.582491449021851}
