{"leftPaddleY":0.3348583271903708,"rightPaddleY":0.5936094746543923,"ballX":0.7822601242161431,"ballY":0.6897597260580131}
