{"leftPaddleY":0.18668176521316926,"rightPaddleY":0.7980239707866675,"ballX":0.5446028156143067,"ballY":0.01877038702667425}
