{"leftPaddleY":0.9699390735851537,"rightPaddleY":0.04556318842052787,"ballX":0.665903351016117,"ballY":0.8330359634094902}
