{"leftPaddleY":0.3802551668300271,"rightPaddleY":0.759345386736036,"ballX":0.06917627856283892,"ballY":0.7525048071937084}
