{"leftPaddleY":0.8712168824201764,"rightPaddleY":0.12387541802760886,"ballX":0.3249994800768207,"ballY":0.5228810473608936}
