{"leftPaddleY":0.9768572876370024,"rightPaddleY":0.40588881011609806,"ballX":0.8933997242770487,"ballY":0.40999156853874147}
