{"leftPaddleY":0.44373226865470367,"rightPaddleY":0.31546448693482027,"ballX":0.049853926261219456,"ballY":0.6878115374708531}
