{"leftPaddleY":0.338562870204005,"rightPaddleY":0.6302420745979102,"ballX":0.6565146870532229,"ballY":0.8730413999321143}
