{"leftPaddleY":0.23043123498013293,"rightPaddleY":0.9754144445046709,"ballX":0.8839954845673427,"ballY":0.7207391753621115}
