{"leftPaddleY":0.1494711055838703,"rightPaddleY":0.477461201519372,"ballX":0.04092500408372803,"ballY":0.6326372831087858}
