{"leftPaddleY":0.679048871189928,"rightPaddleY":0.4367520208068069,"ballX":0.8556183262050053,"ballY":0.9508795347400829}
