{"leftPaddleY":0.3497438503045309,"rightPaddleY":0.5351849416830788,"ballX":0.3481860251294222,"ballY":0.09533686031886103}
