{"leftPaddleY":0.38954352157741534,"rightPaddleY":0.6530046627151979,"ballX":0.24217110577948292,"ballY":0.8895619211323794}
