{"leftPaddleY":0.28158123264553203,"rightPaddleY":0.5070866778824641,"ballX":0.7871987629831448,"ballY":0.5391393582637531}
