{"leftPaddleY":0.5817442491311646,"rightPaddleY":0.2555385017093298,"ballX":0.6787594982651318,"ballY":0.9173604428394148}
