{"leftPaddleY":0.5616951317914503,"rightPaddleY":0.737036370239386,"ballX":0.8994822363680619,"ballY":0.5031082270661387}
