{"leftPaddleY":0.7130820662981402,"rightPaddleY":0.9299983271230373,"ballX":0.3500199970361457,"ballY":0.3016454806785543}
