{"leftPaddleY":0.9651028939695393,"rightPaddleY":0.4035904669322065,"ballX":0.07604101669295416,"ballY":0.32180773307236665}
