{"leftPaddleY":0.3073459283090692,"rightPaddleY":0.5568985001340334,"ballX":0.8823024765279949,"ballY":0.21574411656377088}
