{"leftPaddleY":0.7018412181806809,"rightPaddleY":0.2597416021361857,"ballX":0.8933792834128801,"ballY":0.3502567518729033}
