{"leftPaddleY":0.9727233590844734,"rightPaddleY":0.9481250662759187,"ballX":0.9465737102147442,"ballY":0.9806482806789585}
