{"leftPaddleY":0.4196529119137613,"rightPaddleY":0.7020224787695474,"ballX":0.5231793064259136,"ballY":0.8919823275196428}
