{"leftPaddleY":0.4373148262605805,"rightPaddleY":0.7621309793838706,"ballX":0.9755726069160319,"ballY":0.8984345716724477}
