{"leftPaddleY":0.9851307976174946,"rightPaddleY":0.578664341840122,"ballX":0.4866774875817429,"ballY":0.018430999562743536}
