{"leftPaddleY":0.965045359008501,"rightPaddleY":0.16860012333985966,"ballX":0.49868800955934134,"ballY":0.9411734134446689}
