{"leftPaddleY":0.11204949635155255,"rightPaddleY":0.6260221641038936,"ballX":0.42779414551038775,"ballY":0.06955886683473787}
