{"leftPaddleY":0.2547029733540877,"rightPaddleY":0.044844262373366195,"ballX":0.4127737363167317,"ballY":0.9964099590371454}
