{"leftPaddleY":0.8273059307934412,"rightPaddleY":0.5037064001015378,"ballX":0.6100827568770139,"ballY":0.3771192461663545}
