{"leftPaddleY":0.44135960698316495,"rightPaddleY":0.596351236988186,"ballX":0.175841215654314,"ballY":0.016018864795778267}
