{"leftPaddleY":0.8389660489101385,"rightPaddleY":0.6407871163179176,"ballX":0.2456653971905947,"ballY":0.5443777437197955}
