{"leftPaddleY":0.18095893713540182,"rightPaddleY":0.0831687322878789,"ballX":0.3671282224032064,"ballY":0.22919625798449877}
