{"leftPaddleY":0.5245019017483882,"rightPaddleY":0.671026928767309,"ballX":0.6439052729734479,"ballY":0.23812413425824921}
