{"leftPaddleY":0.9998606929280007,"rightPaddleY":0.3870382995048121,"ballX":0.4469823422121993,"ballY":0.05973054478497521}
