{"leftPaddleY":0.06946236295122966,"rightPaddleY":0.7190397492884546,"ballX":0.9000864483279872,"ballY":0.1872750481841183}
