{"leftPaddleY":0.7288841681553018,"rightPaddleY":0.8512448219741172,"ballX":0.36228890511995065,"ballY":0.4385538169679089}
