{"leftPaddleY":0.5608394625389838,"rightPaddleY":0.017752476501015912,"ballX":0.6814642493311426,"ballY":0.33421689450213676}
