{"leftPaddleY":0.6565020066319034,"rightPaddleY":0.9546315429173553,"ballX":0.8880022004631339,"ballY":0.3974115426269278}
