{"leftPaddleY":0.11960083782651718,"rightPaddleY":0.8471194893309685,"ballX":0.15781269667366996,"ballY":0.6301110024292942}
