{"leftPaddleY":0.9215602888201956,"rightPaddleY":0.283015399669582,"ballX":0.1603900354226008,"ballY":0.9579719743598712}
