{"leftPaddleY":0.898943282064459,"rightPaddleY":0.1281428050929261,"ballX":0.5656135208398615,"ballY":0.4894995631058073}
