{"leftPaddleY":0.4518279062306692,"rightPaddleY":0.4604487989028248,"ballX":0.8552361644523773,"ballY":0.08527069523311916}
