{"leftPaddleY":0.1864256878014742,"rightPaddleY":0.7296059591727241,"ballX":0.9979040837251513,"ballY":0.9502131145146349}
