{"leftPaddleY":0.17046359275832038,"rightPaddleY":0.7137708986539011,"ballX":0.8974735330758145,"ballY":0.5745181371391083}
