{"leftPaddleY":0.29732572652019146,"rightPaddleY":0.9880138150041202,"ballX":0.9733812756554603,"ballY":0.4913008751726162}
