{"leftPaddleY":0.4816478353068625,"rightPaddleY":0.962745454021629,"ballX":0.30439241633925374,"ballY":0.9341338745014176}
