{"leftPaddleY":0.09554734632358383,"rightPaddleY":0.6350498114528158,"ballX":0.2584665210467514,"ballY":0.22437216692223377}
