{"leftPaddleY":0.8164268043896216,"rightPaddleY":0.08991203112356287,"ballX":0.8131974668549745,"ballY":0.4537541224040862}
