{"leftPaddleY":0.23960732264558568,"rightPaddleY":0.9948142681843917,"ballX":0.4675186987468256,"ballY":0.6312279482399661}
