{"leftPaddleY":0.6469005314636954,"rightPaddleY":0.31399009872231676,"ballX":0.6074159872329566,"ballY":0.5922427983390747}
