{"leftPaddleY":0.3337153328746044,"rightPaddleY":0.2570368197056849,"ballX":0.4128587734372619,"ballY":0.603357753447075}
