{"leftPaddleY":0.6152823956056166,"rightPaddleY":0.8634791679062623,"ballX":0.11094681034920907,"ballY":0.985283135817624}
