{"leftPaddleY":0.5623300690047153,"rightPaddleY":0.2800403633613742,"ballX":0.4721875774504382,"ballY":0.11524508588977025}
