{"leftPaddleY":0.26280559390127245,"rightPaddleY":0.2161366916869051,"ballX":0.24037814418228723,"ballY":0.0632877259600534}
