{"leftPaddleY":0.3104488128722629,"rightPaddleY":0.011276274446169668,"ballX":0.24027338708823956,"ballY":0.557667691618853}
