{"leftPaddleY":0.8155131871147749,"rightPaddleY":0.16041623370245325,"ballX":0.32737204750605436,"ballY":0.573784687885009}
