{"leftPaddleY":0.6403525401987312,"rightPaddleY":0.23443656563493917,"ballX":0.9433105235487851,"ballY":0.09524930496946507}
