{"leftPaddleY":0.2519552903204606,"rightPaddleY":0.2680004241426149,"ballX":0.0487688959931845,"ballY":0.052110824247306266}
