{"leftPaddleY":0.9880313396551446,"rightPaddleY":0.15341199856738047,"ballX":0.2938666509524161,"ballY":0.276636829780748}
