{"leftPaddleY":0.31016550972536916,"rightPaddleY":0.14372616548790582,"ballX":0.7529192678915836,"ballY":0.3018684354648324}
