{"leftPaddleY":0.7871276781838392,"rightPaddleY":0.6684027357983654,"ballX":0.7858747805601691,"ballY":0.9550719454979613}
