{"leftPaddleY":0.7263957554731951,"rightPaddleY":0.2960838126959578,"ballX":0.581282337813838,"ballY":0.4819324549828429}
