{"leftPaddleY":0.08953202175173389,"rightPaddleY":0.04168313077851037,"ballX":0.7650692416768733,"ballY":0.3357498161401089}
