{"leftPaddleY":0.4921236370564102,"rightPaddleY":0.7493110226265766,"ballX":0.3469595317910791,"ballY":0.5853336595585822}
