{"leftPaddleY":0.8470696457448472,"rightPaddleY":0.8061641940971354,"ballX":0.6497732551610776,"ballY":0.9544500559505616}
