{"leftPaddleY":0.38468536530700265,"rightPaddleY":0.42812247701422773,"ballX":0.7444564829075772,"ballY":0.004353875934907456}
