{"leftPaddleY":0.9467603705647463,"rightPaddleY":0.20305106097606432,"ballX":0.28810703105389923,"ballY":0.8385823713226697}
