{"leftPaddleY":0.8736802975358432,"rightPaddleY":0.29040774986819795,"ballX":0.9444386436771823,"ballY":0.41528455355290794}
