{"leftPaddleY":0.3474230318519566,"rightPaddleY":0.6476897845014156,"ballX":0.1962240000905396,"ballY":0.49764856768436794}
