{"leftPaddleY":0.6327576098777279,"rightPaddleY":0.15542940801314517,"ballX":0.8671013589673204,"ballY":0.4016499880979162}
