{"leftPaddleY":0.22122837152187644,"rightPaddleY":0.42441597096942685,"ballX":0.3517863408446172,"ballY":0.6281590672878599}
