{"leftPaddleY":0.7064326048239769,"rightPaddleY":0.7595520887203246,"ballX":0.8332046875744539,"ballY":0.8837293212458197}
