{"leftPaddleY":0.35836311936991005,"rightPaddleY":0.2562699054819365,"ballX":0.264487259539634,"ballY":0.6349231558053697}
