{"leftPaddleY":0.8069884924725499,"rightPaddleY":0.8321272385003432,"ballX":0.5692613998871755,"ballY":0.9515016778038695}
