{"leftPaddleY":0.26701465778229216,"rightPaddleY":0.2764865389522283,"ballX":0.058837097012563455,"ballY":0.610077663614951}
