{"leftPaddleY":0.05953882574766227,"rightPaddleY":0.9015620419495194,"ballX":0.3172395855356207,"ballY":0.8587468088472248}
