{"leftPaddleY":0.49721317486920785,"rightPaddleY":0.06926525277992716,"ballX":0.7363271607419395,"ballY":0.18526065877727746}
