{"leftPaddleY":0.30012615473993015,"rightPaddleY":0.5748523009056677,"ballX":0.8197465526084199,"ballY":0.14125525989771417}
