{"leftPaddleY":0.06190371915001839,"rightPaddleY":0.8282624150924218,"ballX":0.4790756689225011,"ballY":0.18765800232344376}
