{"leftPaddleY":0.14568106749132298,"rightPaddleY":0.08130086539982398,"ballX":0.45226162967909006,"ballY":0.5202110454564258}
