{"leftPaddleY":0.35650084167337814,"rightPaddleY":0.5053200663744227,"ballX":0.5737200204829475,"ballY":0.6591462135915152}
