{"leftPaddleY":0.2985670820377654,"rightPaddleY":0.8850281859324644,"ballX":0.9379262037530334,"ballY":0.6470794576257198}
