{"leftPaddleY":0.349369963436315,"rightPaddleY":0.2407588857775593,"ballX":0.14228850613590244,"ballY":0.45286201144454086}
