{"leftPaddleY":0.4527264134785069,"rightPaddleY":0.24096620791001014,"ballX":0.20160424521124157,"ballY":0.9111854667371486}
