{"leftPaddleY":0.7255159978843736,"rightPaddleY":0.0016049082981189008,"ballX":0.40753487945631756,"ballY":0.7020558960786417}
