{"leftPaddleY":0.10948596131337296,"rightPaddleY":0.8846285858437745,"ballX":0.4263036495547187,"ballY":0.2881471809203979}
