{"leftPaddleY":0.8030090755133625,"rightPaddleY":0.8693607287290774,"ballX":0.6894924967823146,"ballY":0.5681807798561382}
