{"leftPaddleY":0.4826206166661887,"rightPaddleY":0.34817116826493083,"ballX":0.3032058129924402,"ballY":0.520052775134321}
