{"leftPaddleY":0.413405234019206,"rightPaddleY":0.6654986642266656,"ballX":0.35928329983503426,"ballY":0.04149710516372657}
