{"leftPaddleY":0.5106714571809028,"rightPaddleY":0.35192339742030443,"ballX":0.44653892629021896,"ballY":0.027779655571569556}
