{"leftPaddleY":0.46591623923570585,"rightPaddleY":0.004087753257833823,"ballX":0.24873914763656302,"ballY":0.2778559339335383}
