{"leftPaddleY":0.8058879130952614,"rightPaddleY":0.4969159310528711,"ballX":0.8776300390785033,"ballY":0.43974443595011165}
