{"leftPaddleY":0.8080855525183488,"rightPaddleY":0.37354781889023514,"ballX":0.9053554140260838,"ballY":0.5955604268203082}
