{"leftPaddleY":0.5583263021056383,"rightPaddleY":0.7703942173288829,"ballX":0.8773834444887394,"ballY":0.5005938362451741}
