{"leftPaddleY":0.5336376955356339,"rightPaddleY":0.9249812506199808,"ballX":0.7128481500046229,"ballY":0.2839154745216861}
