{"leftPaddleY":0.16380794455766262,"rightPaddleY":0.5250030058624363,"ballX":0.43460906125644705,"ballY":0.6674269270414062}
