{"leftPaddleY":0.7480639454501765,"rightPaddleY":0.8057165058549488,"ballX":0.6756222961046406,"ballY":0.022730980429852162}
