{"leftPaddleY":0.2351298931751209,"rightPaddleY":0.6182956972761471,"ballX":0.5020564486493085,"ballY":0.6992506982978384}
