{"leftPaddleY":0.7843898855586877,"rightPaddleY":0.5078113455722636,"ballX":0.29948268655587307,"ballY":0.9376963796340908}
