{"leftPaddleY":0.9894879142526816,"rightPaddleY":0.5438622444207243,"ballX":0.2386260614667078,"ballY":0.7172163853219434}
