{"leftPaddleY":0.9634379837043541,"rightPaddleY":0.6855731921270724,"ballX":0.05332213173192769,"ballY":0.10954337946755395}
