{"leftPaddleY":0.8974001726841804,"rightPaddleY":0.39994963290334096,"ballX":0.9579545330909791,"ballY":0.6411767819473589}
