{"leftPaddleY":0.6200489858099617,"rightPaddleY":0.11083952452349329,"ballX":0.7383286641967134,"ballY":0.28992491064058357}
