{"leftPaddleY":0.6902811714555729,"rightPaddleY":0.6662088544078587,"ballX":0.24456863172637638,"ballY":0.7658552329824212}
