{"leftPaddleY":0.8828691654736032,"rightPaddleY":0.1960686076904381,"ballX":0.5920973087920657,"ballY":0.898911844733575}
