{"leftPaddleY":0.5035179219268313,"rightPaddleY":0.0643481494551635,"ballX":0.07284398029369805,"ballY":0.035444320685673984}
