{"leftPaddleY":0.28391692216876663,"rightPaddleY":0.9411193932937282,"ballX":0.4798615449334442,"ballY":0.0033941892962507554}
