{"leftPaddleY":0.15321462587880003,"rightPaddleY":0.9961827063340373,"ballX":0.33114672729866323,"ballY":0.37079715162471344}
