{"leftPaddleY":0.8423204021956974,"rightPaddleY":0.1965098685820172,"ballX":0.8079850407870452,"ballY":0.7303437450713401}
