{"leftPaddleY":0.9256425963051536,"rightPaddleY":0.9194553268668184,"ballX":0.29472312523937977,"ballY":0.7198635319241308}
