{"leftPaddleY":0.02932819627044211,"rightPaddleY":0.3346840530502395,"ballX":0.5348215244895691,"ballY":0.43005505460899207}
