{"leftPaddleY":0.27089044408419305,"rightPaddleY":0.31003911167987847,"ballX":0.10008479458887529,"ballY":0.6426727074884767}
