{"leftPaddleY":0.5914147424744803,"rightPaddleY":0.16869219277646805,"ballX":0.39782769723637906,"ballY":0.7809903920702793}
