{"leftPaddleY":0.05958608933260941,"rightPaddleY":0.3480299284458493,"ballX":0.7757447655519568,"ballY":0.5899756762916785}
