{"leftPaddleY":0.08690412625869522,"rightPaddleY":0.9021930383323864,"ballX":0.8085468340545539,"ballY":0.39767004900769715}
