{"leftPaddleY":0.48723875075263684,"rightPaddleY":0.6757654201829049,"ballX":0.7329655728142463,"ballY":0.5739024067633647}
