{"leftPaddleY":0.7220064324281388,"rightPaddleY":0.9275885459593726,"ballX":0.80068926039102,"ballY":0.6590289637597632}
