{"leftPaddleY":0.18339128524047527,"rightPaddleY":0.6274540662805863,"ballX":0.623292470596236,"ballY":0.003009792305745331}
