{"leftPaddleY":0.729088672193808,"rightPaddleY":0.5230463609233833,"ballX":0.6716606783693758,"ballY":0.94884240363094}
