{"leftPaddleY":0.6039226906087628,"rightPaddleY":0.5711559177615467,"ballX":0.7667963756506007,"ballY":0.6515378072756731}
