{"leftPaddleY":0.7325909227395863,"rightPaddleY":0.5836268310512438,"ballX":0.3011254523703064,"ballY":0.7981549101016339}
