{"leftPaddleY":0.18787792532064457,"rightPaddleY":0.09875512684560732,"ballX":0.6150001085715164,"ballY":0.34997104157575604}
