{"leftPaddleY":0.6144785866367549,"rightPaddleY":0.34946591844279273,"ballX":0.020866859344808995,"ballY":0.008569398833746533}
