{"leftPaddleY":0.19509638731752665,"rightPaddleY":0.6386489342684345,"ballX":0.2466913166158778,"ballY":0.7108033775800867}
