{"leftPaddleY":0.19590788811537674,"rightPaddleY":0.8801760483688401,"ballX":0.04154895327362542,"ballY":0.38218324590880953}
