{"leftPaddleY":0.8724995338923721,"rightPaddleY":0.5440914296376329,"ballX":0.5083834415269844,"ballY":0.7010697381248217}
