{"leftPaddleY":0.6407602307104507,"rightPaddleY":0.529531777435699,"ballX":0.736823171408677,"ballY":0.4872578420053066}
