{"leftPaddleY":0.31140507274595947,"rightPaddleY":0.19103072779696417,"ballX":0.6955403178572362,"ballY":0.7437356210934212}
