{"leftPaddleY":0.5402977784803088,"rightPaddleY":0.5178834690210664,"ballX":0.9662017890876308,"ballY":0.6797932134727217}
