{"leftPaddleY":0.5457132013385484,"rightPaddleY":0.8537692648661688,"ballX":0.5432752225826913,"ballY":0.7931720081169796}
