{"leftPaddleY":0.1440435313499482,"rightPaddleY":0.8398058399561085,"ballX":0.7170255756381131,"ballY":0.35421460647743097}
