{"leftPaddleY":0.662842008827686,"rightPaddleY":0.5967422470504506,"ballX":0.5987336755269435,"ballY":0.7285108441680149}
