{"leftPaddleY":0.21213071571612707,"rightPaddleY":0.2556607848267372,"ballX":0.6761134157350185,"ballY":0.02780871036356745}
