{"leftPaddleY":0.0671969175723672,"rightPaddleY":0.27438523285802197,"ballX":0.9987352267661165,"ballY":0.8051675153555929}
