{"leftPaddleY":0.5250539319651062,"rightPaddleY":0.7675865505651304,"ballX":0.3965319896657111,"ballY":0.04199174305932226}
