{"leftPaddleY":0.056523518970990366,"rightPaddleY":0.7664543017523945,"ballX":0.7707041136522205,"ballY":0.7856831543941135}
