{"leftPaddleY":0.9520972801700474,"rightPaddleY":0.6954357068917809,"ballX":0.9277717214524618,"ballY":0.06652283167717515}
