{"leftPaddleY":0.3859391777466459,"rightPaddleY":0.5154782022703709,"ballX":0.17088068686670485,"ballY":0.5631571981980743}
