{"leftPaddleY":0.8495593262667416,"rightPaddleY":0.5653868950275006,"ballX":0.571260138013537,"ballY":0.7352756489005946}
