{"leftPaddleY":0.002075846807865189,"rightPaddleY":0.37009968800465065,"ballX":0.8199705700015425,"ballY":0.11149131567402615}
