{"leftPaddleY":0.11891712445405754,"rightPaddleY":0.13896449436887123,"ballX":0.7518010819835523,"ballY":0.7128520980376003}
