{"leftPaddleY":0.9904475042346486,"rightPaddleY":0.32308888294020655,"ballX":0.5630238433839165,"ballY":0.690735548353502}
