{"leftPaddleY":0.5085257555896007,"rightPaddleY":0.7038107169092164,"ballX":0.7464460857264305,"ballY":0.729337295029161}
