{"leftPaddleY":0.032604545990565025,"rightPaddleY":0.2340709976866211,"ballX":0.8396284615158164,"ballY":0.5269857846305824}
