{"leftPaddleY":0.08133696592260316,"rightPaddleY":0.6932974538458874,"ballX":0.004695024325233573,"ballY":0.5983430406416558}
