{"leftPaddleY":0.7155376360381126,"rightPaddleY":0.5453811418850346,"ballX":0.5225744145707957,"ballY":0.9042066227740255}
