{"leftPaddleY":0.7118000415869143,"rightPaddleY":0.6457839750386967,"ballX":0.018880705828737528,"ballY":0.6317563782038595}
