{"leftPaddleY":0.6307926121458342,"rightPaddleY":0.6339903846597733,"ballX":0.1287524318497973,"ballY":0.8239315647744434}
