{"leftPaddleY":0.9739924773210313,"rightPaddleY":0.96307963630327,"ballX":0.6244602925916329,"ballY":0.9987085665584385}
