{"leftPaddleY":0.14415118398548557,"rightPaddleY":0.17821495064046397,"ballX":0.45658863739907385,"ballY":0.15014436216427993}
