{"leftPaddleY":0.5577467277094783,"rightPaddleY":0.6028928623278076,"ballX":0.9870920647912954,"ballY":0.41556960549530797}
