{"leftPaddleY":0.2892888656159673,"rightPaddleY":0.012861752087192015,"ballX":0.40138149159584596,"ballY":0.5245307902209707}
