{"leftPaddleY":0.4648509583900145,"rightPaddleY":0.8208646255334515,"ballX":0.7973278538423816,"ballY":0.23687186684859363}
