{"leftPaddleY":0.8622397649362643,"rightPaddleY":0.6266260920761387,"ballX":0.09411511116345801,"ballY":0.8937800803414854}
