{"leftPaddleY":0.005781831611708297,"rightPaddleY":0.29781336659850094,"ballX":0.5109439056158264,"ballY":0.03537331476680205}
