{"leftPaddleY":0.9941152502923208,"rightPaddleY":0.8949872082758742,"ballX":0.3283508907026268,"ballY":0.6486571148355404}
