{"leftPaddleY":0.4923697885182993,"rightPaddleY":0.2459037539116248,"ballX":0.08369489488674996,"ballY":0.7371028102018333}
