{"leftPaddleY":0.5105319180641203,"rightPaddleY":0.15052703126553374,"ballX":0.19545721783460376,"ballY":0.5597565094269292}
