{"leftPaddleY":0.3670014328184698,"rightPaddleY":0.3326432873450054,"ballX":0.843570573387701,"ballY":0.04762229413920565}
