{"leftPaddleY":0.06983098778203602,"rightPaddleY":0.4903382863351511,"ballX":0.26113907542367915,"ballY":0.28096819798853645}
