{"leftPaddleY":0.4476063804183489,"rightPaddleY":0.21789316728375147,"ballX":0.5886483509559373,"ballY":0.514632497987125}
