{"leftPaddleY":0.3230240421154866,"rightPaddleY":0.39093533807112024,"ballX":0.8459768300970799,"ballY":0.8711318700176367}
