{"leftPaddleY":0.6469710601862468,"rightPaddleY":0.494352092446464,"ballX":0.5666546098639977,"ballY":0.12351204445843543}
