{"leftPaddleY":0.2976548551237635,"rightPaddleY":0.4929622683907674,"ballX":0.8476969883850904,"ballY":0.8591966570480104}
