{"leftPaddleY":0.9148408623442377,"rightPaddleY":0.3243127997191093,"ballX":0.5956244505031363,"ballY":0.4771551212654946}
