{"leftPaddleY":0.49328779919372556,"rightPaddleY":0.40425381191424503,"ballX":0.6088711448846391,"ballY":0.10839093919498854}
