{"leftPaddleY":0.0039169451590766605,"rightPaddleY":0.8121905904892576,"ballX":0.33099802779113585,"ballY":0.8202749498513932}
