{"leftPaddleY":0.08129186805368435,"rightPaddleY":0.8486873836052359,"ballX":0.6649239051480565,"ballY":0.9010251425070812}
