{"leftPaddleY":0.49830180566377763,"rightPaddleY":0.21034694065295048,"ballX":0.18350701435128433,"ballY":0.6769282624350115}
