{"leftPaddleY":0.08828019112694625,"rightPaddleY":0.8289705158149888,"ballX":0.8187549955743385,"ballY":0.1855003218110349}
