{"leftPaddleY":0.4511822272408583,"rightPaddleY":0.6931368135010241,"ballX":0.28809121768913437,"ballY":0.14208000258071676}
