{"leftPaddleY":0.9808045039195847,"rightPaddleY":0.3210239707815851,"ballX":0.9400755889943211,"ballY":0.16130485941887807}
