{"leftPaddleY":0.16536947270287902,"rightPaddleY":0.16368516829786403,"ballX":0.8855747734126408,"ballY":0.7362343879260015}
