{"leftPaddleY":0.5014956351061457,"rightPaddleY":0.7429741995501806,"ballX":0.8938983740498081,"ballY":0.8896517574796133}
