{"leftPaddleY":0.06990738438502073,"rightPaddleY":0.2967443045120745,"ballX":0.14719297128861858,"ballY":0.6751086178730318}
