{"leftPaddleY":0.5230564185820481,"rightPaddleY":0.7326459554810982,"ballX":0.5664781850164636,"ballY":0.6836844943192734}
