{"leftPaddleY":0.48243189999596164,"rightPaddleY":0.7182076862319989,"ballX":0.37767582471139177,"ballY":0.6630126108726782}
