{"leftPaddleY":0.15081856594008175,"rightPaddleY":0.8960817733336913,"ballX":0.6069319928201851,"ballY":0.17940025759623887}
