{"leftPaddleY":0.8380132320828091,"rightPaddleY":0.3385006953796671,"ballX":0.4000073143826158,"ballY":0.18494120582042883}
