{"leftPaddleY":0.9882274279755103,"rightPaddleY":0.05476825455098598,"ballX":0.288768298322665,"ballY":0.3186689327178117}
