{"leftPaddleY":0.31565604737241526,"rightPaddleY":0.95407349228306,"ballX":0.21382376141291193,"ballY":0.35075235275930766}
