{"leftPaddleY":0.7647686718548722,"rightPaddleY":0.09969373155561692,"ballX":0.38754955207012637,"ballY":0.49433498912920937}
