{"leftPaddleY":0.10210487682929077,"rightPaddleY":0.8591214605278902,"ballX":0.2430269643195236,"ballY":0.13727831834982673}
