{"leftPaddleY":0.975015666103253,"rightPaddleY":0.08335551834119853,"ballX":0.18364925486276698,"ballY":0.1704133397716745}
