{"leftPaddleY":0.761392750064277,"rightPaddleY":0.9167184760820352,"ballX":0.8331931294305212,"ballY":0.9999573460876718}
