{"leftPaddleY":0.6632533760319506,"rightPaddleY":0.315592838418062,"ballX":0.13121905008009643,"ballY":0.18677391690005143}
