{"leftPaddleY":0.2971128138953063,"rightPaddleY":0.16240372228979255,"ballX":0.8011223594857033,"ballY":0.40277581719783856}
