{"leftPaddleY":0.37719085295661386,"rightPaddleY":0.7678753817618175,"ballX":0.7707388188132656,"ballY":0.5500600895885353}
