{"leftPaddleY":0.15576729503360492,"rightPaddleY":0.13642221961743983,"ballX":0.48703151353391233,"ballY":0.7295200527025004}
