{"leftPaddleY":0.14694827941676436,"rightPaddleY":0.8236002292402788,"ballX":0.4049904297437786,"ballY":0.85569865780996}
