{"leftPaddleY":0.5760025092881637,"rightPaddleY":0.5412035915952951,"ballX":0.925870011327103,"ballY":0.4788769910423404}
