{"leftPaddleY":0.5460178421740166,"rightPaddleY":0.12260129212289947,"ballX":0.9833917967046116,"ballY":0.1604600996830387}
