{"leftPaddleY":0.3052380862068492,"rightPaddleY":0.7700851346472032,"ballX":0.6624890625288639,"ballY":0.011674713458384497}
