{"leftPaddleY":0.715153018656878,"rightPaddleY":0.6720892987377008,"ballX":0.44805454843531656,"ballY":0.28895537097619806}
