{"leftPaddleY":0.5280794192624443,"rightPaddleY":0.6429336074795532,"ballX":0.36104773391313794,"ballY":0.4482033295820194}
