{"leftPaddleY":0.4496114343679574,"rightPaddleY":0.8509625049981838,"ballX":0.6346268655661021,"ballY":0.7284417062202642}
