{"leftPaddleY":0.5713134746956899,"rightPaddleY":0.20649800055304207,"ballX":0.16589719809187956,"ballY":0.7513306227674439}
