{"leftPaddleY":0.7372365561614573,"rightPaddleY":0.29144543068004636,"ballX":0.3862025310596394,"ballY":0.24884599065407528}
