{"leftPaddleY":0.29835678677525074,"rightPaddleY":0.08603673655281208,"ballX":0.24409970630421893,"ballY":0.11013091485889277}
