{"leftPaddleY":0.6678393125369156,"rightPaddleY":0.20558777376206405,"ballX":0.19329427089820356,"ballY":0.3769766887344095}
