{"leftPaddleY":0.18872324634380216,"rightPaddleY":0.7211503965960311,"ballX":0.6583958887492418,"ballY":0.770460031332228}
