{"leftPaddleY":0.2992278041150608,"rightPaddleY":0.5288518572403209,"ballX":0.1236655617269619,"ballY":0.3339930413336286}
