{"leftPaddleY":0.6137881034336996,"rightPaddleY":0.12505952634323905,"ballX":0.3846154176305587,"ballY":0.4544252892220848}
