{"leftPaddleY":0.2669782942434454,"rightPaddleY":0.34638220890731514,"ballX":0.9676021559683584,"ballY":0.15871288483900653}
