{"leftPaddleY":0.2415013364060146,"rightPaddleY":0.781768628231784,"ballX":0.540880776194332,"ballY":0.4743838859417661}
