{"leftPaddleY":0.47018350446801027,"rightPaddleY":0.2899127931906014,"ballX":0.95797229917319,"ballY":0.9198377310450282}
