{"leftPaddleY":0.2108646917394707,"rightPaddleY":0.4972924567186261,"ballX":0.3083651680240566,"ballY":0.5381797617687947}
