{"leftPaddleY":0.1551807591314387,"rightPaddleY":0.26591170357631894,"ballX":0.0017623412389661539,"ballY":0.9844446943345947}
