{"leftPaddleY":0.2713141591400198,"rightPaddleY":0.8357241435746635,"ballX":0.10252304868253158,"ballY":0.028226901247948466}
