{"leftPaddleY":0.12337566685573526,"rightPaddleY":0.2799507257367508,"ballX":0.47892996296943907,"ballY":0.4516469657207196}
