{"leftPaddleY":0.9045238682201951,"rightPaddleY":0.3969116365879412,"ballX":0.3151354785865853,"ballY":0.4018647508792354}
