{"leftPaddleY":0.28376239253605484,"rightPaddleY":0.0333086328132056,"ballX":0.5348913708189063,"ballY":0.541910233361144}
