{"leftPaddleY":0.4616378352300669,"rightPaddleY":0.6792345519139453,"ballX":0.02529609883063144,"ballY":0.8045186714069985}
