{"leftPaddleY":0.7447347769324081,"rightPaddleY":0.2740609028705281,"ballX":0.7589913263827248,"ballY":0.5090697462132766}
