{"leftPaddleY":0.7477507269118188,"rightPaddleY":0.050825164803430065,"ballX":0.5881920615805016,"ballY":0.29694194106200733}
