{"leftPaddleY":0.8421662414620686,"rightPaddleY":0.2060634354830392,"ballX":0.2145591247123085,"ballY":0.23628076570221296}
