{"leftPaddleY":0.7153513586773699,"rightPaddleY":0.23042372670382744,"ballX":0.39381021875419525,"ballY":0.9610451231188275}
