{"leftPaddleY":0.826220956029136,"rightPaddleY":0.9127162985307193,"ballX":0.19938225902471474,"ballY":0.017156348377224597}
