{"leftPaddleY":0.4654685638392376,"rightPaddleY":0.18666464736836796,"ballX":0.19624278911109658,"ballY":0.6774444942453711}
