{"leftPaddleY":0.9774543465544296,"rightPaddleY":0.73798829678636,"ballX":0.3731800744414113,"ballY":0.30246779047382644}
