{"leftPaddleY":0.26816837004319155,"rightPaddleY":0.21850036610985055,"ballX":0.6470433834998666,"ballY":0.25091106738747593}
