{"leftPaddleY":0.17695860712359066,"rightPaddleY":0.7760487018046361,"ballX":0.18979528310051194,"ballY":0.8597083456493999}
