{"leftPaddleY":0.1886154125357546,"rightPaddleY":0.0742715102045405,"ballX":0.45187469587566415,"ballY":0.932964950240601}
