{"leftPaddleY":0.008478431504757897,"rightPaddleY":0.8614956012623847,"ballX":0.918883273438763,"ballY":0.008488654423750516}
