{"leftPaddleY":0.39373488777309396,"rightPaddleY":0.034834072237669676,"ballX":0.32770490752149656,"ballY":0.7672398198664291}
