{"leftPaddleY":0.20244517733036613,"rightPaddleY":0.09311572969273563,"ballX":0.621994474857314,"ballY":0.42090542624907634}
