{"leftPaddleY":0.032606988989547066,"rightPaddleY":0.048877178712581584,"ballX":0.14744316455495196,"ballY":0.2929251945793467}
