{"leftPaddleY":0.6047564939471042,"rightPaddleY":0.8650878616155271,"ballX":0.6185267344960785,"ballY":0.5258830340133716}
