{"leftPaddleY":0.21263394864707677,"rightPaddleY":0.36397452833265864,"ballX":0.915821216452941,"ballY":0.6172530764074361}
