{"leftPaddleY":0.8441846473781426,"rightPaddleY":0.6786531911145116,"ballX":0.5452724979956287,"ballY":0.7177114145753012}
