{"leftPaddleY":0.3651943249479105,"rightPaddleY":0.05605782081382022,"ballX":0.05828481421934553,"ballY":0.8478681973466751}
