{"leftPaddleY":0.7238734111227654,"rightPaddleY":0.11776793595363254,"ballX":0.6498304986385053,"ballY":0.33429773783862393}
