{"leftPaddleY":0.39242669676354663,"rightPaddleY":0.4462690943015263,"ballX":0.5153947133035811,"ballY":0.8007590589264268}
