{"leftPaddleY":0.9391827517556881,"rightPaddleY":0.6666123878801022,"ballX":0.6107549441887248,"ballY":0.9011787573021138}
