{"leftPaddleY":0.2871256546506662,"rightPaddleY":0.25385201908244404,"ballX":0.6686727489772843,"ballY":0.5376844455281882}
