{"leftPaddleY":0.10698264537032101,"rightPaddleY":0.8124043485017418,"ballX":0.2227446475209472,"ballY":0.15297428453373818}
