{"leftPaddleY":0.017824850537174523,"rightPaddleY":0.6410738994277313,"ballX":0.6678614374144418,"ballY":0.6427182765182803}
