{"leftPaddleY":0.7827809933346568,"rightPaddleY":0.12552982644198574,"ballX":0.1991627941426405,"ballY":0.41624507574326935}
