{"leftPaddleY":0.8328039425351997,"rightPaddleY":0.2823485469695242,"ballX":0.37053845567033294,"ballY":0.24332251916408734}
