{"leftPaddleY":0.359192453575058,"rightPaddleY":0.002360613530213956,"ballX":0.6023049686495825,"ballY":0.9917907748196226}
