{"leftPaddleY":0.19036714939638621,"rightPaddleY":0.2147030008762929,"ballX":0.04805774013632482,"ballY":0.36360369560184386}
