{"leftPaddleY":0.6928119742060213,"rightPaddleY":0.2986063614809682,"ballX":0.5305610989898881,"ballY":0.6428211914156363}
