{"leftPaddleY":0.018948515470511608,"rightPaddleY":0.06407403182128472,"ballX":0.1449740742795218,"ballY":0.8772973396998152}
