{"leftPaddleY":0.5909734067431802,"rightPaddleY":0.9154322031481451,"ballX":0.4757214533979304,"ballY":0.5802630325107058}
