{"leftPaddleY":0.9233165729266017,"rightPaddleY":0.8236736501849615,"ballX":0.9813582102931933,"ballY":0.18293497805704798}
