{"leftPaddleY":0.7180318866296985,"rightPaddleY":0.5210935509157996,"ballX":0.6880609197402706,"ballY":0.5404547719565075}
