{"leftPaddleY":0.3315317620315508,"rightPaddleY":0.3879111027338457,"ballX":0.2575236337244136,"ballY":0.00018988333621064896}
