{"leftPaddleY":0.9267402627713782,"rightPaddleY":0.08207350945169774,"ballX":0.4255261661460745,"ballY":0.297385934949863}
