{"leftPaddleY":0.7262105991088907,"rightPaddleY":0.08329824652904638,"ballX":0.32454273861957955,"ballY":0.01249471937457675}
