{"leftPaddleY":0.49395076606609917,"rightPaddleY":0.5179210070242296,"ballX":0.0009716419733503634,"ballY":0.5444812662000197}
