{"leftPaddleY":0.8386900213958792,"rightPaddleY":0.1871318280513018,"ballX":0.5360151180696113,"ballY":0.8452354084451301}
