{"leftPaddleY":0.9876353587451564,"rightPaddleY":0.20261698879892023,"ballX":0.9859514247845,"ballY":0.24960274836538482}
