{"leftPaddleY":0.1813285606260157,"rightPaddleY":0.07111935534370403,"ballX":0.6786413584297337,"ballY":0.42422872469501594}
