{"leftPaddleY":0.8125809406538806,"rightPaddleY":0.4365708202051338,"ballX":0.41947088821461187,"ballY":0.06712895766663148}
