{"leftPaddleY":0.5055042296352685,"rightPaddleY":0.6571146919932503,"ballX":0.6751025925168769,"ballY":0.9553719993965677}
