{"leftPaddleY":0.6261274061329372,"rightPaddleY":0.6994862971902829,"ballX":0.40922447984154886,"ballY":0.8473830006986938}
