{"leftPaddleY":0.47197985715720114,"rightPaddleY":0.4195662253029942,"ballX":0.9312267484027889,"ballY":0.5278241151499167}
