{"leftPaddleY":0.7964453800785842,"rightPaddleY":0.2049656968849233,"ballX":0.4927859294034047,"ballY":0.13320707892919706}
