{"leftPaddleY":0.708839985055362,"rightPaddleY":0.3147771922067482,"ballX":0.3776829799174407,"ballY":0.31557215261894933}
