{"leftPaddleY":0.39384271887399064,"rightPaddleY":0.1100322020996087,"ballX":0.34679733318695144,"ballY":0.7989541071302338}
