{"leftPaddleY":0.24912088346150288,"rightPaddleY":0.5004273790484818,"ballX":0.4407370022864177,"ballY":0.6632913536174603}
