{"leftPaddleY":0.9024586913724939,"rightPaddleY":0.15175956035288354,"ballX":0.7946046170151213,"ballY":0.30714341813040363}
