{"leftPaddleY":0.4319189517146971,"rightPaddleY":0.27158496660146186,"ballX":0.42223559684981116,"ballY":0.42974838596399556}
