{"leftPaddleY":0.816696003779397,"rightPaddleY":0.7718571794031435,"ballX":0.16991200660108607,"ballY":0.8812199003669012}
