{"leftPaddleY":0.02366220363580623,"rightPaddleY":0.06299895630772359,"ballX":0.10087416380526143,"ballY":0.8817779334072302}
