{"leftPaddleY":0.26544467554672724,"rightPaddleY":0.5140605759429062,"ballX":0.7289024966469956,"ballY":0.5527541700871628}
