{"leftPaddleY":0.6678168677171058,"rightPaddleY":0.008884411582737796,"ballX":0.43733673873606754,"ballY":0.9686232832484994}
