{"leftPaddleY":0.8308056789846601,"rightPaddleY":0.9095375382541775,"ballX":0.006878395563237104,"ballY":0.13792364175948146}
