{"leftPaddleY":0.7398275229901974,"rightPaddleY":0.2709628553588804,"ballX":0.35665823077536424,"ballY":0.42786504065875475}
