{"leftPaddleY":0.3521171550160315,"rightPaddleY":0.8053237945621537,"ballX":0.7467068176107756,"ballY":0.5240491492928653}
