{"leftPaddleY":0.4715067527937656,"rightPaddleY":0.567319484836971,"ballX":0.5285576033062144,"ballY":0.6965663257748891}
