{"leftPaddleY":0.4364459732367239,"rightPaddleY":0.9060099076524986,"ballX":0.5014318061550601,"ballY":0.8062329666738792}
