{"leftPaddleY":0.7654867559624805,"rightPaddleY":0.30947073658330787,"ballX":0.6589011606024822,"ballY":0.962109637412172}
