{"leftPaddleY":0.7088704603697351,"rightPaddleY":0.22537048421656455,"ballX":0.42745469039885275,"ballY":0.785457164791808}
