{"leftPaddleY":0.29929908420213763,"rightPaddleY":0.37035347752259523,"ballX":0.7121725543969757,"ballY":0.3016331322465631}
