{"leftPaddleY":0.7032121888928958,"rightPaddleY":0.5358820600998303,"ballX":0.5820254798350856,"ballY":0.9507760221194935}
