{"leftPaddleY":0.8940123531370731,"rightPaddleY":0.6760247324998293,"ballX":0.9612554209793692,"ballY":0.37601935531902725}
