{"leftPaddleY":0.9596454690856999,"rightPaddleY":0.8287617416398593,"ballX":0.0009244999878250081,"ballY":0.6527126464157597}
