{"leftPaddleY":0.5795288128255756,"rightPaddleY":0.5201634175568003,"ballX":0.8077868771233698,"ballY":0.004266568859041182}
