{"leftPaddleY":0.5023475208029448,"rightPaddleY":0.578119924552522,"ballX":0.3540796919633412,"ballY":0.6561604164660063}
