{"leftPaddleY":0.9663769425797731,"rightPaddleY":0.5110347550159714,"ballX":0.396455367762915,"ballY":0.7333571531534535}
