{"leftPaddleY":0.09510335584043791,"rightPaddleY":0.7431391347379516,"ballX":0.34029835113010826,"ballY":0.8195356066927826}
