{"leftPaddleY":0.6487270864924599,"rightPaddleY":0.9151376255688438,"ballX":0.00044692351209606526,"ballY":0.07094891264922064}
