{"leftPaddleY":0.9093386760883095,"rightPaddleY":0.8090303298457336,"ballX":0.7661289447043035,"ballY":0.5651831163751588}
