{"leftPaddleY":0.35309085680873326,"rightPaddleY":0.5975032686881212,"ballX":0.6130509973215753,"ballY":0.5141085527131501}
