{"leftPaddleY":0.23345963454134855,"rightPaddleY":0.510813795629823,"ballX":0.8951201096980664,"ballY":0.754467314696154}
