{"leftPaddleY":0.595083145770421,"rightPaddleY":0.9146432553794515,"ballX":0.7044146228370677,"ballY":0.751109747476708}
