{"leftPaddleY":0.8076220572376649,"rightPaddleY":0.9118571429810477,"ballX":0.9452083217491513,"ballY":0.2202608154310648}
