{"leftPaddleY":0.9212359978259083,"rightPaddleY":0.6592425281582,"ballX":0.5867836621980057,"ballY":0.4078779490393262}
