{"leftPaddleY":0.4539464366669572,"rightPaddleY":0.7330943548845809,"ballX":0.18641082399689426,"ballY":0.9860367572087809}
