{"leftPaddleY":0.8620525073212493,"rightPaddleY":0.6605471891939787,"ballX":0.2927913208955291,"ballY":0.6812349552935566}
