{"leftPaddleY":0.9408077983990317,"rightPaddleY":0.7561643761706176,"ballX":0.599751223770339,"ballY":0.5238908213571309}
