{"leftPaddleY":0.05933855632349082,"rightPaddleY":0.7316597620164114,"ballX":0.8702909490109818,"ballY":0.939195995521509}
