{"leftPaddleY":0.7861758317539064,"rightPaddleY":0.6874518257274381,"ballX":0.4847124638678706,"ballY":0.2194108808161983}
