{"leftPaddleY":0.3845096496726372,"rightPaddleY":0.2977778298420962,"ballX":0.6400302698057457,"ballY":0.07346166215107644}
