{"leftPaddleY":0.48605800222831863,"rightPaddleY":0.5561446975113338,"ballX":0.9141129108484483,"ballY":0.9647783373979631}
