{"leftPaddleY":0.7232366594877218,"rightPaddleY":0.29085829011812836,"ballX":0.9746091969799356,"ballY":0.7266626519566193}
