{"leftPaddleY":0.22621366462459414,"rightPaddleY":0.1780491780027094,"ballX":0.9520176991655848,"ballY":0.4787193958057388}
