{"leftPaddleY":0.06431522858136378,"rightPaddleY":0.12267576221164074,"ballX":0.7236952448102191,"ballY":0.41834127238277224}
