{"leftPaddleY":0.7725700964729726,"rightPaddleY":0.4699579096410671,"ballX":0.40802069263508056,"ballY":0.5142229353837602}
