{"leftPaddleY":0.49819738036255923,"rightPaddleY":0.33578046655672505,"ballX":0.35480613852195747,"ballY":0.5868300021279681}
