{"leftPaddleY":0.5624048494037277,"rightPaddleY":0.3115158968575828,"ballX":0.6016379781481359,"ballY":0.8649819076379023}
