{"leftPaddleY":0.30710980228349194,"rightPaddleY":0.6819406904656007,"ballX":0.3833285109646186,"ballY":0.06496822969252429}
