{"leftPaddleY":0.586616822011982,"rightPaddleY":0.9367362660506989,"ballX":0.9896753812550139,"ballY":0.8546481323749553}
