{"leftPaddleY":0.9861705862432589,"rightPaddleY":0.7471524187967299,"ballX":0.8989215147663939,"ballY":0.059353026976755686}
