{"leftPaddleY":0.25705047908465634,"rightPaddleY":0.2418636265210894,"ballX":0.8276443978451008,"ballY":0.42343202918609624}
