{"leftPaddleY":0.801901717210232,"rightPaddleY":0.8401773414152021,"ballX":0.1407795784938056,"ballY":0.33504578421244824}
