{"leftPaddleY":0.6181689410085647,"rightPaddleY":0.881534189029321,"ballX":0.22653738020724576,"ballY":0.6296616900655252}
