{"leftPaddleY":0.9083680849375584,"rightPaddleY":0.19583585564741332,"ballX":0.798410720052951,"ballY":0.36652187242692935}
