{"leftPaddleY":0.6341594839028362,"rightPaddleY":0.9382728160172156,"ballX":0.2818954185428936,"ballY":0.7498789457786893}
