{"leftPaddleY":0.48019408662978186,"rightPaddleY":0.7450576820983176,"ballX":0.04854212838888501,"ballY":0.24869359439278857}
