{"leftPaddleY":0.6234157049869921,"rightPaddleY":0.7416067669027041,"ballX":0.3395542985917143,"ballY":0.8667215119567748}
