{"leftPaddleY":0.26282299677594273,"rightPaddleY":0.548964237082149,"ballX":0.550346358843596,"ballY":0.8015972364884851}
