{"leftPaddleY":0.738045760670759,"rightPaddleY":0.1360394222074814,"ballX":0.054543049351946975,"ballY":0.0968038180952275}
