{"leftPaddleY":0.4931121342812729,"rightPaddleY":0.7249007121032455,"ballX":0.7551550942595475,"ballY":0.9768680531243812}
