{"leftPaddleY":0.8905321287050691,"rightPaddleY":0.1852318413630561,"ballX":0.9127367516199895,"ballY":0.040400520046193676}
