{"leftPaddleY":0.2043507245413577,"rightPaddleY":0.3099847072168497,"ballX":0.4527668481988334,"ballY":0.28609816950086814}
