{"leftPaddleY":0.34866659435787106,"rightPaddleY":0.5340287749053969,"ballX":0.012085645084621037,"ballY":0.030994580799689007}
