{"leftPaddleY":0.5135724273488373,"rightPaddleY":0.4395202477935454,"ballX":0.3972844785845244,"ballY":0.6192399399201145}
