{"leftPaddleY":0.1994485827185184,"rightPaddleY":0.765944189598521,"ballX":0.0278859113195292,"ballY":0.663233899397696}
