{"leftPaddleY":0.9408940589959599,"rightPaddleY":0.4449439504963391,"ballX":0.7220902431650539,"ballY":0.14990131374257326}
