{"leftPaddleY":0.6405799979891627,"rightPaddleY":0.5123780351517535,"ballX":0.34287197549954723,"ballY":0.4491147078221196}
