{"leftPaddleY":0.7147666126516793,"rightPaddleY":0.08529560213863847,"ballX":0.7863456055682052,"ballY":0.7131413425637423}
