{"leftPaddleY":0.10352386977955395,"rightPaddleY":0.20022107056765245,"ballX":0.26021090954761045,"ballY":0.23539126237781732}
