{"leftPaddleY":0.5607643910345311,"rightPaddleY":0.88311566201116,"ballX":0.9551650684675933,"ballY":0.3059274676339112}
