{"leftPaddleY":0.5228043370923494,"rightPaddleY":0.9068695285716739,"ballX":0.5842191817158022,"ballY":0.8154663688883845}
