{"leftPaddleY":0.9283786553370814,"rightPaddleY":0.7203298525942314,"ballX":0.7275205529311881,"ballY":0.12409521068033211}
