{"leftPaddleY":0.23341137976809287,"rightPaddleY":0.9510495636217633,"ballX":0.2899034069485699,"ballY":0.6020629647985628}
