{"leftPaddleY":0.30183266868661657,"rightPaddleY":0.4934607128441545,"ballX":0.2981648819070693,"ballY":0.43607416257531245}
