{"leftPaddleY":0.42468130441004287,"rightPaddleY":0.9356337456504452,"ballX":0.7715062315337117,"ballY":0.006648131729782156}
