{"leftPaddleY":0.29299890665203626,"rightPaddleY":0.8043701724669549,"ballX":0.8205865152856064,"ballY":0.15954261304499992}
