{"leftPaddleY":0.008770354410812482,"rightPaddleY":0.29739472462456856,"ballX":0.37625650984165004,"ballY":0.8883532202252499}
