{"leftPaddleY":0.01679181156766998,"rightPaddleY":0.0005481892765687576,"ballX":0.6175268563060909,"ballY":0.4605522846507609}
