{"leftPaddleY":0.24499576276610577,"rightPaddleY":0.12724390934154345,"ballX":0.737863877607944,"ballY":0.15610178726576776}
