{"leftPaddleY":0.9685607084406669,"rightPaddleY":0.017263955608050642,"ballX":0.6666715583638283,"ballY":0.030823069933923742}
