{"leftPaddleY":0.973389762152627,"rightPaddleY":0.15293711305924668,"ballX":0.7052951184446686,"ballY":0.5752525606116542}
