{"leftPaddleY":0.3294561412960949,"rightPaddleY":0.7005354644306133,"ballX":0.5191119872708616,"ballY":0.20918356066676852}
