{"leftPaddleY":0.864024734098423,"rightPaddleY":0.9669843282486361,"ballX":0.3775960396236827,"ballY":0.02290244636645364}
