{"leftPaddleY":0.21500681816055417,"rightPaddleY":0.22889690336132537,"ballX":0.26939884410907744,"ballY":0.6271832268299145}
