{"leftPaddleY":0.40546505023712825,"rightPaddleY":0.8607030677344656,"ballX":0.7054849465101037,"ballY":0.21767442209148008}
