{"leftPaddleY":0.9573202366781508,"rightPaddleY":0.09126731548198048,"ballX":0.7134362145198022,"ballY":0.6713862051526147}
