{"leftPaddleY":0.5469808025472305,"rightPaddleY":0.6223797661781406,"ballX":0.511471089545341,"ballY":0.994414097226547}
