{"leftPaddleY":0.9333991645301063,"rightPaddleY":0.8283459274163816,"ballX":0.04166461907192661,"ballY":0.4137829851114816}
