{"leftPaddleY":0.08898031663355392,"rightPaddleY":0.46364359948326955,"ballX":0.842752507527083,"ballY":0.9879836356551901}
