{"leftPaddleY":0.1157529006694002,"rightPaddleY":0.42358876919036215,"ballX":0.9039971767340442,"ballY":0.7046051511095194}
