{"leftPaddleY":0.6860830683441282,"rightPaddleY":0.4300544906714314,"ballX":0.44784562549764834,"ballY":0.3464434594727041}
