{"leftPaddleY":0.2537039119721388,"rightPaddleY":0.4106651472670493,"ballX":0.8226307755938586,"ballY":0.4631462041688558}
