{"leftPaddleY":0.7863195649916875,"rightPaddleY":0.6562200061841073,"ballX":0.9845519095758452,"ballY":0.8554786891893005}
