{"leftPaddleY":0.7187449505778137,"rightPaddleY":0.14848175052201082,"ballX":0.04335162294304631,"ballY":0.1736389393215141}
