{"leftPaddleY":0.4576285656092061,"rightPaddleY":0.27205755532891446,"ballX":0.4152701735129378,"ballY":0.8857959717368384}
