{"leftPaddleY":0.7230622566764809,"rightPaddleY":0.5818441598112444,"ballX":0.5068861102662077,"ballY":0.9109007658453132}
