{"leftPaddleY":0.5874646963460715,"rightPaddleY":0.24200859996844581,"ballX":0.19080773924310443,"ballY":0.5932954680448436}
