{"leftPaddleY":0.6835670500279015,"rightPaddleY":0.057455294811314186,"ballX":0.04451832979122256,"ballY":0.21757759943530083}
