{"leftPaddleY":0.5545879390108848,"rightPaddleY":0.5761534570476645,"ballX":0.9129093384653086,"ballY":0.3892051608033798}
