{"leftPaddleY":0.6200120023449196,"rightPaddleY":0.7499430313217351,"ballX":0.3808517672464876,"ballY":0.4563910265751984}
