{"leftPaddleY":0.993631868368331,"rightPaddleY":0.6252089564479004,"ballX":0.9059020149885337,"ballY":0.8049284678448773}
