{"leftPaddleY":0.815462875024604,"rightPaddleY":0.04710222829787829,"ballX":0.6541386069808439,"ballY":0.8929491164791356}
