{"leftPaddleY":0.9970673605426131,"rightPaddleY":0.8048558008519813,"ballX":0.44799410384000077,"ballY":0.5545929721960865}
