{"leftPaddleY":0.04203729563686576,"rightPaddleY":0.9750614268770849,"ballX":0.359229617216463,"ballY":0.4547070547018385}
