{"leftPaddleY":0.13638076103387198,"rightPaddleY":0.9145088105898486,"ballX":0.7884516247132699,"ballY":0.7697914284400939}
