{"leftPaddleY":0.4650417256555115,"rightPaddleY":0.25750693249401246,"ballX":0.9642321962974985,"ballY":0.7161903454053814}
