{"leftPaddleY":0.06781693755707498,"rightPaddleY":0.7775611794998181,"ballX":0.23627264121102762,"ballY":0.6569258227286365}
