{"leftPaddleY":0.46031536823471797,"rightPaddleY":0.6073807682435918,"ballX":0.019439773447805026,"ballY":0.3146766998157471}
