{"leftPaddleY":0.7472644485237648,"rightPaddleY":0.33169558281196304,"ballX":0.688541515422822,"ballY":0.08862463582241621}
