{"leftPaddleY":0.328691598287983,"rightPaddleY":0.3812892643626891,"ballX":0.799307006107535,"ballY":0.6903639280162784}
