{"leftPaddleY":0.40869875165894537,"rightPaddleY":0.4811494160962699,"ballX":0.14138964632229942,"ballY":0.6602722418448757}
