{"leftPaddleY":0.15157661672334305,"rightPaddleY":0.8087002384478316,"ballX":0.6410298884451515,"ballY":0.4490488545683062}
