{"leftPaddleY":0.5770492078199598,"rightPaddleY":0.6036336877653955,"ballX":0.025632641420762083,"ballY":0.05785733606530367}
