{"leftPaddleY":0.3148638239233163,"rightPaddleY":0.23514639283411037,"ballX":0.5494637348013044,"ballY":0.5720659370963622}
