{"leftPaddleY":0.6776917653353439,"rightPaddleY":0.02633511468212687,"ballX":0.8944978514614963,"ballY":0.8488760406597007}
