{"leftPaddleY":0.1380419907014293,"rightPaddleY":0.43128126634546327,"ballX":0.5850348164128992,"ballY":0.6688862227041704}
