{"leftPaddleY":0.3265490588419863,"rightPaddleY":0.21797711207300535,"ballX":0.8259412938956743,"ballY":0.19616220951503116}
