{"leftPaddleY":0.5425236464855737,"rightPaddleY":0.8175799448484166,"ballX":0.5278759216609241,"ballY":0.9024491210338165}
