{"leftPaddleY":0.26076019947676854,"rightPaddleY":0.20901564388974672,"ballX":0.48307034315762176,"ballY":0.7154126384523227}
