{"leftPaddleY":0.8356483142027399,"rightPaddleY":0.9868808392322916,"ballX":0.7662318429803612,"ballY":0.8096393070812399}
