{"leftPaddleY":0.23168676947446773,"rightPaddleY":0.17674818220376018,"ballX":0.22504876778815514,"ballY":0.3636755231649623}
