{"leftPaddleY":0.8527347370078043,"rightPaddleY":0.33234735496292844,"ballX":0.905586327883913,"ballY":0.9419854686233193}
