{"leftPaddleY":0.460210499036356,"rightPaddleY":0.20793858287158123,"ballX":0.9586151342884051,"ballY":0.8560032987519709}
