{"leftPaddleY":0.9834408818980089,"rightPaddleY":0.4827687507701916,"ballX":0.8454072641006425,"ballY":0.23684524168720783}
