{"leftPaddleY":0.5026089325307789,"rightPaddleY":0.9724148878015269,"ballX":0.753117975318619,"ballY":0.6954241732702233}
