{"leftPaddleY":0.12569229716249275,"rightPaddleY":0.8680852084519564,"ballX":0.5357687815890384,"ballY":0.3539369838545345}
