{"leftPaddleY":0.8784292338727926,"rightPaddleY":0.07155340763663548,"ballX":0.5398258364716195,"ballY":0.3125322652698565}
