{"leftPaddleY":0.8251145355687765,"rightPaddleY":0.09612220305829339,"ballX":0.5603138289056289,"ballY":0.4608575999476252}
