{"leftPaddleY":0.32809279996037105,"rightPaddleY":0.21719723245068695,"ballX":0.6363922170499313,"ballY":0.15222462002368733}
