{"leftPaddleY":0.17324856121588864,"rightPaddleY":0.9202114903770828,"ballX":0.6991669529114382,"ballY":0.5928667060038274}
