{"leftPaddleY":0.08304684837204641,"rightPaddleY":0.7829427308312299,"ballX":0.424421275974614,"ballY":0.11225840327245432}
