{"leftPaddleY":0.1105979659754576,"rightPaddleY":0.7830773337726716,"ballX":0.6535010899942824,"ballY":0.5740437615070307}
