{"leftPaddleY":0.7048273690917335,"rightPaddleY":0.13887074216266684,"ballX":0.8175056282040901,"ballY":0.2773518928395632}
