{"leftPaddleY":0.4954813378382632,"rightPaddleY":0.07703979485722881,"ballX":0.587601812019612,"ballY":0.8861878611705755}
