{"leftPaddleY":0.7766435936484115,"rightPaddleY":0.056759317581357015,"ballX":0.2558574697945984,"ballY":0.25583218671216645}
