{"leftPaddleY":0.6791893937536789,"rightPaddleY":0.47552088336781345,"ballX":0.9703069622762182,"ballY":0.37482876053167047}
