{"leftPaddleY":0.9264282406507067,"rightPaddleY":0.3010801440319203,"ballX":0.44196940182195493,"ballY":0.2953977970895971}
