{"leftPaddleY":0.06432147020197279,"rightPaddleY":0.4676618594552331,"ballX":0.5857016119559065,"ballY":0.8604842977137616}
