{"leftPaddleY":0.4680105222737503,"rightPaddleY":0.3262893351518245,"ballX":0.4041782107936446,"ballY":0.9163455570379087}
