{"leftPaddleY":0.9537560074774343,"rightPaddleY":0.9023119174957591,"ballX":0.6488536936635041,"ballY":0.3317166171533144}
