{"leftPaddleY":0.9518669350661825,"rightPaddleY":0.8304057565191205,"ballX":0.4159400243792564,"ballY":0.2730678901749117}
