{"leftPaddleY":0.6260616168669901,"rightPaddleY":0.9503184870441895,"ballX":0.9392465790674992,"ballY":0.37719773373183585}
