{"leftPaddleY":0.3288286178287095,"rightPaddleY":0.5208183275348863,"ballX":0.9734752640754021,"ballY":0.0019844628522040853}
