{"leftPaddleY":0.3763150340060671,"rightPaddleY":0.23473870570544383,"ballX":0.9895342270187106,"ballY":0.28301831298377866}
