{"leftPaddleY":0.9441325436365168,"rightPaddleY":0.7210375209233371,"ballX":0.8962901917834601,"ballY":0.11629825997533928}
