{"leftPaddleY":0.027644032214679332,"rightPaddleY":0.5854844429309222,"ballX":0.35990601823979834,"ballY":0.1307099325346728}
