{"leftPaddleY":0.46495403057342755,"rightPaddleY":0.5991873720171403,"ballX":0.7406382553635499,"ballY":0.6222529225375438}
