{"leftPaddleY":0.6960398677114343,"rightPaddleY":0.15131404096724363,"ballX":0.7145587549544421,"ballY":0.2156122736415691}
