{"leftPaddleY":0.46950464028322975,"rightPaddleY":0.34652766596767376,"ballX":0.5043786062241846,"ballY":0.5395631870597191}
