{"leftPaddleY":0.5795091777769074,"rightPaddleY":0.6419903552673585,"ballX":0.28909969881709313,"ballY":0.1725918343647263}
