{"leftPaddleY":0.176591525013352,"rightPaddleY":0.013899538846167838,"ballX":0.5540396134237537,"ballY":0.12967770313118668}
