{"leftPaddleY":0.23635482835031393,"rightPaddleY":0.9646621927626117,"ballX":0.8025630257434233,"ballY":0.7924077156636756}
