{"leftPaddleY":0.5037238951495203,"rightPaddleY":0.6351994445816849,"ballX":0.08790095211020872,"ballY":0.19786499366555307}
