{"leftPaddleY":0.38676243723974757,"rightPaddleY":0.7609285262895338,"ballX":0.6823644277347778,"ballY":0.19693632403363046}
