{"leftPaddleY":0.07889755816648901,"rightPaddleY":0.09470938117097899,"ballX":0.6955472953846507,"ballY":0.10668816832238671}
