{"leftPaddleY":0.5564324192910601,"rightPaddleY":0.16742376321657296,"ballX":0.7993642039270098,"ballY":0.8984034328989687}
