{"leftPaddleY":0.7551370671267632,"rightPaddleY":0.8283512674404326,"ballX":0.8973463643486731,"ballY":0.6985289868004392}
