{"leftPaddleY":0.9647648323616261,"rightPaddleY":0.0008236779644136692,"ballX":0.8948341471244655,"ballY":0.33109388403428114}
