{"leftPaddleY":0.7475980085802454,"rightPaddleY":0.8202102932927315,"ballX":0.39010950302581704,"ballY":0.8133310936949039}
