{"leftPaddleY":0.3277658225599636,"rightPaddleY":0.7795081118577687,"ballX":0.3591135813753906,"ballY":0.6484243912976614}
