{"leftPaddleY":0.8809401991502976,"rightPaddleY":0.6476806039170772,"ballX":0.194029316545324,"ballY":0.7672843967204291}
