{"leftPaddleY":0.5510933535524666,"rightPaddleY":0.3598090853535328,"ballX":0.01207419766238131,"ballY":0.12195934934859404}
