{"leftPaddleY":0.5573842947359802,"rightPaddleY":0.9572841444222366,"ballX":0.6108898026518371,"ballY":0.18050241309152265}
