{"leftPaddleY":0.2392036805513061,"rightPaddleY":0.5982652026239953,"ballX":0.6953948826603839,"ballY":0.08831698469739468}
