{"leftPaddleY":0.4709934363271086,"rightPaddleY":0.8879889705354678,"ballX":0.8924335863852147,"ballY":0.6163289373180407}
