{"leftPaddleY":0.30082283480186034,"rightPaddleY":0.9510573149196252,"ballX":0.2779777947652564,"ballY":0.5089102389589024}
