{"leftPaddleY":0.9040763672424891,"rightPaddleY":0.02252286838276597,"ballX":0.4358658306110744,"ballY":0.06451664453584094}
