{"leftPaddleY":0.9982532613312675,"rightPaddleY":0.946428174740245,"ballX":0.2350862446366765,"ballY":0.6473515300619401}
