{"leftPaddleY":0.7240400940786156,"rightPaddleY":0.019519393020397825,"ballX":0.975783432734409,"ballY":0.22234719726945293}
