{"leftPaddleY":0.656405790373134,"rightPaddleY":0.14291512132747333,"ballX":0.7282382671297621,"ballY":0.6251742426134965}
