{"leftPaddleY":0.0642553123809852,"rightPaddleY":0.7044663898061734,"ballX":0.2950603165634068,"ballY":0.9625644176263319}
