{"leftPaddleY":0.9271595437744418,"rightPaddleY":0.456546246733985,"ballX":0.6367603087695013,"ballY":0.6681627411139144}
