{"leftPaddleY":0.902296490650796,"rightPaddleY":0.8719675262341732,"ballX":0.21031735506922664,"ballY":0.3517025235946507}
