{"leftPaddleY":0.30898910058704876,"rightPaddleY":0.8779890928088725,"ballX":0.0755559714711299,"ballY":0.6788184131510704}
