{"leftPaddleY":0.2521820663426667,"rightPaddleY":0.10580279915747152,"ballX":0.5814598388674956,"ballY":0.5533587880823081}
