{"leftPaddleY":0.7940037483637044,"rightPaddleY":0.7778172177919629,"ballX":0.6822058999337212,"ballY":0.07884784891902666}
