{"leftPaddleY":0.009081375015015913,"rightPaddleY":0.6731569861899623,"ballX":0.44157606984890746,"ballY":0.5811518041449195}
