{"leftPaddleY":0.6819143307658633,"rightPaddleY":0.04444557817034009,"ballX":0.09789872095955644,"ballY":0.006186771761213979}
