{"leftPaddleY":0.3867519520285574,"rightPaddleY":0.9284451522245103,"ballX":0.44353051279836253,"ballY":0.7771593825304974}
