{"leftPaddleY":0.8227201256721737,"rightPaddleY":0.9553300583669414,"ballX":0.0043004515538788875,"ballY":0.4726229010327236}
