{"leftPaddleY":0.4329374659729501,"rightPaddleY":0.035279469863661025,"ballX":0.801627185717046,"ballY":0.28857158392549537}
