{"leftPaddleY":0.14535463068141702,"rightPaddleY":0.0675663322181985,"ballX":0.9978728638897616,"ballY":0.09298412557562916}
