{"leftPaddleY":0.12943286117720793,"rightPaddleY":0.2986758008953994,"ballX":0.4776762574110952,"ballY":0.22209694982651626}
