{"leftPaddleY":0.3310568205364559,"rightPaddleY":0.9506871154027526,"ballX":0.6152703321120205,"ballY":0.8021703875736751}
