{"leftPaddleY":0.8855269845674,"rightPaddleY":0.4582879480778924,"ballX":0.27100818466571375,"ballY":0.9157049062105822}
