{"leftPaddleY":0.022119537665360192,"rightPaddleY":0.6827485357033782,"ballX":0.9549788615058441,"ballY":0.14563979673247715}
