{"leftPaddleY":0.563413651208193,"rightPaddleY":0.5779693335090145,"ballX":0.7361053612906291,"ballY":0.7811447515634174}
