{"leftPaddleY":0.9796220416690381,"rightPaddleY":0.4528295684525972,"ballX":0.07163883717930274,"ballY":0.8788341210167494}
