{"leftPaddleY":0.5542193414490396,"rightPaddleY":0.37388627311429046,"ballX":0.033813477801200476,"ballY":0.6240748635584351}
