{"leftPaddleY":0.8286422366488313,"rightPaddleY":0.1779942662364553,"ballX":0.6869470997745734,"ballY":0.35332377413454397}
