{"leftPaddleY":0.18144062855010706,"rightPaddleY":0.8523399547008363,"ballX":0.1264774141172283,"ballY":0.17995610015629582}
