{"leftPaddleY":0.5755344020502631,"rightPaddleY":0.6573602298940743,"ballX":0.9763001793545527,"ballY":0.8912794415151775}
