{"leftPaddleY":0.38601049635225726,"rightPaddleY":0.14941082699250038,"ballX":0.30297930887991287,"ballY":0.30089694131339356}
