{"leftPaddleY":0.96556190989712,"rightPaddleY":0.2320572103650175,"ballX":0.3463335801524288,"ballY":0.4268885387981603}
