{"leftPaddleY":0.5527691977120571,"rightPaddleY":0.9325873149083453,"ballX":0.6004790754644551,"ballY":0.27143957212458747}
