{"leftPaddleY":0.2903537118706327,"rightPaddleY":0.1333277584377499,"ballX":0.9169460535562141,"ballY":0.07036838472811649}
