{"leftPaddleY":0.4261484500889422,"rightPaddleY":0.2658793696895357,"ballX":0.4896468542403147,"ballY":0.16225447744826}
