{"leftPaddleY":0.43123089446029234,"rightPaddleY":0.5861447627777567,"ballX":0.18883302247799885,"ballY":0.3295766310562625}
