{"leftPaddleY":0.7276513239514554,"rightPaddleY":0.06368898121617224,"ballX":0.4823787326462136,"ballY":0.03357725553484288}
