{"leftPaddleY":0.0817196404384144,"rightPaddleY":0.9545627282038186,"ballX":0.9999425328448769,"ballY":0.8988442309995215}
