{"leftPaddleY":0.4402604899388475,"rightPaddleY":0.6172688872313654,"ballX":0.7740684700180991,"ballY":0.42283619058671124}
