{"leftPaddleY":0.6524688528965944,"rightPaddleY":0.41280352257855124,"ballX":0.47908966939834347,"ballY":0.1610942104168878}
