{"leftPaddleY":0.2585790427914208,"rightPaddleY":0.8714824121956772,"ballX":0.18605332945655212,"ballY":0.6576370929902992}
