{"leftPaddleY":0.9204706980577547,"rightPaddleY":0.5605670040641229,"ballX":0.4892832244029788,"ballY":0.4502989681285873}
