{"leftPaddleY":0.7381522728490003,"rightPaddleY":0.8728242061531489,"ballX":0.16607450313898361,"ballY":0.31210042128354204}
