{"leftPaddleY":0.6844996606299035,"rightPaddleY":0.41810970318380475,"ballX":0.7061625831450185,"ballY":0.6092247533249486}
