{"leftPaddleY":0.09683627216546149,"rightPaddleY":0.8804820388293063,"ballX":0.8258122405180494,"ballY":0.841232288181617}
