{"leftPaddleY":0.8307254228613278,"rightPaddleY":0.8581328741455719,"ballX":0.1452925571254284,"ballY":0.9293080927936143}
