{"leftPaddleY":0.5363482997960725,"rightPaddleY":0.5017297699767612,"ballX":0.09751746680204633,"ballY":0.22439923204654513}
