{"leftPaddleY":0.4097086133850071,"rightPaddleY":0.1616820902172607,"ballX":0.6902252885072709,"ballY":0.39125508024560024}
