{"leftPaddleY":0.173367032320231,"rightPaddleY":0.7505467007715492,"ballX":0.12660524345315563,"ballY":0.410121849983998}
