{"leftPaddleY":0.7380825628408978,"rightPaddleY":0.40059836007089095,"ballX":0.2114231590367149,"ballY":0.06966350378874925}
