{"leftPaddleY":0.6553855172334957,"rightPaddleY":0.5880505474276316,"ballX":0.05304665720120471,"ballY":0.07320723523180091}
