{"leftPaddleY":0.09757441901795066,"rightPaddleY":0.8269238524948521,"ballX":0.6808283129866307,"ballY":0.749300760528388}
