{"leftPaddleY":0.12108087082340784,"rightPaddleY":0.34600158623338517,"ballX":0.14906634005160876,"ballY":0.4011175011857603}
