{"leftPaddleY":0.22709661150013075,"rightPaddleY":0.7065050121987222,"ballX":0.5974267092494978,"ballY":0.16295733923122738}
