{"leftPaddleY":0.07348431853240829,"rightPaddleY":0.6462323112654381,"ballX":0.3749652349696237,"ballY":0.554828283638519}
