{"leftPaddleY":0.275263198288032,"rightPaddleY":0.23603199261755586,"ballX":0.8605889279861685,"ballY":0.17544282311316037}
