{"leftPaddleY":0.3531160237765803,"rightPaddleY":0.6273568970307959,"ballX":0.5345122512353706,"ballY":0.6916401167009196}
