{"leftPaddleY":0.9989428925975338,"rightPaddleY":0.2525645817769328,"ballX":0.44842970189599946,"ballY":0.4143663004880833}
