{"leftPaddleY":0.9835717670467962,"rightPaddleY":0.5140267335481189,"ballX":0.17762634470294963,"ballY":0.8124725981252288}
