{"leftPaddleY":0.3920786667337527,"rightPaddleY":0.4272417183257521,"ballX":0.31580021851324974,"ballY":0.2571571296038219}
