{"leftPaddleY":0.12335582785212457,"rightPaddleY":0.2431813897440127,"ballX":0.23581883429287226,"ballY":0.48870959297782496}
