{"leftPaddleY":0.7761740665671403,"rightPaddleY":0.9849369082366095,"ballX":0.32948570395540777,"ballY":0.7690837915002892}
