{"leftPaddleY":0.4096657194320503,"rightPaddleY":0.39044010332649376,"ballX":0.012677746786890829,"ballY":0.47037820402346625}
