{"leftPaddleY":0.3086121756282267,"rightPaddleY":0.029120793101500474,"ballX":0.6875566155984063,"ballY":0.09099093315051757}
