{"leftPaddleY":0.20409796768580976,"rightPaddleY":0.08251375533819867,"ballX":0.33107722502348735,"ballY":0.6973685281905815}
