{"leftPaddleY":0.9647417558616554,"rightPaddleY":0.9906480348216212,"ballX":0.4826936941315928,"ballY":0.0794520526648606}
