{"leftPaddleY":0.08754914199307012,"rightPaddleY":0.5604558280666292,"ballX":0.4724204135265237,"ballY":0.2465801611180588}
