{"leftPaddleY":0.01280701138418284,"rightPaddleY":0.4751888668207831,"ballX":0.5834709878073624,"ballY":0.10478991504621127}
