{"leftPaddleY":0.8228391799762252,"rightPaddleY":0.8384149825049547,"ballX":0.6927598092628404,"ballY":0.7557867851571556}
