{"leftPaddleY":0.23192625015083318,"rightPaddleY":0.5239104070602258,"ballX":0.23352194788960953,"ballY":0.7847418949723264}
