{"leftPaddleY":0.49499170703730316,"rightPaddleY":0.7815216624816045,"ballX":0.20211114173741268,"ballY":0.29702617924953256}
