{"leftPaddleY":0.5678939197885056,"rightPaddleY":0.8783718869050293,"ballX":0.5436999723343798,"ballY":0.9008204297132398}
