{"leftPaddleY":0.9207658514878231,"rightPaddleY":0.6262691210552367,"ballX":0.39001483067240933,"ballY":0.0829000755811363}
