{"leftPaddleY":0.4901473626396983,"rightPaddleY":0.4943108129470386,"ballX":0.316441499425557,"ballY":0.4104968560283817}
