{"leftPaddleY":0.22832196461187176,"rightPaddleY":0.6319640541256549,"ballX":0.21385001178153115,"ballY":0.3558524669788296}
