{"leftPaddleY":0.4609880622623149,"rightPaddleY":0.11942379442510007,"ballX":0.9235874495738724,"ballY":0.03185996097187099}
