{"leftPaddleY":0.26013257317474886,"rightPaddleY":0.20121605018701605,"ballX":0.5532650943198787,"ballY":0.5550957883803386}
