{"leftPaddleY":0.14961613599577755,"rightPaddleY":0.5987557939453786,"ballX":0.9014434684118273,"ballY":0.5261075922797572}
