{"leftPaddleY":0.0967153424408628,"rightPaddleY":0.3651678882748042,"ballX":0.9359356237466293,"ballY":0.06791061167513822}
