{"leftPaddleY":0.5663897325583079,"rightPaddleY":0.22244829447218178,"ballX":0.7173433618477421,"ballY":0.9733800802469553}
