{"leftPaddleY":0.33599720977837766,"rightPaddleY":0.72238880119675,"ballX":0.46517343238443754,"ballY":0.8307916058128049}
