{"leftPaddleY":0.5515853008377096,"rightPaddleY":0.14063431960535647,"ballX":0.34399161279743795,"ballY":0.24198771130104263}
