{"leftPaddleY":0.7074404667787076,"rightPaddleY":0.8661784920133658,"ballX":0.7071407868156907,"ballY":0.037798751022711914}
