{"leftPaddleY":0.1209168961264041,"rightPaddleY":0.9495614001062134,"ballX":0.16688296852945017,"ballY":0.9398784127378296}
