{"leftPaddleY":0.9162789151728864,"rightPaddleY":0.9206760447606298,"ballX":0.9362604925524829,"ballY":0.7032934751878417}
