{"leftPaddleY":0.40660054638367665,"rightPaddleY":0.3224881803877843,"ballX":0.9814968612591636,"ballY":0.7916364472611918}
