{"leftPaddleY":0.3776555491445843,"rightPaddleY":0.23900302026834191,"ballX":0.8409331886532108,"ballY":0.1533782560464196}
