{"leftPaddleY":0.015904795821196287,"rightPaddleY":0.7195262497929769,"ballX":0.2878359952330108,"ballY":0.7604414753005103}
