{"leftPaddleY":0.5573491724720473,"rightPaddleY":0.43048300955409374,"ballX":0.7297076530199849,"ballY":0.7668957677736619}
