{"leftPaddleY":0.9435737599614099,"rightPaddleY":0.40111331622241836,"ballX":0.965860982373502,"ballY":0.9576416125684651}
