{"leftPaddleY":0.8901239149409212,"rightPaddleY":0.8478263576305731,"ballX":0.8793064699022726,"ballY":0.9180250954976062}
