{"leftPaddleY":0.6480954241607578,"rightPaddleY":0.32138756084844916,"ballX":0.8238821720928453,"ballY":0.9130434662322179}
