{"leftPaddleY":0.45743148327420746,"rightPaddleY":0.6939816609936903,"ballX":0.9023238745563857,"ballY":0.04644999872685848}
