{"leftPaddleY":0.6423389435841864,"rightPaddleY":0.012298679846965121,"ballX":0.9052351931868892,"ballY":0.1881926538177413}
