{"leftPaddleY":0.10940682935063067,"rightPaddleY":0.4476894266105508,"ballX":0.16116348951558032,"ballY":0.09958023635090399}
