{"leftPaddleY":0.6813240752813567,"rightPaddleY":0.9612650056585943,"ballX":0.022853117948157222,"ballY":0.9873142989545933}
