{"leftPaddleY":0.9950332849577104,"rightPaddleY":0.2771746568923201,"ballX":0.3097358930717508,"ballY":0.6244021292498513}
