{"leftPaddleY":0.27819122044704475,"rightPaddleY":0.2316633514497291,"ballX":0.6989836503841675,"ballY":0.07503597544634467}
