{"leftPaddleY":0.8260384708972948,"rightPaddleY":0.6369917052080042,"ballX":0.7799930777560207,"ballY":0.7723628443046228}
