{"leftPaddleY":0.9190190568429076,"rightPaddleY":0.8612906475900729,"ballX":0.9292735988752027,"ballY":0.3333765040547976}
