{"leftPaddleY":0.4552741629098997,"rightPaddleY":0.10899234294234311,"ballX":0.822900903694544,"ballY":0.30905096427315887}
