{"leftPaddleY":0.4093227858340037,"rightPaddleY":0.151431043153685,"ballX":0.2620496450794057,"ballY":0.7717466735419989}
