{"leftPaddleY":0.9161180867177408,"rightPaddleY":0.7735653695655353,"ballX":0.5353271961689193,"ballY":0.11413288599911244}
