{"leftPaddleY":0.27020203322671404,"rightPaddleY":0.5005489852484303,"ballX":0.8106439558717873,"ballY":0.27837686397569766}
