{"leftPaddleY":0.4017784737517773,"rightPaddleY":0.8123726320084583,"ballX":0.9044431515759985,"ballY":0.9456959900073022}
