{"leftPaddleY":0.7543737148037685,"rightPaddleY":0.7407537054057459,"ballX":0.33640675289613836,"ballY":0.6342210131840705}
