{"leftPaddleY":0.6282875872556711,"rightPaddleY":0.17641333716995936,"ballX":0.7293121745890321,"ballY":0.6918286421561115}
