{"leftPaddleY":0.9710873300324886,"rightPaddleY":0.6521413637896251,"ballX":0.02428521361600316,"ballY":0.9159073151470455}
