{"leftPaddleY":0.9612450194216506,"rightPaddleY":0.5423837884074563,"ballX":0.3907922744677206,"ballY":0.06710419019470094}
