{"leftPaddleY":0.8513752293643203,"rightPaddleY":0.8215732311381463,"ballX":0.7186902888592032,"ballY":0.5094777142490354}
