{"leftPaddleY":0.35161945856908267,"rightPaddleY":0.8347957891339767,"ballX":0.43343564538760293,"ballY":0.23457514967529014}
