{"leftPaddleY":0.188549751556783,"rightPaddleY":0.6903444515453989,"ballX":0.48869102926323077,"ballY":0.5504546594603821}
