{"leftPaddleY":0.7539897234611193,"rightPaddleY":0.6737495101225582,"ballX":0.46221484178955674,"ballY":0.177657795834393}
