{"leftPaddleY":0.6802787704610144,"rightPaddleY":0.5065891177401742,"ballX":0.7326769116817409,"ballY":0.24315658834977819}
