{"leftPaddleY":0.22027633852987782,"rightPaddleY":0.625648005093036,"ballX":0.6398378753547758,"ballY":0.35858675694352954}
