{"leftPaddleY":0.35601804174329615,"rightPaddleY":0.4411028385599352,"ballX":0.46367529191995754,"ballY":0.9981335699022491}
