{"leftPaddleY":0.3877432369784576,"rightPaddleY":0.2204239370668376,"ballX":0.493375240849594,"ballY":0.9718650096302872}
