{"leftPaddleY":0.29076655049332606,"rightPaddleY":0.5836534725626593,"ballX":0.6056155473949195,"ballY":0.9760040938506991}
