{"leftPaddleY":0.31551935051601854,"rightPaddleY":0.6902499509446628,"ballX":0.8870755002966108,"ballY":0.9660105841261314}
