{"leftPaddleY":0.10543227034452453,"rightPaddleY":0.2314761827010485,"ballX":0.9942721169891937,"ballY":0.43296994474370915}
