{"leftPaddleY":0.8879434583682171,"rightPaddleY":0.9476250194651256,"ballX":0.7222544278736304,"ballY":0.19950415874190391}
