{"leftPaddleY":0.5337765637059199,"rightPaddleY":0.07899960442058793,"ballX":0.4090969109013,"ballY":0.7007111804440759}
