{"leftPaddleY":0.20029224371503038,"rightPaddleY":0.660020378948061,"ballX":0.7246793319259964,"ballY":0.7510918427820986}
