{"leftPaddleY":0.12873255116296395,"rightPaddleY":0.7450014467795422,"ballX":0.9222841807174954,"ballY":0.36461134883790014}
