{"leftPaddleY":0.6495482902705919,"rightPaddleY":0.481799301223211,"ballX":0.4981061038440817,"ballY":0.6804987113702614}
