{"leftPaddleY":0.22616200592878605,"rightPaddleY":0.35914718158806197,"ballX":0.21267855153529197,"ballY":0.7085324284946378}
