{"leftPaddleY":0.5567783805941477,"rightPaddleY":0.6650529276600634,"ballX":0.16770084101819765,"ballY":0.8649809699631199}
