{"leftPaddleY":0.5802438671454778,"rightPaddleY":0.09388632487631356,"ballX":0.10768052580244339,"ballY":0.817423941576624}
