{"leftPaddleY":0.5779932705591819,"rightPaddleY":0.4072053991603297,"ballX":0.26940864198819864,"ballY":0.617111867284513}
