{"leftPaddleY":0.005223652006836076,"rightPaddleY":0.9735467934371258,"ballX":0.5921326592709042,"ballY":0.041001273776434616}
