{"leftPaddleY":0.6487421108720731,"rightPaddleY":0.9608372062122835,"ballX":0.20702561432908007,"ballY":0.8309521334251344}
