{"leftPaddleY":0.7420904501932543,"rightPaddleY":0.8775806665432053,"ballX":0.8093731317272803,"ballY":0.8949725113815453}
