{"leftPaddleY":0.5276743571660432,"rightPaddleY":0.7378989595238422,"ballX":0.31257947938691144,"ballY":0.05455097362660318}
