{"leftPaddleY":0.1314440239271712,"rightPaddleY":0.19500769408685215,"ballX":0.7018828071603571,"ballY":0.6083179048095629}
