{"leftPaddleY":0.23480290434020978,"rightPaddleY":0.969197599446649,"ballX":0.7704497120508598,"ballY":0.8136378571410029}
