{"leftPaddleY":0.4862528694499897,"rightPaddleY":0.47591739695328855,"ballX":0.1992826154068037,"ballY":0.6806624730782848}
