{"leftPaddleY":0.9176878086179098,"rightPaddleY":0.805898454161878,"ballX":0.932889862539975,"ballY":0.5349722201105929}
