{"leftPaddleY":0.04750170251036213,"rightPaddleY":0.03310469146790287,"ballX":0.6780773712496931,"ballY":0.3166042993847741}
