{"leftPaddleY":0.23198777608304386,"rightPaddleY":0.7102413279107507,"ballX":0.2680856665460585,"ballY":0.21402216143348574}
