{"leftPaddleY":0.29538954658885763,"rightPaddleY":0.8417821260561741,"ballX":0.850766941038237,"ballY":0.6905319777759183}
