{"leftPaddleY":0.15973803972996764,"rightPaddleY":0.14689211349151446,"ballX":0.8449042752170949,"ballY":0.30619337931654694}
