{"leftPaddleY":0.7010559442411242,"rightPaddleY":0.10875649996364345,"ballX":0.3981488099728164,"ballY":0.3033720807548148}
