{"leftPaddleY":0.7002571517583897,"rightPaddleY":0.4967072885900887,"ballX":0.3318989405661429,"ballY":0.04809328156291298}
