{"leftPaddleY":0.5009336088813838,"rightPaddleY":0.8250801495896681,"ballX":0.5393347633000232,"ballY":0.7256787877509882}
