{"leftPaddleY":0.9085692825327244,"rightPaddleY":0.12723298651390583,"ballX":0.44709460896402275,"ballY":0.7978483910278951}
