{"leftPaddleY":0.7493670022902553,"rightPaddleY":0.47537877915213356,"ballX":0.627204777076423,"ballY":0.921775761119239}
