{"leftPaddleY":0.508944570989376,"rightPaddleY":0.7513900656930499,"ballX":0.05380136548223119,"ballY":0.7784752614863998}
