{"leftPaddleY":0.3072948370280808,"rightPaddleY":0.10257145933646182,"ballX":0.3045604253628355,"ballY":0.0033192231954767646}
