{"leftPaddleY":0.8967375145689696,"rightPaddleY":0.42213196919650864,"ballX":0.7638607747421936,"ballY":0.5708564826589949}
