{"leftPaddleY":0.8816372336847093,"rightPaddleY":0.9121594072167761,"ballX":0.42563062407559676,"ballY":0.9722803190506585}
