{"leftPaddleY":0.20685268218074962,"rightPaddleY":0.9363112315486977,"ballX":0.7155178566724157,"ballY":0.7743586581325516}
