{"leftPaddleY":0.434010172739762,"rightPaddleY":0.36695975576992756,"ballX":0.03597153903416355,"ballY":0.49710755987031613}
