{"leftPaddleY":0.9187873687123511,"rightPaddleY":0.8232273080598523,"ballX":0.4498051198488901,"ballY":0.32335235189669825}
