{"leftPaddleY":0.7512000692558801,"rightPaddleY":0.3769660356228329,"ballX":0.2760945716421067,"ballY":0.14032761055934348}
