{"leftPaddleY":0.7168789934736555,"rightPaddleY":0.7270359376557577,"ballX":0.39694650365151807,"ballY":0.2515773745106871}
