{"leftPaddleY":0.34968041797578125,"rightPaddleY":0.3597354931889542,"ballX":0.9533184115270709,"ballY":0.4029887334648825}
