{"leftPaddleY":0.15766208833154718,"rightPaddleY":0.42741229098394085,"ballX":0.026476688274385055,"ballY":0.6283962421728461}
