{"leftPaddleY":0.05167362346986993,"rightPaddleY":0.6380851674108025,"ballX":0.7375445546685808,"ballY":0.18328305476676943}
