{"leftPaddleY":0.8849549150614181,"rightPaddleY":0.29376597380516056,"ballX":0.6414714750977313,"ballY":0.20159360889762262}
