{"leftPaddleY":0.9614919527036284,"rightPaddleY":0.34641804788811237,"ballX":0.36833391750775435,"ballY":0.5272777760136474}
