{"leftPaddleY":0.44387327186481496,"rightPaddleY":0.0909748703538744,"ballX":0.5267875541265253,"ballY":0.27126702309129064}
