{"leftPaddleY":0.31479582643432874,"rightPaddleY":0.39523696740584374,"ballX":0.5703323945249676,"ballY":0.3890502198453633}
