{"leftPaddleY":0.7091810910518929,"rightPaddleY":0.20802373305237584,"ballX":0.8256767034583317,"ballY":0.368763178823089}
