{"leftPaddleY":0.053428400865728996,"rightPaddleY":0.5398723773351767,"ballX":0.8676921526427942,"ballY":0.4069016552124362}
