{"leftPaddleY":0.053626881510434626,"rightPaddleY":0.5846599781937862,"ballX":0.6520328866856081,"ballY":0.5003203013721371}
