{"leftPaddleY":0.15065005262430853,"rightPaddleY":0.7544791603884347,"ballX":0.0005555885676020072,"ballY":0.5255251983108038}
