{"leftPaddleY":0.7362342197485836,"rightPaddleY":0.8574052765349182,"ballX":0.9324024242144395,"ballY":0.15978951714984543}
