{"leftPaddleY":0.5033178815772843,"rightPaddleY":0.745598252185365,"ballX":0.08784760367345851,"ballY":0.09605593345135185}
