{"leftPaddleY":0.31240524689848276,"rightPaddleY":0.22144149520320314,"ballX":0.6732522755934403,"ballY":0.4379600929456684}
