{"leftPaddleY":0.8138003151668931,"rightPaddleY":0.2948202587837217,"ballX":0.10848031367723149,"ballY":0.3140286291929024}
