{"leftPaddleY":0.19551730393348263,"rightPaddleY":0.9971828083197553,"ballX":0.15587394357805123,"ballY":0.880212209520819}
