{"leftPaddleY":0.9856520977952579,"rightPaddleY":0.646608308935582,"ballX":0.586336191948002,"ballY":0.9992364738582376}
