{"leftPaddleY":0.134105608834422,"rightPaddleY":0.8561963335485608,"ballX":0.5766217477697544,"ballY":0.9260626995948232}
