{"leftPaddleY":0.40905383640148574,"rightPaddleY":0.8038310493525971,"ballX":0.6229995016837729,"ballY":0.4877828215402955}
