{"leftPaddleY":0.5319785820915717,"rightPaddleY":0.030512375591660843,"ballX":0.6700840616655309,"ballY":0.4501538592811045}
