{"leftPaddleY":0.8168533793561329,"rightPaddleY":0.9673887711974394,"ballX":0.8813711899010773,"ballY":0.6616856176290682}
