{"leftPaddleY":0.6975141036685053,"rightPaddleY":0.4883294114067232,"ballX":0.14052678129833432,"ballY":0.9959813445390978}
