{"leftPaddleY":0.7409804155953715,"rightPaddleY":0.0652398807327828,"ballX":0.8114602596081993,"ballY":0.7223415633168117}
