{"leftPaddleY":0.9662805256514976,"rightPaddleY":0.4803425700267215,"ballX":0.6700785551255183,"ballY":0.40126068436333007}
