{"leftPaddleY":0.35345720581536805,"rightPaddleY":0.9716115717812407,"ballX":0.30285650740604847,"ballY":0.8547976692862759}
