{"leftPaddleY":0.15448252513549257,"rightPaddleY":0.6191089011387771,"ballX":0.9909955744077991,"ballY":0.8892461762659042}
