{"leftPaddleY":0.45966150579802795,"rightPaddleY":0.7792552224447096,"ballX":0.6233236329882873,"ballY":0.45009512974919763}
