{"leftPaddleY":0.7486150767549172,"rightPaddleY":0.7405129495027293,"ballX":0.4928851157876556,"ballY":0.2327847986898842}
