{"leftPaddleY":0.2860618927600915,"rightPaddleY":0.18146584703290614,"ballX":0.1213405653551793,"ballY":0.7596635614411203}
