{"leftPaddleY":0.5768442827630389,"rightPaddleY":0.789945361968605,"ballX":0.7767793834763437,"ballY":0.45397531284225734}
