{"leftPaddleY":0.21801695773043722,"rightPaddleY":0.47959475637755766,"ballX":0.04034556331804624,"ballY":0.22962920404207776}
