{"leftPaddleY":0.30346867257343896,"rightPaddleY":0.10029497621084683,"ballX":0.1488323719595556,"ballY":0.22934808797978276}
