{"leftPaddleY":0.32815075456242676,"rightPaddleY":0.9457071549128123,"ballX":0.7291020541387692,"ballY":0.287255457918438}
