{"leftPaddleY":0.4011661756435457,"rightPaddleY":0.008901368160968922,"ballX":0.36445717313851245,"ballY":0.8517204186727055}
