{"leftPaddleY":0.08446997431940745,"rightPaddleY":0.10863159466086601,"ballX":0.7395436163177184,"ballY":0.24463944952200897}
