{"leftPaddleY":0.190294909891667,"rightPaddleY":0.8769773375381366,"ballX":0.19378279566744677,"ballY":0.5018290420680265}
