{"leftPaddleY":0.2044928177257425,"rightPaddleY":0.6651048317833763,"ballX":0.8479017662682339,"ballY":0.4056237873623311}
