{"leftPaddleY":0.23941592103979276,"rightPaddleY":0.6846982061692374,"ballX":0.01602929316259256,"ballY":0.462784021268094}
