{"leftPaddleY":0.3119690771506719,"rightPaddleY":0.770830101142009,"ballX":0.7474863707460853,"ballY":0.26621403363383506}
