{"leftPaddleY":0.596269610844082,"rightPaddleY":0.013190344805909499,"ballX":0.7276004414876989,"ballY":0.6549416287868104}
