{"leftPaddleY":0.2421011347581098,"rightPaddleY":0.8630396701686223,"ballX":0.6139307945147662,"ballY":0.9593360979634249}
