{"leftPaddleY":0.38882637429136335,"rightPaddleY":0.41636310753762273,"ballX":0.9250046402124326,"ballY":0.09237041505633095}
