{"leftPaddleY":0.6960686698355641,"rightPaddleY":0.14261181152452967,"ballX":0.46865390601569434,"ballY":0.994310448425012}
