{"leftPaddleY":0.8749416316250752,"rightPaddleY":0.6493722040582494,"ballX":0.7716443465641497,"ballY":0.5841775832516977}
