{"leftPaddleY":0.4971791559018961,"rightPaddleY":0.23448511645229078,"ballX":0.31857235415635776,"ballY":0.8393167165820071}
