{"leftPaddleY":0.4511863228574284,"rightPaddleY":0.3355910249950951,"ballX":0.782837550879018,"ballY":0.13724475668854777}
