{"leftPaddleY":0.24349647618449008,"rightPaddleY":0.21041966951540736,"ballX":0.293731036811881,"ballY":0.8250395225673007}
