{"leftPaddleY":0.09971061615763481,"rightPaddleY":0.1463680573390099,"ballX":0.9367751532800561,"ballY":0.054308688167292486}
