{"leftPaddleY":0.10381862617049198,"rightPaddleY":0.24170589763199843,"ballX":0.24479567659356818,"ballY":0.36939354973292043}
