{"leftPaddleY":0.11551050544184784,"rightPaddleY":0.03639100772836363,"ballX":0.9599253188251408,"ballY":0.03687609553616434}
