{"leftPaddleY":0.1388872008023717,"rightPaddleY":0.565581777799159,"ballX":0.39627833944176344,"ballY":0.09569825819720389}
