{"leftPaddleY":0.8448660768084025,"rightPaddleY":0.05778498861862587,"ballX":0.3902424724505774,"ballY":0.23105022514484463}
