{"leftPaddleY":0.22495590440360397,"rightPaddleY":0.8660703880917721,"ballX":0.06263313225493826,"ballY":0.18467875777476137}
