{"leftPaddleY":0.918453184097572,"rightPaddleY":0.9655812086545781,"ballX":0.6378444677812553,"ballY":0.4893653403745255}
