{"leftPaddleY":0.5519043027203893,"rightPaddleY":0.302769755161074,"ballX":0.5021444641176233,"ballY":0.36739328472843225}
