{"leftPaddleY":0.5137068256731144,"rightPaddleY":0.5922330944090218,"ballX":0.29527831964242623,"ballY":0.7513943431102938}
