{"leftPaddleY":0.18677257363386782,"rightPaddleY":0.23066166077154393,"ballX":0.1576758740088491,"ballY":0.012955397696289485}
