{"leftPaddleY":0.29579275126891,"rightPaddleY":0.056889683834808295,"ballX":0.38463487881979047,"ballY":0.5220143783605025}
