{"leftPaddleY":0.5343061058479066,"rightPaddleY":0.8917458043472628,"ballX":0.4884742419690252,"ballY":0.4874491839599638}
