{"leftPaddleY":0.021994775326080976,"rightPaddleY":0.10406441636921696,"ballX":0.6648605932251789,"ballY":0.10623058028912444}
