{"leftPaddleY":0.5822880081204853,"rightPaddleY":0.8071379593099862,"ballX":0.18136154011139446,"ballY":0.20809854388990554}
