{"leftPaddleY":0.5281859593190312,"rightPaddleY":0.5023963234195148,"ballX":0.7102344161408164,"ballY":0.7484977852179233}
