{"leftPaddleY":0.06817632106311232,"rightPaddleY":0.1788548122154759,"ballX":0.27592180542223926,"ballY":0.5658462466934489}
