{"leftPaddleY":0.44770343518732025,"rightPaddleY":0.22306721208720365,"ballX":0.09533707807391202,"ballY":0.03577568054207436}
