{"leftPaddleY":0.9845094911237557,"rightPaddleY":0.888067268135551,"ballX":0.7753883601296939,"ballY":0.7802767125934643}
