{"leftPaddleY":0.6182401641921041,"rightPaddleY":0.2916150182529323,"ballX":0.21833377998669967,"ballY":0.9251956158580847}
