{"leftPaddleY":0.34641768227208725,"rightPaddleY":0.593177435171788,"ballX":0.8588199071954102,"ballY":0.9647924031964719}
