{"leftPaddleY":0.8886789300424682,"rightPaddleY":0.7953309267294884,"ballX":0.22827221293718544,"ballY":0.7192762694559698}
