{"leftPaddleY":0.9740607440633967,"rightPaddleY":0.5230750763371309,"ballX":0.3585434278857048,"ballY":0.890472417690535}
