{"leftPaddleY":0.16590578556056826,"rightPaddleY":0.07039062887665572,"ballX":0.6341162209153267,"ballY":0.22621091857695835}
