{"leftPaddleY":0.7866163812946871,"rightPaddleY":0.5492407173496154,"ballX":0.07183103013710539,"ballY":0.6677154224108292}
