{"leftPaddleY":0.9584108609816993,"rightPaddleY":0.02745069368005535,"ballX":0.5069092689440686,"ballY":0.32356046912286}
