{"leftPaddleY":0.40672361208561564,"rightPaddleY":0.964017174351545,"ballX":0.9845887770552793,"ballY":0.9907326018495796}
