{"leftPaddleY":0.6585240984227491,"rightPaddleY":0.35546687206406924,"ballX":0.9019520758757257,"ballY":0.23124976796490004}
