{"leftPaddleY":0.12050331657110618,"rightPaddleY":0.6190719695924259,"ballX":0.445363269908355,"ballY":0.469868761567721}
