{"leftPaddleY":0.9705845723828034,"rightPaddleY":0.1954066797352603,"ballX":0.15616612803957397,"ballY":0.3502920822679343}
