{"leftPaddleY":0.5773855581056435,"rightPaddleY":0.508843713334312,"ballX":0.9546435611076689,"ballY":0.6561465877005831}
