{"leftPaddleY":0.9166843691591418,"rightPaddleY":0.231405190205932,"ballX":0.8610098736804508,"ballY":0.4152113297744031}
