{"leftPaddleY":0.358335926130466,"rightPaddleY":0.2589778482085689,"ballX":0.5382558927311352,"ballY":0.5167531129659705}
