{"leftPaddleY":0.6076046218834225,"rightPaddleY":0.2279560159653458,"ballX":0.28760313040522784,"ballY":0.10478682532002874}
