{"leftPaddleY":0.4582793256560037,"rightPaddleY":0.2774822406029882,"ballX":0.3181939897208162,"ballY":0.507170699607903}
