{"leftPaddleY":0.539566792170165,"rightPaddleY":0.7258099657125131,"ballX":0.7304899684194555,"ballY":0.13521850878964056}
