{"leftPaddleY":0.5060655225257593,"rightPaddleY":0.48709140666509787,"ballX":0.28384156248643855,"ballY":0.09147830542694595}
