{"leftPaddleY":0.5327693446785907,"rightPaddleY":0.6947855950115915,"ballX":0.4705023128390832,"ballY":0.7671834152404655}
