{"leftPaddleY":0.00070929258627374,"rightPaddleY":0.8944378215196719,"ballX":0.5917149887410185,"ballY":0.12093612935747426}
