{"leftPaddleY":0.9380440098853176,"rightPaddleY":0.6331781894861318,"ballX":0.7164185550512187,"ballY":0.3693565825763921}
