{"leftPaddleY":0.7534601017451779,"rightPaddleY":0.4097343177096251,"ballX":0.8934479735084715,"ballY":0.463720056954056}
