{"leftPaddleY":0.1436020025944814,"rightPaddleY":0.3508277139357587,"ballX":0.6728300811336636,"ballY":0.8801434964213678}
