{"leftPaddleY":0.18919594691789068,"rightPaddleY":0.22962961200343324,"ballX":0.1976556798892832,"ballY":0.9304697539761028}
