{"leftPaddleY":0.13200371844280828,"rightPaddleY":0.6330524508815887,"ballX":0.16889681797942427,"ballY":0.5694540938244553}
