{"leftPaddleY":0.27955145887314475,"rightPaddleY":0.33789005535824246,"ballX":0.21241638124976236,"ballY":0.23849608779416173}
