{"leftPaddleY":0.6130567510481232,"rightPaddleY":0.002440386188185842,"ballX":0.4207909211428178,"ballY":0.40019607638071275}
