{"leftPaddleY":0.2554551769342138,"rightPaddleY":0.28842489113334824,"ballX":0.866061986416231,"ballY":0.2933796880107453}
