{"leftPaddleY":0.318101902807932,"rightPaddleY":0.10808967718584808,"ballX":0.2027102662617297,"ballY":0.5592289240075984}
