{"leftPaddleY":0.669344110287639,"rightPaddleY":0.2399399171889393,"ballX":0.32174741817720803,"ballY":0.9219540259617328}
