{"leftPaddleY":0.8437338703274526,"rightPaddleY":0.9625948671764912,"ballX":0.9499103362531317,"ballY":0.8213277119486593}
