{"leftPaddleY":0.41155337073515164,"rightPaddleY":0.023205367725902516,"ballX":0.4767517924117142,"ballY":0.41081439919814783}
