{"leftPaddleY":0.37748767758369683,"rightPaddleY":0.787153826475222,"ballX":0.3213783737779487,"ballY":0.6426066357410721}
