{"leftPaddleY":0.7332676966331891,"rightPaddleY":0.44998993816739247,"ballX":0.5636442085298491,"ballY":0.0556637863240405}
