{"leftPaddleY":0.6896519537686929,"rightPaddleY":0.1434624587413627,"ballX":0.25847496174156187,"ballY":0.4954597087390756}
