{"leftPaddleY":0.8577711394741658,"rightPaddleY":0.37515244199021897,"ballX":0.010621165124122409,"ballY":0.8524813691493729}
