{"leftPaddleY":0.2916000004698212,"rightPaddleY":0.778013753806385,"ballX":0.6402346667581683,"ballY":0.0015665004086127749}
