{"leftPaddleY":0.6294201374252995,"rightPaddleY":0.7800434415348569,"ballX":0.9538716056529039,"ballY":0.1540360421588557}
