{"leftPaddleY":0.585364347314654,"rightPaddleY":0.7556638268180155,"ballX":0.3153213772548822,"ballY":0.9236235606336389}
