{"leftPaddleY":0.01478751410538025,"rightPaddleY":0.19279359409371682,"ballX":0.9244024432277013,"ballY":0.2906303760860797}
