{"leftPaddleY":0.2118500659800007,"rightPaddleY":0.4055385384579315,"ballX":0.6382773758114327,"ballY":0.19966510111762095}
