{"leftPaddleY":0.370604177854288,"rightPaddleY":0.44678069708322893,"ballX":0.8451427328342426,"ballY":0.05882194269891336}
