{"leftPaddleY":0.2028553996921314,"rightPaddleY":0.03789783341680001,"ballX":0.6277037425498969,"ballY":0.25329884839346284}
