{"leftPaddleY":0.9164452244059953,"rightPaddleY":0.36533816181846956,"ballX":0.6467953463086465,"ballY":0.9969772273644357}
