{"leftPaddleY":0.531504326213912,"rightPaddleY":0.35040036351182413,"ballX":0.12638883420571173,"ballY":0.8209136862386207}
