{"leftPaddleY":0.3893785896426664,"rightPaddleY":0.8333593983120529,"ballX":0.2988581486448205,"ballY":0.48482574869403167}
