{"leftPaddleY":0.9979607067610141,"rightPaddleY":0.9735898195370566,"ballX":0.30242768298020567,"ballY":0.6657072718474182}
