{"leftPaddleY":0.9592250586532761,"rightPaddleY":0.6354336379027273,"ballX":0.08170538172854529,"ballY":0.2710386992351687}
