{"leftPaddleY":0.5031189971092067,"rightPaddleY":0.837647968393963,"ballX":0.2586703520262005,"ballY":0.482146730843094}
