{"leftPaddleY":0.2329355754487963,"rightPaddleY":0.16282525102092452,"ballX":0.3403123443192902,"ballY":0.5574327129338679}
