{"leftPaddleY":0.016401473736115644,"rightPaddleY":0.25475888901875804,"ballX":0.5020171134033873,"ballY":0.1152645300083202}
