{"leftPaddleY":0.9160228547125661,"rightPaddleY":0.4328388954685705,"ballX":0.766990972046456,"ballY":0.800170491171203}
