{"leftPaddleY":0.7135115817768892,"rightPaddleY":0.23805466079301035,"ballX":0.5171767977766246,"ballY":0.5855585355438343}
