{"leftPaddleY":0.7804347349839053,"rightPaddleY":0.37543548205518423,"ballX":0.9726237730463291,"ballY":0.5308100149559494}
