{"leftPaddleY":0.23212275595150603,"rightPaddleY":0.9372721782230187,"ballX":0.31143034255856844,"ballY":0.03487983492021215}
