{"leftPaddleY":0.6741741995414573,"rightPaddleY":0.3657231490634671,"ballX":0.6932816751920436,"ballY":0.4112806627778106}
