{"leftPaddleY":0.6951064905801883,"rightPaddleY":0.08090150899906956,"ballX":0.3562754935752514,"ballY":0.0987004961352137}
