{"leftPaddleY":0.20342133064428078,"rightPaddleY":0.3351005938579566,"ballX":0.4718167214285356,"ballY":0.8247133569913798}
