{"leftPaddleY":0.5376171922817956,"rightPaddleY":0.627475375978246,"ballX":0.5406719103952512,"ballY":0.0881970820889334}
