{"leftPaddleY":0.0667399660429567,"rightPaddleY":0.628469450834632,"ballX":0.7106076798117575,"ballY":0.4172639248358058}
