{"leftPaddleY":0.6250681504092562,"rightPaddleY":0.9495081377529826,"ballX":0.6817470505105975,"ballY":0.7873584643723179}
