{"leftPaddleY":0.6854499010008215,"rightPaddleY":0.2954639277385475,"ballX":0.8641218882290713,"ballY":0.7093832806735819}
