{"leftPaddleY":0.13660172328417503,"rightPaddleY":0.5602440387432605,"ballX":0.8366460529523451,"ballY":0.7293234601868727}
