{"leftPaddleY":0.6604685141344441,"rightPaddleY":0.9938791736941155,"ballX":0.8359411071579677,"ballY":0.06820552530703021}
