{"leftPaddleY":0.2408069070801946,"rightPaddleY":0.0029587939523617263,"ballX":0.774660124850991,"ballY":0.9116948595313422}
