{"leftPaddleY":0.1061919483843621,"rightPaddleY":0.800468966268425,"ballX":0.46927854111871214,"ballY":0.7575377338019861}
