{"leftPaddleY":0.11765561132595197,"rightPaddleY":0.9757819425750365,"ballX":0.7014373762103427,"ballY":0.3853761639925087}
