{"leftPaddleY":0.3994503414885587,"rightPaddleY":0.7975868368861302,"ballX":0.40978162414598324,"ballY":0.2426976233873397}
