{"leftPaddleY":0.30826131382038263,"rightPaddleY":0.7770468214565559,"ballX":0.350417167749316,"ballY":0.7133089215663952}
