{"leftPaddleY":0.6918787612873902,"rightPaddleY":0.4761674903008498,"ballX":0.9919267432704814,"ballY":0.5171739414140418}
