{"leftPaddleY":0.49569226020816154,"rightPaddleY":0.2850699605109458,"ballX":0.27855063357748683,"ballY":0.8301630603081893}
