{"leftPaddleY":0.855078678938477,"rightPaddleY":0.2619729503323895,"ballX":0.06808077402334552,"ballY":0.30584261076781755}
