{"leftPaddleY":0.556905501071174,"rightPaddleY":0.9158483711700109,"ballX":0.8306870887312744,"ballY":0.8036240788911484}
