{"leftPaddleY":0.18498463139649576,"rightPaddleY":0.33802708466986503,"ballX":0.6812349177476815,"ballY":0.4543041135446264}
