{"leftPaddleY":0.23245838642950983,"rightPaddleY":0.6765174654227034,"ballX":0.7768216545079637,"ballY":0.7136415928745772}
