{"leftPaddleY":0.422566974858957,"rightPaddleY":0.263531071251601,"ballX":0.5642868610492374,"ballY":0.4112993088840243}
