{"leftPaddleY":0.4905943366422843,"rightPaddleY":0.7463063158844161,"ballX":0.33095410969247663,"ballY":0.9545355804127171}
