{"leftPaddleY":0.6391847510127245,"rightPaddleY":0.47781220410195685,"ballX":0.5910813336425214,"ballY":0.09217494555446658}
