{"leftPaddleY":0.3116167102931954,"rightPaddleY":0.37476068532798723,"ballX":0.7127228836219136,"ballY":0.9623355412184122}
