{"leftPaddleY":0.784614517912175,"rightPaddleY":0.35430171878406197,"ballX":0.49166350378504053,"ballY":0.6643243798161925}
