{"leftPaddleY":0.9422234199039459,"rightPaddleY":0.43183239786536654,"ballX":0.23628749938826826,"ballY":0.05238355029804028}
