{"leftPaddleY":0.261996370718141,"rightPaddleY":0.9344152960151247,"ballX":0.8274089719459963,"ballY":0.23085668146091354}
