{"leftPaddleY":0.9711766224270373,"rightPaddleY":0.7924879481598607,"ballX":0.9652584677972468,"ballY":0.09549539501266359}
