{"leftPaddleY":0.4452457377146408,"rightPaddleY":0.17235545842435424,"ballX":0.23573303531777817,"ballY":0.959358453826915}
