{"leftPaddleY":0.9970191566757692,"rightPaddleY":0.17604740538105562,"ballX":0.10001382810083519,"ballY":0.475492426842942}
