{"leftPaddleY":0.5427267122894474,"rightPaddleY":0.3553846047659237,"ballX":0.700463447123437,"ballY":0.4994232514642055}
