{"leftPaddleY":0.6018865457685556,"rightPaddleY":0.6800894680140409,"ballX":0.17154544101834754,"ballY":0.4722701622043308}
