{"leftPaddleY":0.6591015317291389,"rightPaddleY":0.3157462398521672,"ballX":0.8407004431662354,"ballY":0.5718895977785566}
