{"leftPaddleY":0.7918004517990955,"rightPaddleY":0.3680884346184569,"ballX":0.5248340656777654,"ballY":0.5393681355597015}
