{"leftPaddleY":0.8486065009415165,"rightPaddleY":0.626663738565364,"ballX":0.5002213771775814,"ballY":0.29264976354213157}
