{"leftPaddleY":0.692777668293869,"rightPaddleY":0.37360065115816804,"ballX":0.5235904666863828,"ballY":0.1903806875951397}
