{"leftPaddleY":0.09081243592937692,"rightPaddleY":0.3509590016647731,"ballX":0.23130865683328203,"ballY":0.7309428506804893}
