{"leftPaddleY":0.7572526003088969,"rightPaddleY":0.8853649740241388,"ballX":0.1455535839967171,"ballY":0.6554600762160361}
