{"leftPaddleY":0.6859877970233478,"rightPaddleY":0.1810797864439089,"ballX":0.5397177480179404,"ballY":0.6887699117934146}
