{"leftPaddleY":0.567218724970115,"rightPaddleY":0.3393984024503676,"ballX":0.25766204369072154,"ballY":0.8649649082385936}
