{"leftPaddleY":0.24216841154744448,"rightPaddleY":0.2950713885399782,"ballX":0.7876208301603616,"ballY":0.841416661760941}
