{"leftPaddleY":0.26865959887092994,"rightPaddleY":0.46001634971618016,"ballX":0.028743108672400947,"ballY":0.4905959514737691}
