{"leftPaddleY":0.6489756050161679,"rightPaddleY":0.9391612756775839,"ballX":0.3429129691939403,"ballY":0.8451228068787588}
