{"leftPaddleY":0.0011706933337700537,"rightPaddleY":0.7405538489685711,"ballX":0.264534811759672,"ballY":0.9293012487815112}
