{"leftPaddleY":0.9943572084902415,"rightPaddleY":0.7405505717248728,"ballX":0.6690502191940784,"ballY":0.6944139032938891}
