{"leftPaddleY":0.2973611371674801,"rightPaddleY":0.32832152330662984,"ballX":0.8103961112838297,"ballY":0.13490852124142722}
