{"leftPaddleY":0.40520519005429473,"rightPaddleY":0.05656885646188571,"ballX":0.10707604501221067,"ballY":0.06555102616445375}
