{"leftPaddleY":0.03833617559034966,"rightPaddleY":0.4472601116576389,"ballX":0.20934744002743047,"ballY":0.38425334636233405}
