{"leftPaddleY":0.27624704995407856,"rightPaddleY":0.4844631113856237,"ballX":0.27263553302810883,"ballY":0.3827615088101708}
