{"leftPaddleY":0.37039072275325785,"rightPaddleY":0.7208842521675566,"ballX":0.7843499533192183,"ballY":0.04617259845350641}
