{"leftPaddleY":0.5269164361558363,"rightPaddleY":0.8445617422351023,"ballX":0.9867657883858644,"ballY":0.6466676844908827}
