{"leftPaddleY":0.05739970732285362,"rightPaddleY":0.19229566567295533,"ballX":0.5428758572815495,"ballY":0.36880081334735654}
