{"leftPaddleY":0.4389424044283553,"rightPaddleY":0.7268773035380813,"ballX":0.033650652439062144,"ballY":0.9789274601030578}
