{"leftPaddleY":0.3332019097046582,"rightPaddleY":0.3335126441398675,"ballX":0.4557428528496588,"ballY":0.2794890728922027}
