{"leftPaddleY":0.32246305540006964,"rightPaddleY":0.3855392600190058,"ballX":0.767326230804354,"ballY":0.6817836292995086}
