{"leftPaddleY":0.018683851423749367,"rightPaddleY":0.13982780669013445,"ballX":0.8332874501663818,"ballY":0.8428975684106844}
