{"leftPaddleY":0.43076133621485707,"rightPaddleY":0.7964126352161455,"ballX":0.022854450976343737,"ballY":0.7844021278463676}
