{"leftPaddleY":0.45019588927546905,"rightPaddleY":0.25222585411836923,"ballX":0.33623112276726275,"ballY":0.8545024570402798}
