{"leftPaddleY":0.5125527035312454,"rightPaddleY":0.05729440497180845,"ballX":0.952262519747007,"ballY":0.36592406610100636}
