{"leftPaddleY":0.8234823828200118,"rightPaddleY":0.13311377378214437,"ballX":0.29159430184853885,"ballY":0.5354984405997306}
