{"leftPaddleY":0.07957423862764182,"rightPaddleY":0.1660740183399036,"ballX":0.7145366579074648,"ballY":0.31574460985654}
