{"leftPaddleY":0.41193436955376134,"rightPaddleY":0.34426098157203133,"ballX":0.36532361049983897,"ballY":0.5245479103855766}
