{"leftPaddleY":0.34804071999834474,"rightPaddleY":0.10454762354210315,"ballX":0.8541736489137053,"ballY":0.7832517738316018}
