{"leftPaddleY":0.3475076013882352,"rightPaddleY":0.8233786428873789,"ballX":0.28481503680554554,"ballY":0.2997276650970762}
