{"leftPaddleY":0.9057986278049578,"rightPaddleY":0.5533647800363408,"ballX":0.08967171971608734,"ballY":0.35515327099771926}
