{"leftPaddleY":0.15767718559077296,"rightPaddleY":0.7536915319208487,"ballX":0.8609112503937276,"ballY":0.08150585451624356}
