{"leftPaddleY":0.4687679773932872,"rightPaddleY":0.7605423695272892,"ballX":0.840196103088946,"ballY":0.058166825824819406}
