{"leftPaddleY":0.9588057492207356,"rightPaddleY":0.18654757853538534,"ballX":0.617166002433067,"ballY":0.21866918999666748}
