{"leftPaddleY":0.4037130040057473,"rightPaddleY":0.09269912676201121,"ballX":0.5720209888492792,"ballY":0.5343816344987838}
