{"leftPaddleY":0.47030675226144375,"rightPaddleY":0.7058466730238753,"ballX":0.5278027319428467,"ballY":0.7125387001337544}
