{"leftPaddleY":0.044709025509956486,"rightPaddleY":0.7925793867927533,"ballX":0.8925293106746525,"ballY":0.06662963931408576}
