{"leftPaddleY":0.8976073903212589,"rightPaddleY":0.674263736599683,"ballX":0.3113584072591575,"ballY":0.7831143817340718}
