{"leftPaddleY":0.5866142771352296,"rightPaddleY":0.6353753372837373,"ballX":0.4716033955898768,"ballY":0.01046648136252466}
