{"leftPaddleY":0.669884714687873,"rightPaddleY":0.7991051254333195,"ballX":0.2190941906899719,"ballY":0.09444751258936084}
