{"leftPaddleY":0.9515000191575925,"rightPaddleY":0.6404442045602741,"ballX":0.5536715296532203,"ballY":0.6039873694611954}
