{"leftPaddleY":0.5124636712403353,"rightPaddleY":0.584864119685164,"ballX":0.4499048030031674,"ballY":0.2067496095694951}
