{"leftPaddleY":0.06585194843380178,"rightPaddleY":0.07518591608634297,"ballX":0.16005938655724308,"ballY":0.6289066289780841}
