{"leftPaddleY":0.41813208640470284,"rightPaddleY":0.019598897661424662,"ballX":0.870522198724092,"ballY":0.9158856173277922}
