{"leftPaddleY":0.030141524818643434,"rightPaddleY":0.8135530989977355,"ballX":0.44947208592269566,"ballY":0.46123406554842017}
