{"leftPaddleY":0.9898276051257759,"rightPaddleY":0.5369380377818642,"ballX":0.7250670485632016,"ballY":0.47561957652793546}
