{"leftPaddleY":0.6194941776893879,"rightPaddleY":0.10324844279478974,"ballX":0.9845544656922186,"ballY":0.053168682252208326}
