{"leftPaddleY":0.08576591710061714,"rightPaddleY":0.21702365566103463,"ballX":0.6182197570892244,"ballY":0.9237252372667728}
