{"leftPaddleY":0.3731950180047959,"rightPaddleY":0.19004390776502636,"ballX":0.9771776734542202,"ballY":0.7189477105747369}
