{"leftPaddleY":0.6350980536649004,"rightPaddleY":0.5517466883309651,"ballX":0.3411187581779293,"ballY":0.6799933209673645}
