{"leftPaddleY":0.3649161972880961,"rightPaddleY":0.18788200982796346,"ballX":0.10358860231044621,"ballY":0.26901841792185327}
