{"leftPaddleY":0.3862582282677133,"rightPaddleY":0.5426140323475972,"ballX":0.9672808124604357,"ballY":0.6359912128941108}
