{"leftPaddleY":0.4810673761422099,"rightPaddleY":0.5872707802497187,"ballX":0.2893177219131586,"ballY":0.9345050440286162}
