{"leftPaddleY":0.047037378917693384,"rightPaddleY":0.2400291235077309,"ballX":0.17684358407875864,"ballY":0.6019489916695732}
