{"leftPaddleY":0.8153207632428515,"rightPaddleY":0.7059283924203612,"ballX":0.5916819276559543,"ballY":0.8662792257804733}
