{"leftPaddleY":0.49915777622613894,"rightPaddleY":0.4156638344312354,"ballX":0.8899196530549909,"ballY":0.6754196669835066}
