{"leftPaddleY":0.7773503796226519,"rightPaddleY":0.8039673372565372,"ballX":0.6914299778715963,"ballY":0.4797074490949759}
