{"leftPaddleY":0.7035529859598989,"rightPaddleY":0.7080423687127576,"ballX":0.8605945966149154,"ballY":0.39803378719060034}
