{"leftPaddleY":0.2397533721574669,"rightPaddleY":0.70293097780414,"ballX":0.1605681799032653,"ballY":0.38271226558237903}
