{"leftPaddleY":0.007505463789770061,"rightPaddleY":0.6523924136075648,"ballX":0.9571027469880612,"ballY":0.4207047064442752}
