{"leftPaddleY":0.3064728872910702,"rightPaddleY":0.47016891833449836,"ballX":0.31464713526281535,"ballY":0.6482168728671834}
