{"leftPaddleY":0.5163542351984939,"rightPaddleY":0.3143238687309309,"ballX":0.9738042024771175,"ballY":0.8970153909431511}
