{"leftPaddleY":0.808999026035409,"rightPaddleY":0.6045904713747928,"ballX":0.5270023747416925,"ballY":0.9611388562213943}
