{"leftPaddleY":0.11796368214499396,"rightPaddleY":0.47667202286458266,"ballX":0.7738807261128148,"ballY":0.44946458757322005}
