{"leftPaddleY":0.4005181212893895,"rightPaddleY":0.03648621908867155,"ballX":0.6687980702303814,"ballY":0.03786150216155797}
