{"leftPaddleY":0.5728336633893231,"rightPaddleY":0.709175985584781,"ballX":0.6718391550361912,"ballY":0.27900898677728986}
