{"leftPaddleY":0.7278443830074303,"rightPaddleY":0.6389589719147332,"ballX":0.16117599271504018,"ballY":0.2228224675692397}
