{"leftPaddleY":0.7244043646375962,"rightPaddleY":0.8501549771009812,"ballX":0.6491537175825189,"ballY":0.13382533479445483}
