{"leftPaddleY":0.5020347638260104,"rightPaddleY":0.7914396091201067,"ballX":0.6456793894266467,"ballY":0.4058441720124631}
