{"leftPaddleY":0.703838119073977,"rightPaddleY":0.31160062034802644,"ballX":0.042601175092469946,"ballY":0.7679016006676863}
