{"leftPaddleY":0.6401561431156438,"rightPaddleY":0.7059566886390477,"ballX":0.07967982675682607,"ballY":0.2924211241797427}
