{"leftPaddleY":0.551320985189705,"rightPaddleY":0.38487154116544553,"ballX":0.8210651773620745,"ballY":0.7037756035706686}
