{"leftPaddleY":0.8890356188749334,"rightPaddleY":0.7972109211038426,"ballX":0.7943753404239962,"ballY":0.9573762132474634}
