{"leftPaddleY":0.13271010533489747,"rightPaddleY":0.5471572306327789,"ballX":0.8844461068508638,"ballY":0.29369444872498096}
