{"leftPaddleY":0.6280270382971856,"rightPaddleY":0.919206000970181,"ballX":0.8114217160993804,"ballY":0.4221406704789282}
