{"leftPaddleY":0.47033925981540886,"rightPaddleY":0.7265559973279474,"ballX":0.4111673052968286,"ballY":0.284843206524565}
