{"leftPaddleY":0.29718454358080826,"rightPaddleY":0.8297224305726683,"ballX":0.33733918703066795,"ballY":0.34040349692155764}
