{"leftPaddleY":0.7136300438349854,"rightPaddleY":0.8638369079015726,"ballX":0.6022605510157955,"ballY":0.07621679751286004}
