{"leftPaddleY":0.37547940576925043,"rightPaddleY":0.09385544718720192,"ballX":0.06076497139794532,"ballY":0.019289443225111606}
