{"leftPaddleY":0.2681439542920736,"rightPaddleY":0.933924920233215,"ballX":0.031864209062089005,"ballY":0.15518272165734184}
