{"leftPaddleY":0.14432830376589875,"rightPaddleY":0.766263785525554,"ballX":0.5843491315415192,"ballY":0.7439267647277706}
