{"leftPaddleY":0.00242356428683644,"rightPaddleY":0.4207986746345372,"ballX":0.3167355595052775,"ballY":0.5294414224496586}
