{"leftPaddleY":0.9808208814596354,"rightPaddleY":0.08873464391998082,"ballX":0.2758038935321531,"ballY":0.7253934542485253}
