{"leftPaddleY":0.15876554426273293,"rightPaddleY":0.3819086564038,"ballX":0.5157729323054139,"ballY":0.2910001257943465}
