{"leftPaddleY":0.06109696585622245,"rightPaddleY":0.7802632788971143,"ballX":0.7301618923963551,"ballY":0.006181345789261229}
