{"leftPaddleY":0.8792441559385946,"rightPaddleY":0.03909319373240326,"ballX":0.6516602442157006,"ballY":0.5419611219248037}
