{"leftPaddleY":0.5966921812746981,"rightPaddleY":0.28041313577680926,"ballX":0.9753020795899363,"ballY":0.5877640775235169}
