{"leftPaddleY":0.12910000167593594,"rightPaddleY":0.02562430004139795,"ballX":0.15968562655170873,"ballY":0.22942406107007723}
