{"leftPaddleY":0.7506825950264154,"rightPaddleY":0.02773575761428924,"ballX":0.42165835283117187,"ballY":0.05322578609681272}
