{"leftPaddleY":0.29044337938294507,"rightPaddleY":0.0965976616927182,"ballX":0.7499012170341475,"ballY":0.6780573754382196}
