{"leftPaddleY":0.3612130354778532,"rightPaddleY":0.2496184464830914,"ballX":0.2748539552335578,"ballY":0.5448277067867398}
