{"leftPaddleY":0.7799210009062669,"rightPaddleY":0.389738405738693,"ballX":0.8884375639758029,"ballY":0.19902828629065655}
