{"leftPaddleY":0.6439602401281658,"rightPaddleY":0.24583123999438158,"ballX":0.0844811298600872,"ballY":0.076283248255524}
