{"leftPaddleY":0.03283836404831013,"rightPaddleY":0.46104948041919674,"ballX":0.1436881659626527,"ballY":0.9812941987669185}
