{"leftPaddleY":0.3661716587790261,"rightPaddleY":0.29377803786300327,"ballX":0.41219511436520184,"ballY":0.49214409130279574}
