{"leftPaddleY":0.41006050673066907,"rightPaddleY":0.09123858729425674,"ballX":0.9972708399371797,"ballY":0.285094988868231}
