{"leftPaddleY":0.8557326787974625,"rightPaddleY":0.9070780420781539,"ballX":0.9985125728864596,"ballY":0.6989516640486249}
