{"leftPaddleY":0.9185500334151794,"rightPaddleY":0.8724831628945875,"ballX":0.29805511749489855,"ballY":0.02520189253411438}
