{"leftPaddleY":0.9365804675643136,"rightPaddleY":0.5500985157701068,"ballX":0.81607957271107,"ballY":0.9386543577449229}
