{"leftPaddleY":0.05590864854051802,"rightPaddleY":0.7776336636635486,"ballX":0.19470950800394654,"ballY":0.07103837053609917}
