{"leftPaddleY":0.961363008666496,"rightPaddleY":0.5816878382121847,"ballX":0.3390104867371994,"ballY":0.06093086997106122}
