{"leftPaddleY":0.9976080574310633,"rightPaddleY":0.3483332213780019,"ballX":0.7957858441287693,"ballY":0.4294623410669875}
