{"leftPaddleY":0.6881236319766553,"rightPaddleY":0.5955774869960834,"ballX":0.26167858820261114,"ballY":0.32640861261978293}
