{"leftPaddleY":0.7662341611517528,"rightPaddleY":0.48952880652399355,"ballX":0.7543171627379,"ballY":0.27382813732834826}
