{"leftPaddleY":0.8367469947001575,"rightPaddleY":0.4470585106541487,"ballX":0.9215976175144189,"ballY":0.5923580672262191}
