{"leftPaddleY":0.9932184345506172,"rightPaddleY":0.509214632229094,"ballX":0.9875850872096855,"ballY":0.6262474804493817}
