{"leftPaddleY":0.36738686681059324,"rightPaddleY":0.3005718969531292,"ballX":0.3560979184206178,"ballY":0.6152451229193503}
