{"leftPaddleY":0.6997146835210319,"rightPaddleY":0.3189525261689665,"ballX":0.6264957829044684,"ballY":0.8666746043953588}
