{"leftPaddleY":0.8900399866957324,"rightPaddleY":0.2789901172307289,"ballX":0.32218063712086203,"ballY":0.386449570778918}
