{"leftPaddleY":0.06333720560386259,"rightPaddleY":0.8776324380756542,"ballX":0.774748275870558,"ballY":0.39109731886191906}
