{"leftPaddleY":0.673752802095649,"rightPaddleY":0.5057134092844238,"ballX":0.3254382710527572,"ballY":0.6190964042079633}
