{"leftPaddleY":0.3261264210452645,"rightPaddleY":0.5698205007781387,"ballX":0.6231669628332712,"ballY":0.30174190820908303}
