{"leftPaddleY":0.9535565540855012,"rightPaddleY":0.009382106860784582,"ballX":0.2097617827427326,"ballY":0.000472830176423931}
