{"leftPaddleY":0.4940495146779984,"rightPaddleY":0.016594873629441575,"ballX":0.19740353642420652,"ballY":0.4614989022316554}
