{"leftPaddleY":0.186866530100829,"rightPaddleY":0.3635469055491448,"ballX":0.4917171399566939,"ballY":0.028836136197546186}
