{"leftPaddleY":0.781722141215989,"rightPaddleY":0.9342571602867785,"ballX":0.5036961662696054,"ballY":0.019982335775262743}
