{"leftPaddleY":0.48758869609143496,"rightPaddleY":0.3903279535928,"ballX":0.006497949560476372,"ballY":0.30224334084786064}
