{"leftPaddleY":0.007443201779300193,"rightPaddleY":0.11755518066734473,"ballX":0.734200973331629,"ballY":0.7924201770167693}
