{"leftPaddleY":0.42591529400418,"rightPaddleY":0.9549476727553429,"ballX":0.9441371167291244,"ballY":0.7120317731884128}
