{"leftPaddleY":0.8425393848412329,"rightPaddleY":0.657495120116698,"ballX":0.3326627721755641,"ballY":0.6933798296372582}
