{"leftPaddleY":0.23590039144991848,"rightPaddleY":0.979649914120424,"ballX":0.5023255185585054,"ballY":0.10149972808954749}
