{"leftPaddleY":0.28497059558151006,"rightPaddleY":0.5619513418083456,"ballX":0.6768050571784998,"ballY":0.740555716734435}
