{"leftPaddleY":0.39383262893896404,"rightPaddleY":0.4251636433212073,"ballX":0.6930277948517131,"ballY":0.5719103941096745}
