{"leftPaddleY":0.4362173716158234,"rightPaddleY":0.46539821874195586,"ballX":0.8523716233691292,"ballY":0.4762634399221143}
