{"leftPaddleY":0.549252208419788,"rightPaddleY":0.09485251374136974,"ballX":0.3211235711380293,"ballY":0.21015766821245702}
