{"leftPaddleY":0.8645142424944184,"rightPaddleY":0.6922858375415053,"ballX":0.4634809591755398,"ballY":0.44265040185043925}
