{"leftPaddleY":0.605805525113972,"rightPaddleY":0.7917452909228627,"ballX":0.7004432083780873,"ballY":0.17565598831421683}
