{"leftPaddleY":0.5913722291398077,"rightPaddleY":0.3604126475366372,"ballX":0.21287831888184527,"ballY":0.24890584654817852}
