{"leftPaddleY":0.6479903092382624,"rightPaddleY":0.7228618546781179,"ballX":0.6951638666090948,"ballY":0.27104404399390775}
