{"leftPaddleY":0.626168205272291,"rightPaddleY":0.07257187571256221,"ballX":0.8166475913809187,"ballY":0.6828814163651842}
