{"leftPaddleY":0.14249577535503116,"rightPaddleY":0.3528907347150275,"ballX":0.9880102061406201,"ballY":0.37384561835461455}
