{"leftPaddleY":0.35793767810953475,"rightPaddleY":0.01614032942360458,"ballX":0.6561442517866156,"ballY":0.18925405834593786}
