{"leftPaddleY":0.3286686018603005,"rightPaddleY":0.23960286590392238,"ballX":0.8387152982707589,"ballY":0.9652022763557793}
