{"leftPaddleY":0.9956153778722481,"rightPaddleY":0.16227985374516338,"ballX":0.35886552303575436,"ballY":0.4905433219965789}
