{"leftPaddleY":0.40750557618271904,"rightPaddleY":0.5396610426859924,"ballX":0.043832898781300485,"ballY":0.5138988484296789}
