{"leftPaddleY":0.17353077325064636,"rightPaddleY":0.5524156002578354,"ballX":0.7665140113717065,"ballY":0.9806733487033401}
