{"leftPaddleY":0.7527883420804417,"rightPaddleY":0.06032609322485608,"ballX":0.5034734589720298,"ballY":0.1695486243483845}
