{"leftPaddleY":0.9871577117911239,"rightPaddleY":0.16097353261023756,"ballX":0.17243562453849648,"ballY":0.2796918474900053}
