{"leftPaddleY":0.47632516774596634,"rightPaddleY":0.8902253491176763,"ballX":0.2993551431525043,"ballY":0.8682165373639842}
