{"leftPaddleY":0.3346293556810014,"rightPaddleY":0.7867585121307783,"ballX":0.8614188796036203,"ballY":0.9990132798157646}
