{"leftPaddleY":0.5252238747912202,"rightPaddleY":0.3391660181772825,"ballX":0.4032519294682358,"ballY":0.2788961497818029}
