{"leftPaddleY":0.19271327289985804,"rightPaddleY":0.005078852487869199,"ballX":0.11201257700061741,"ballY":0.9699422795372242}
