{"leftPaddleY":0.862645684989123,"rightPaddleY":0.037308759152291274,"ballX":0.6239379261093161,"ballY":0.8827948274081432}
