{"leftPaddleY":0.32739221155493614,"rightPaddleY":0.5585782442909044,"ballX":0.4831523207593834,"ballY":0.7286534353407382}
