{"leftPaddleY":0.7410660742214328,"rightPaddleY":0.3355178789690061,"ballX":0.19083253991810742,"ballY":0.23389228888070052}
