{"leftPaddleY":0.15409193545474972,"rightPaddleY":0.9761184096800343,"ballX":0.16800640965073396,"ballY":0.9450275790559061}
