{"leftPaddleY":0.4340457989460611,"rightPaddleY":0.2772062388954165,"ballX":0.12555229020653239,"ballY":0.8397008196348724}
