{"leftPaddleY":0.11327784703024826,"rightPaddleY":0.5143026385037154,"ballX":0.4394324835401391,"ballY":0.5535477699854564}
