{"leftPaddleY":0.7099581579839072,"rightPaddleY":0.46105188627271954,"ballX":0.9581724942126022,"ballY":0.4896525512350657}
