{"leftPaddleY":0.71517913492717,"rightPaddleY":0.721424169976248,"ballX":0.18544054242736807,"ballY":0.7886871190043685}
