{"leftPaddleY":0.4813014202850391,"rightPaddleY":0.2360717381251546,"ballX":0.9826466125783457,"ballY":0.5954795794974361}
