{"leftPaddleY":0.635359573657685,"rightPaddleY":0.038703719751175536,"ballX":0.4280470006678983,"ballY":0.7511428026263391}
