{"leftPaddleY":0.9741174054214726,"rightPaddleY":0.19615761384496042,"ballX":0.25909126267860044,"ballY":0.372331369326147}
