{"leftPaddleY":0.6948959315311792,"rightPaddleY":0.40398811748060076,"ballX":0.7214377168020104,"ballY":0.44757270701596974}
