{"leftPaddleY":0.6370908708882261,"rightPaddleY":0.6479089587256835,"ballX":0.012064298076476807,"ballY":0.43603133752629536}
