{"leftPaddleY":0.4893550063602784,"rightPaddleY":0.14467893879720617,"ballX":0.7339057466192163,"ballY":0.822014045110942}
