{"leftPaddleY":0.629599740925358,"rightPaddleY":0.574350586821036,"ballX":0.021276756220688652,"ballY":0.5825785072880691}
