{"leftPaddleY":0.7943341189884763,"rightPaddleY":0.4217929046880925,"ballX":0.42799351579951916,"ballY":0.6645779338082887}
