{"leftPaddleY":0.6904151953512352,"rightPaddleY":0.5083348893567528,"ballX":0.5420696057698674,"ballY":0.01826851616676694}
