{"leftPaddleY":0.8472981234567032,"rightPaddleY":0.36916224515806384,"ballX":0.8087026865963115,"ballY":0.8337513293454446}
