{"leftPaddleY":0.8038275562524407,"rightPaddleY":0.1387029876518451,"ballX":0.44761083632056875,"ballY":0.5416127400412715}
