{"leftPaddleY":0.4660696181436235,"rightPaddleY":0.8207541102492278,"ballX":0.42627255557400723,"ballY":0.43750258188116486}
