{"leftPaddleY":0.14528422769492227,"rightPaddleY":0.5909042667145541,"ballX":0.8792561351459681,"ballY":0.7654242442711321}
