{"leftPaddleY":0.7822683735555783,"rightPaddleY":0.639732954254678,"ballX":0.37496916000928976,"ballY":0.2492632106810922}
