{"leftPaddleY":0.7470604049480628,"rightPaddleY":0.33517832541608295,"ballX":0.08788485918413061,"ballY":0.7429596962393831}
