{"leftPaddleY":0.6601945113371397,"rightPaddleY":0.46979326001184357,"ballX":0.5319828910083502,"ballY":0.42696746442509304}
