{"leftPaddleY":0.05207011616040038,"rightPaddleY":0.5720715032451542,"ballX":0.26315239496643966,"ballY":0.062315014756106596}
