{"leftPaddleY":0.1590133881497379,"rightPaddleY":0.9450571818171888,"ballX":0.9679449036238538,"ballY":0.7144889212966012}
