{"leftPaddleY":0.6864018176198853,"rightPaddleY":0.8282564783427315,"ballX":0.972851566302812,"ballY":0.2845703354771073}
