{"leftPaddleY":0.22274351756786007,"rightPaddleY":0.004186680948275613,"ballX":0.6095880502095197,"ballY":0.002431329763271705}
