{"leftPaddleY":0.24900507216846954,"rightPaddleY":0.6799101094440398,"ballX":0.250393043684792,"ballY":0.7737658914008385}
