{"leftPaddleY":0.7167755001506639,"rightPaddleY":0.525090702382281,"ballX":0.31709618741614837,"ballY":0.5434090159617658}
