{"leftPaddleY":0.4420279662274166,"rightPaddleY":0.7671819437550691,"ballX":0.5380422554855279,"ballY":0.5228958509649744}
