{"leftPaddleY":0.4933321278121965,"rightPaddleY":0.41970568120965784,"ballX":0.0999647302823833,"ballY":0.03350761209114536}
