{"leftPaddleY":0.16936980949739489,"rightPaddleY":0.9976268706031609,"ballX":0.21079153724204572,"ballY":0.735034459408674}
