{"leftPaddleY":0.3480823080881739,"rightPaddleY":0.5842450724570499,"ballX":0.21877413531296763,"ballY":0.6981094087132929}
