{"leftPaddleY":0.7802378090055198,"rightPaddleY":0.4606809609644579,"ballX":0.727020825376831,"ballY":0.5337340048269145}
