{"leftPaddleY":0.9759058530398291,"rightPaddleY":0.9549462022872914,"ballX":0.3011896445401061,"ballY":0.9096269515986738}
