{"leftPaddleY":0.3424064963724666,"rightPaddleY":0.7322827293738631,"ballX":0.0774530025638923,"ballY":0.09614678551610575}
