{"leftPaddleY":0.6074531964519249,"rightPaddleY":0.566069154175868,"ballX":0.6358797904790066,"ballY":0.8988599008577978}
