{"leftPaddleY":0.4551168157209778,"rightPaddleY":0.21873994462724003,"ballX":0.37998631353079587,"ballY":0.7507709326537999}
