{"leftPaddleY":0.46502694439679226,"rightPaddleY":0.6815501883333042,"ballX":0.9269301432345349,"ballY":0.1215594132171803}
