{"leftPaddleY":0.9858669344895866,"rightPaddleY":0.6140221925292592,"ballX":0.9101185326127332,"ballY":0.6623204304825763}
