{"leftPaddleY":0.29304845652138783,"rightPaddleY":0.7919779309778522,"ballX":0.8717248541999134,"ballY":0.3393885888549176}
