{"leftPaddleY":0.8656135648834564,"rightPaddleY":0.2647314744867543,"ballX":0.1220544965134316,"ballY":0.7808263224846369}
