{"leftPaddleY":0.3731137922718845,"rightPaddleY":0.5357048649830245,"ballX":0.826600609662179,"ballY":0.5379087773120613}
