{"leftPaddleY":0.007657918771228918,"rightPaddleY":0.8149996386200006,"ballX":0.2691611943063849,"ballY":0.41790801966075647}
