{"leftPaddleY":0.22716904538125193,"rightPaddleY":0.5189459870710139,"ballX":0.8071871564751302,"ballY":0.6233464066534459}
