{"leftPaddleY":0.6377824430595499,"rightPaddleY":0.5616282844423497,"ballX":0.5352077382316462,"ballY":0.9802465918858454}
