{"leftPaddleY":0.03252947818733273,"rightPaddleY":0.23422183570872523,"ballX":0.4599390987678026,"ballY":0.421349354681724}
