{"leftPaddleY":0.129977589098199,"rightPaddleY":0.33434193344701946,"ballX":0.20387012034698437,"ballY":0.26398484642246617}
