{"leftPaddleY":0.8178925586808512,"rightPaddleY":0.438595346339823,"ballX":0.10231686828205017,"ballY":0.41395122388038597}
