{"leftPaddleY":0.9864643228613537,"rightPaddleY":0.3848319249773956,"ballX":0.7735255536988109,"ballY":0.5027081003847624}
