{"leftPaddleY":0.7927473500832825,"rightPaddleY":0.6782117532999894,"ballX":0.7518494701050064,"ballY":0.006748949591442146}
