{"leftPaddleY":0.31382760297700396,"rightPaddleY":0.40301017221056673,"ballX":0.098073542962953,"ballY":0.6578972221157001}
