{"leftPaddleY":0.14807064861483135,"rightPaddleY":0.21496987746001273,"ballX":0.9334952566416804,"ballY":0.2989144801063584}
