{"leftPaddleY":0.8039404952054435,"rightPaddleY":0.564858427889887,"ballX":0.1807918444024874,"ballY":0.6931423220203875}
