{"leftPaddleY":0.1648633637758101,"rightPaddleY":0.024422263851928337,"ballX":0.340304842937755,"ballY":0.4594887980297829}
