{"leftPaddleY":0.28876808585509534,"rightPaddleY":0.8016975402747296,"ballX":0.1521019933574678,"ballY":0.42001146351090873}
