{"leftPaddleY":0.2615727512644048,"rightPaddleY":0.9797674990568979,"ballX":0.4118418324662933,"ballY":0.692192517757162}
