{"leftPaddleY":0.43839585911073536,"rightPaddleY":0.6386070400812602,"ballX":0.39604140580612596,"ballY":0.06534389768769296}
