{"leftPaddleY":0.33273650666113846,"rightPaddleY":0.4321916809951938,"ballX":0.7419581826336016,"ballY":0.4547081567446163}
