{"leftPaddleY":0.2756944054808189,"rightPaddleY":0.840086449238999,"ballX":0.32635087101702653,"ballY":0.13796123912034847}
