{"leftPaddleY":0.641160853816302,"rightPaddleY":0.39129623223651305,"ballX":0.5572807640015723,"ballY":0.6113137099062641}
