{"leftPaddleY":0.27285005547585384,"rightPaddleY":0.6073348946555323,"ballX":0.5505338663130958,"ballY":0.01275597783937169}
