{"leftPaddleY":0.728828413116701,"rightPaddleY":0.09923901598926393,"ballX":0.9090517961087444,"ballY":0.4748904670983015}
