{"leftPaddleY":0.3720231720960865,"rightPaddleY":0.7622569804168143,"ballX":0.6903694897624945,"ballY":0.4593165014324701}
