{"leftPaddleY":0.08176988137059685,"rightPaddleY":0.033789041707035554,"ballX":0.980345010897147,"ballY":0.043040068508173775}
