{"leftPaddleY":0.7018511362378214,"rightPaddleY":0.5875902886527044,"ballX":0.01137969353430516,"ballY":0.4958366815519479}
