{"leftPaddleY":0.02578625538925657,"rightPaddleY":0.7482272238490972,"ballX":0.08239226083035942,"ballY":0.4996131638306888}
