{"leftPaddleY":0.6337389748045575,"rightPaddleY":0.8007009208205236,"ballX":0.33656625894728,"ballY":0.8390691508029436}
