{"leftPaddleY":0.13898436840003867,"rightPaddleY":0.34925167420127246,"ballX":0.9333263430640294,"ballY":0.047367116222575806}
