{"leftPaddleY":0.771834843454296,"rightPaddleY":0.9709776902538774,"ballX":0.8948603537947925,"ballY":0.42477315315717673}
