{"leftPaddleY":0.7200470544029066,"rightPaddleY":0.49547906582261975,"ballX":0.5994665470495028,"ballY":0.8863702689356798}
