{"leftPaddleY":0.369576041039197,"rightPaddleY":0.10339702820926001,"ballX":0.7108715292277908,"ballY":0.05387806968398972}
