{"leftPaddleY":0.9287812312860594,"rightPaddleY":0.4163250981065164,"ballX":0.6509990225490839,"ballY":0.5492011784820447}
