{"leftPaddleY":0.642695342249447,"rightPaddleY":0.056849313255984434,"ballX":0.42101740072358285,"ballY":0.0044761057318284635}
