{"leftPaddleY":0.1589570355854267,"rightPaddleY":0.9787998217341142,"ballX":0.16238642189271757,"ballY":0.9591349714664258}
