{"leftPaddleY":0.4880117122326768,"rightPaddleY":0.04198071345838686,"ballX":0.20857884216899703,"ballY":0.9374811290682693}
