{"leftPaddleY":0.8788340203646773,"rightPaddleY":0.3810651411879924,"ballX":0.1017676689164496,"ballY":0.3637844122082982}
