{"leftPaddleY":0.4352753928342743,"rightPaddleY":0.004372925328662972,"ballX":0.4208818973343939,"ballY":0.08907836138647682}
