{"leftPaddleY":0.6205680187186842,"rightPaddleY":0.2025436424983202,"ballX":0.2062507941602584,"ballY":0.8234459507572787}
