{"leftPaddleY":0.5226305243391213,"rightPaddleY":0.20943932078452016,"ballX":0.22784777854272195,"ballY":0.5604401759577159}
