{"leftPaddleY":0.4222272312329412,"rightPaddleY":0.7749608215328553,"ballX":0.06477802022747108,"ballY":0.6103543541388017}
