{"leftPaddleY":0.2857300201674434,"rightPaddleY":0.3041582696856924,"ballX":0.8227369288254636,"ballY":0.5852875589706168}
