{"leftPaddleY":0.2263403934819615,"rightPaddleY":0.8024475633104162,"ballX":0.5548341213080946,"ballY":0.35063423026644386}
