{"leftPaddleY":0.6343749663810462,"rightPaddleY":0.8074841541671461,"ballX":0.7751724452368763,"ballY":0.7884537767505273}
