{"leftPaddleY":0.6998401533078661,"rightPaddleY":0.048639158085778296,"ballX":0.9677959944031206,"ballY":0.7806140082947516}
