{"leftPaddleY":0.21872143080129355,"rightPaddleY":0.2392660341240959,"ballX":0.2369995189401348,"ballY":0.7478832610249733}
