{"leftPaddleY":0.29210001688484777,"rightPaddleY":0.74149445769274,"ballX":0.7666764176180397,"ballY":0.5623390374178356}
