{"leftPaddleY":0.758963558147795,"rightPaddleY":0.22234649208004387,"ballX":0.48930675747925817,"ballY":0.7457872878747512}
