{"leftPaddleY":0.12385156317532786,"rightPaddleY":0.5634456028164692,"ballX":0.867439388376828,"ballY":0.6717448679147704}
