{"leftPaddleY":0.42495056645326496,"rightPaddleY":0.725510767246906,"ballX":0.3047850794175853,"ballY":0.8034433657762187}
