{"leftPaddleY":0.335465602081085,"rightPaddleY":0.6832023139333951,"ballX":0.7873825556971323,"ballY":0.9641541443463651}
