{"leftPaddleY":0.3214938706373231,"rightPaddleY":0.5860526183061728,"ballX":0.10620244142251209,"ballY":0.8029917943743334}
