{"leftPaddleY":0.027148514791365378,"rightPaddleY":0.16789404505761088,"ballX":0.01804795622183899,"ballY":0.6540844570740245}
