{"leftPaddleY":0.2531932021855241,"rightPaddleY":0.9651269292401689,"ballX":0.5765366905498304,"ballY":0.24143960547236062}
