{"leftPaddleY":0.9297972662349576,"rightPaddleY":0.8877962231867744,"ballX":0.23458203921126633,"ballY":0.3388771875128248}
