{"leftPaddleY":0.9890121475314078,"rightPaddleY":0.7095456443163511,"ballX":0.9522912727546745,"ballY":0.4334645993165188}
