{"leftPaddleY":0.4284343419474917,"rightPaddleY":0.21288403042572085,"ballX":0.6522420758102814,"ballY":0.8708742902944088}
