{"leftPaddleY":0.17461802312580413,"rightPaddleY":0.5207968154861087,"ballX":0.004896258496141735,"ballY":0.49910682198688755}
