{"leftPaddleY":0.0740291553662393,"rightPaddleY":0.46039602281422626,"ballX":0.7800508757833425,"ballY":0.6885590961096043}
