{"leftPaddleY":0.06644376094788383,"rightPaddleY":0.6643447617926158,"ballX":0.8713365542651359,"ballY":0.8249174800219128}
