{"leftPaddleY":0.7293848067145409,"rightPaddleY":0.7425622936035735,"ballX":0.10945348793487784,"ballY":0.7446756601178984}
