{"leftPaddleY":0.18965633569881166,"rightPaddleY":0.8604645382781176,"ballX":0.3956525001209769,"ballY":0.4489275208121211}
