{"leftPaddleY":0.8454184582070483,"rightPaddleY":0.20820045442913515,"ballX":0.3896525411692148,"ballY":0.25022056101860995}
