{"leftPaddleY":0.18820068986288913,"rightPaddleY":0.7612620925957456,"ballX":0.028207136071692798,"ballY":0.00864153741233346}
