{"leftPaddleY":0.7217096381460796,"rightPaddleY":0.2646544291404907,"ballX":0.15830248522195847,"ballY":0.34880597960423004}
