{"leftPaddleY":0.5671427571893803,"rightPaddleY":0.6848570723509624,"ballX":0.8243378525519434,"ballY":0.14660584060485823}
