{"leftPaddleY":0.8443165711798067,"rightPaddleY":0.648513379698749,"ballX":0.814858412081527,"ballY":0.7044409049593011}
