{"leftPaddleY":0.42574459498491746,"rightPaddleY":0.6608865395604537,"ballX":0.6459979062045685,"ballY":0.46229321776405796}
