{"leftPaddleY":0.9953042082316823,"rightPaddleY":0.1363641506449209,"ballX":0.7035730388836302,"ballY":0.6365119803537979}
