{"leftPaddleY":0.5227660591008285,"rightPaddleY":0.17681017591952303,"ballX":0.5755535985980841,"ballY":0.5643216861821025}
