{"leftPaddleY":0.4398002366133152,"rightPaddleY":0.600102607425339,"ballX":0.35254720434190956,"ballY":0.09345666442967648}
