{"leftPaddleY":0.8663598357308658,"rightPaddleY":0.34485457578001016,"ballX":0.33033190705577575,"ballY":0.4131500133468967}
