{"leftPaddleY":0.6320398979329026,"rightPaddleY":0.2674730011944229,"ballX":0.6304362677101374,"ballY":0.030642741078486992}
