{"leftPaddleY":0.5952076943472557,"rightPaddleY":0.7995261985314872,"ballX":0.08956673246654563,"ballY":0.5417463934870774}
