{"leftPaddleY":0.8668705988289228,"rightPaddleY":0.3534670275573044,"ballX":0.33113155902045355,"ballY":0.037984178503407934}
