{"leftPaddleY":0.04792458802193994,"rightPaddleY":0.7093405543586508,"ballX":0.013483326296411715,"ballY":0.38789363645030167}
