{"leftPaddleY":0.9615346072510729,"rightPaddleY":0.9327591792924269,"ballX":0.05202925952637842,"ballY":0.2969658541605601}
