{"leftPaddleY":0.7512977612149769,"rightPaddleY":0.12049086172238092,"ballX":0.5889043871124354,"ballY":0.25027773028765543}
