{"leftPaddleY":0.6593419499955769,"rightPaddleY":0.42804005338469864,"ballX":0.8105924072090885,"ballY":0.48294938657475445}
