{"leftPaddleY":0.7757594812555059,"rightPaddleY":0.3013439058344155,"ballX":0.7949167995930461,"ballY":0.7885799372072569}
