{"leftPaddleY":0.05171920581507458,"rightPaddleY":0.6119316629244808,"ballX":0.4557846427998628,"ballY":0.6962986498202192}
