{"leftPaddleY":0.8106829256941928,"rightPaddleY":0.3742548103610514,"ballX":0.6054201144444454,"ballY":0.6876026302284248}
