{"leftPaddleY":0.9866723380559201,"rightPaddleY":0.9485331563020107,"ballX":0.09659234129198853,"ballY":0.21198190377774234}
