{"leftPaddleY":0.26813863620602835,"rightPaddleY":0.15342636955545183,"ballX":0.8233354538569423,"ballY":0.9013371377226891}
