{"leftPaddleY":0.9703583358848678,"rightPaddleY":0.40293547802202834,"ballX":0.14771736304237643,"ballY":0.6943653441579768}
