{"leftPaddleY":0.3691381248075763,"rightPaddleY":0.11890483152055524,"ballX":0.9381343915337919,"ballY":0.6820316690522185}
