{"leftPaddleY":0.6984176432980287,"rightPaddleY":0.273248200731137,"ballX":0.9608264377257754,"ballY":0.5159743941007003}
