{"leftPaddleY":0.66946565967091,"rightPaddleY":0.6703715472753138,"ballX":0.5023265624525546,"ballY":0.34378956291999285}
