{"leftPaddleY":0.07225556840351612,"rightPaddleY":0.18419046024381944,"ballX":0.3533546437534437,"ballY":0.9119122481859975}
