{"leftPaddleY":0.518389029038225,"rightPaddleY":0.58124474541924,"ballX":0.9895911177007094,"ballY":0.8969156616680203}
