{"leftPaddleY":0.9713599112995392,"rightPaddleY":0.5938243567532122,"ballX":0.21344664862495633,"ballY":0.22441612746863215}
