{"leftPaddleY":0.18988314802893622,"rightPaddleY":0.15627008628751635,"ballX":0.6614162963853133,"ballY":0.37497398230658535}
