{"leftPaddleY":0.3683682597386835,"rightPaddleY":0.015830759906702324,"ballX":0.26771968123199924,"ballY":0.9815124811716359}
