{"leftPaddleY":0.8097207171118808,"rightPaddleY":0.34017376661460297,"ballX":0.40056374282719287,"ballY":0.783256030065819}
