{"leftPaddleY":0.7042306261227973,"rightPaddleY":0.5496732907095387,"ballX":0.02656756424720705,"ballY":0.5458930304543249}
