{"leftPaddleY":0.285614586559894,"rightPaddleY":0.7584851013966774,"ballX":0.9595468293803799,"ballY":0.04780625693836206}
