{"leftPaddleY":0.6335889026781119,"rightPaddleY":0.5800020071164911,"ballX":0.702266086682967,"ballY":0.6193522283771824}
