{"leftPaddleY":0.8025372137104595,"rightPaddleY":0.2717508296966456,"ballX":0.5104455188114922,"ballY":0.12072382750802345}
