{"leftPaddleY":0.5300520131416707,"rightPaddleY":0.7617964546682473,"ballX":0.4429884807674934,"ballY":0.040613471315778804}
