{"leftPaddleY":0.73342506327726,"rightPaddleY":0.8231319593385634,"ballX":0.8454585364288314,"ballY":0.28434601877987564}
