{"leftPaddleY":0.7075488038917987,"rightPaddleY":0.264570377697697,"ballX":0.5392027587824609,"ballY":0.7850552331312282}
