{"leftPaddleY":0.40917890024823106,"rightPaddleY":0.39975178801078914,"ballX":0.6961472283497779,"ballY":0.6127731452807768}
