{"leftPaddleY":0.5957411533518376,"rightPaddleY":0.17744516663460264,"ballX":0.257809852473284,"ballY":0.593167997081233}
