{"leftPaddleY":0.003603758870512841,"rightPaddleY":0.13520537826817497,"ballX":0.517749444929761,"ballY":0.20769679593801166}
