{"leftPaddleY":0.37140157697729337,"rightPaddleY":0.526897887439629,"ballX":0.603661724979345,"ballY":0.9426125299299505}
