{"leftPaddleY":0.35422524197115035,"rightPaddleY":0.6226189965395901,"ballX":0.7354399772021176,"ballY":0.16208813907069441}
