{"leftPaddleY":0.8393014008853993,"rightPaddleY":0.8102874077688207,"ballX":0.026084464462289722,"ballY":0.7216092000117413}
