{"leftPaddleY":0.7361493924255907,"rightPaddleY":0.39222990821833664,"ballX":0.571302064731971,"ballY":0.6467258782948283}
