{"leftPaddleY":0.10804000584068156,"rightPaddleY":0.48905413096559774,"ballX":0.5078646980353537,"ballY":0.413697540711238}
