{"leftPaddleY":0.5323026374091041,"rightPaddleY":0.5920193983209061,"ballX":0.01026336514565475,"ballY":0.9061091404688852}
