{"leftPaddleY":0.7364734401823323,"rightPaddleY":0.8454997608522554,"ballX":0.5821411320802605,"ballY":0.6964653463764223}
