{"leftPaddleY":0.11405197383808532,"rightPaddleY":0.19082109340881837,"ballX":0.9762198027887652,"ballY":0.18500472525809059}
