{"leftPaddleY":0.6839677237795561,"rightPaddleY":0.5772340738223442,"ballX":0.15317774072254742,"ballY":0.9701196684287882}
