{"leftPaddleY":0.12418622930640441,"rightPaddleY":0.9066230316821545,"ballX":0.2955468488660917,"ballY":0.21480425479845716}
