{"leftPaddleY":0.6701572747886408,"rightPaddleY":0.12237573331097105,"ballX":0.18617528809187756,"ballY":0.8894447096609684}
