{"leftPaddleY":0.48716089968579446,"rightPaddleY":0.2721472283672462,"ballX":0.14132382865284052,"ballY":0.1755692170185441}
