{"leftPaddleY":0.8122563568559084,"rightPaddleY":0.5011287938311062,"ballX":0.5813867611728072,"ballY":0.39394572836075575}
