{"leftPaddleY":0.4580501947550048,"rightPaddleY":0.5605453617535558,"ballX":0.23584448139181832,"ballY":0.7301657552960059}
