{"leftPaddleY":0.2694174350708824,"rightPaddleY":0.7175050740245573,"ballX":0.36125155927239627,"ballY":0.7903754187730154}
