{"leftPaddleY":0.3459707211482795,"rightPaddleY":0.0855216268820224,"ballX":0.4469980736027135,"ballY":0.41070450322257285}
