{"leftPaddleY":0.9672684372307858,"rightPaddleY":0.8467293367124844,"ballX":0.6613871113872779,"ballY":0.8583999347649603}
