{"leftPaddleY":0.019000290950989436,"rightPaddleY":0.7206970570536629,"ballX":0.32895610213101384,"ballY":0.13197919496397342}
