{"leftPaddleY":0.2562055251645164,"rightPaddleY":0.8951959523091177,"ballX":0.5441104348599309,"ballY":0.34179690572868665}
