{"leftPaddleY":0.36774569967048076,"rightPaddleY":0.13891132314488397,"ballX":0.5142128854155306,"ballY":0.6358495854024251}
