{"leftPaddleY":0.5407071403353552,"rightPaddleY":0.35209263814442615,"ballX":0.16816001152291654,"ballY":0.4480960632705436}
