{"leftPaddleY":0.19968718334824478,"rightPaddleY":0.008282268409610577,"ballX":0.9868563658582938,"ballY":0.7911384006647553}
