{"leftPaddleY":0.17461605772168864,"rightPaddleY":0.7470161986613646,"ballX":0.911679325499085,"ballY":0.7650737260337556}
