{"leftPaddleY":0.8333816334462595,"rightPaddleY":0.36861179278932715,"ballX":0.3208873797236069,"ballY":0.5066726731798987}
