{"leftPaddleY":0.8855340125293957,"rightPaddleY":0.6638328401804324,"ballX":0.7184926048931874,"ballY":0.3746770948205297}
