{"leftPaddleY":0.2646311562958682,"rightPaddleY":0.7318887383837033,"ballX":0.15864918568233388,"ballY":0.10532089477563691}
