{"leftPaddleY":0.9387284137423128,"rightPaddleY":0.1149678467283421,"ballX":0.7605077054146947,"ballY":0.041511668404848184}
