{"leftPaddleY":0.5381118366970171,"rightPaddleY":0.9526433577453682,"ballX":0.6484260384739254,"ballY":0.28120415222609146}
