{"leftPaddleY":0.7141484921832635,"rightPaddleY":0.4538585495749539,"ballX":0.08032853297931034,"ballY":0.9866142570465064}
