{"leftPaddleY":0.12573411131076787,"rightPaddleY":0.4439460959127923,"ballX":0.4662866939805504,"ballY":0.7258159233463688}
