{"leftPaddleY":0.959927710830296,"rightPaddleY":0.5379997868090275,"ballX":0.8106540292233938,"ballY":0.7762413209420048}
