{"leftPaddleY":0.9452471453065842,"rightPaddleY":0.9911139628604948,"ballX":0.9366903590852587,"ballY":0.1039980453335075}
