{"leftPaddleY":0.27801159326305364,"rightPaddleY":0.7636586636375116,"ballX":0.6222500752353208,"ballY":0.7437007157595447}
