{"leftPaddleY":0.03622576710882903,"rightPaddleY":0.5619341487802127,"ballX":0.7722551698597522,"ballY":0.9976414215624838}
