{"leftPaddleY":0.04739742560065053,"rightPaddleY":0.829555534122774,"ballX":0.06758974593488368,"ballY":0.12571010294560825}
