{"leftPaddleY":0.060099904049385554,"rightPaddleY":0.6655183946923311,"ballX":0.29748992766190674,"ballY":0.5457815972158994}
