{"leftPaddleY":0.758909017790846,"rightPaddleY":0.5455374010692274,"ballX":0.6420272119538581,"ballY":0.5566695428857492}
