{"leftPaddleY":0.7254470030106284,"rightPaddleY":0.5235883712587982,"ballX":0.3170705354309655,"ballY":0.6617618706982911}
