{"leftPaddleY":0.6501428455270937,"rightPaddleY":0.8132312495538422,"ballX":0.8093876693483024,"ballY":0.9878340707839334}
