{"leftPaddleY":0.598266041364967,"rightPaddleY":0.6621114417481331,"ballX":0.7768880056778856,"ballY":0.40037786847195034}
