{"leftPaddleY":0.4848262229009625,"rightPaddleY":0.979930267882694,"ballX":0.7131812899614034,"ballY":0.33400680112572667}
