{"leftPaddleY":0.8468586922616639,"rightPaddleY":0.756290160393854,"ballX":0.5267202360338942,"ballY":0.08775628564155691}
