{"leftPaddleY":0.7219242906117247,"rightPaddleY":0.7687304811606402,"ballX":0.42934145836320564,"ballY":0.6683664246826705}
