{"leftPaddleY":0.706713511372941,"rightPaddleY":0.39254322114896645,"ballX":0.41718609971758713,"ballY":0.4872125243994628}
