{"leftPaddleY":0.798893286529064,"rightPaddleY":0.8424695089405463,"ballX":0.9523270404180726,"ballY":0.5069947668328529}
