{"leftPaddleY":0.5881015527752965,"rightPaddleY":0.6084659750088091,"ballX":0.8493279252362382,"ballY":0.055548551195315675}
