{"leftPaddleY":0.6888317432985158,"rightPaddleY":0.6720306572770575,"ballX":0.893064736963474,"ballY":0.28699762123337547}
