{"leftPaddleY":0.2959120304148849,"rightPaddleY":0.4705128479032902,"ballX":0.6410426328850873,"ballY":0.0010797494196151751}
