{"leftPaddleY":0.6594516757128946,"rightPaddleY":0.4399175057020941,"ballX":0.3320349189658542,"ballY":0.8072909009532996}
