{"leftPaddleY":0.09017071896117383,"rightPaddleY":0.2064625167380078,"ballX":0.8976190328899718,"ballY":0.20751584652890787}
