{"leftPaddleY":0.48849686295291267,"rightPaddleY":0.9265197534897442,"ballX":0.0024620525959488837,"ballY":0.9648368776744665}
