{"leftPaddleY":0.26355522472935583,"rightPaddleY":0.6063922872447959,"ballX":0.3476473648069583,"ballY":0.10271717438929202}
