{"leftPaddleY":0.29215465541349533,"rightPaddleY":0.9949352947172678,"ballX":0.45090888955774744,"ballY":0.4084356954201067}
