{"leftPaddleY":0.8374313677595266,"rightPaddleY":0.6468185595314606,"ballX":0.8346164615441849,"ballY":0.9747135619071261}
