{"leftPaddleY":0.27765458017046085,"rightPaddleY":0.7885722178939769,"ballX":0.42191544270610093,"ballY":0.041638853243780326}
