{"leftPaddleY":0.010792340968314084,"rightPaddleY":0.01892011635700558,"ballX":0.6765424486346477,"ballY":0.7952438786273489}
