{"leftPaddleY":0.9535493106978733,"rightPaddleY":0.15612344468413583,"ballX":0.03844835187661306,"ballY":0.0732057563465368}
