{"leftPaddleY":0.003704529914716093,"rightPaddleY":0.349675302840511,"ballX":0.1140623615839584,"ballY":0.7232635913380449}
