{"leftPaddleY":0.3449611445071747,"rightPaddleY":0.0024084555584551726,"ballX":0.6054346722065372,"ballY":0.9061822220340708}
