{"leftPaddleY":0.18941347474530085,"rightPaddleY":0.7304351048066752,"ballX":0.8591830714022001,"ballY":0.04288052185154584}
