{"leftPaddleY":0.16390762954906538,"rightPaddleY":0.6865330128498233,"ballX":0.06762803029935002,"ballY":0.9694742448120928}
