{"leftPaddleY":0.6748264716928329,"rightPaddleY":0.3109312779380975,"ballX":0.2525536561364892,"ballY":0.8937777829783053}
