{"leftPaddleY":0.3034032455413112,"rightPaddleY":0.9705770499336616,"ballX":0.8190956488110076,"ballY":0.2775355448720596}
