{"leftPaddleY":0.440722392151552,"rightPaddleY":0.8773750766145244,"ballX":0.0165440507543434,"ballY":0.5507648684427814}
