{"leftPaddleY":0.6771449273350737,"rightPaddleY":0.13810398546951702,"ballX":0.33436652972772773,"ballY":0.3005743761086416}
