{"leftPaddleY":0.7842178473002075,"rightPaddleY":0.4398404789873434,"ballX":0.47618648673785435,"ballY":0.5247412753625157}
