{"leftPaddleY":0.3493131823323199,"rightPaddleY":0.9827121806981298,"ballX":0.7526789804116685,"ballY":0.22099290291984872}
