{"leftPaddleY":0.02426517649725067,"rightPaddleY":0.999537427671119,"ballX":0.5107080397996775,"ballY":0.24962095564135953}
