{"leftPaddleY":0.9193477955500857,"rightPaddleY":0.4038060786424639,"ballX":0.37603986094130504,"ballY":0.8388279812155963}
