{"leftPaddleY":0.5475341463012597,"rightPaddleY":0.848450975785545,"ballX":0.7853229930616955,"ballY":0.9450262699423075}
