{"leftPaddleY":0.8951755336258689,"rightPaddleY":0.9622071706513364,"ballX":0.46731709310924135,"ballY":0.5266809463948467}
