{"leftPaddleY":0.34259872002865727,"rightPaddleY":0.0515363655883043,"ballX":0.059091410021248784,"ballY":0.7078057568796311}
