{"leftPaddleY":0.0582798836702503,"rightPaddleY":0.10223145611720398,"ballX":0.48581670417416767,"ballY":0.7007830836145591}
