{"leftPaddleY":0.37957437051993326,"rightPaddleY":0.6051709851533087,"ballX":0.42186259830024064,"ballY":0.6622943903766568}
