{"leftPaddleY":0.37702252192685115,"rightPaddleY":0.3159236801822252,"ballX":0.9056321330719456,"ballY":0.42378045863615005}
